# Blender 5.0.1
# www.blender.org
mtllib Untitled.mtl
o LampJoined_Low
v 0.000000 0.099816 0.081391
v 0.000000 0.120574 0.090616
v 0.008362 0.099217 0.082739
v 0.008362 0.119975 0.091963
v 0.015715 0.097493 0.086618
v 0.015715 0.118251 0.095843
v 0.021173 0.094852 0.092562
v 0.021173 0.115610 0.101787
v 0.024077 0.091611 0.099854
v 0.024077 0.112369 0.109078
v 0.024077 0.088163 0.107613
v 0.024077 0.108921 0.116837
v 0.021173 0.084923 0.114904
v 0.021173 0.105681 0.124129
v 0.015715 0.082282 0.120848
v 0.015715 0.103040 0.130073
v 0.008362 0.080558 0.124728
v 0.008362 0.101316 0.133952
v 0.000000 0.079959 0.126075
v 0.000000 0.100717 0.135300
v -0.008362 0.080558 0.124728
v -0.008362 0.101316 0.133952
v -0.015715 0.082282 0.120848
v -0.015715 0.103040 0.130073
v -0.021173 0.084923 0.114904
v -0.021173 0.105681 0.124129
v -0.024077 0.088163 0.107613
v -0.024077 0.108921 0.116837
v -0.024077 0.091611 0.099854
v -0.024077 0.112369 0.109078
v -0.021173 0.094851 0.092562
v -0.021173 0.115609 0.101787
v -0.015715 0.097493 0.086618
v -0.015715 0.118251 0.095843
v -0.008362 0.099217 0.082739
v -0.008362 0.119975 0.091963
v 0.009833 0.126987 0.090057
v 0.000000 0.127691 0.088472
v 0.018480 0.124960 0.094619
v 0.024898 0.121854 0.101609
v 0.028313 0.118044 0.110183
v 0.028313 0.113989 0.119307
v 0.024898 0.110179 0.127881
v 0.018480 0.107073 0.134871
v 0.009833 0.105045 0.139433
v 0.000000 0.104341 0.141017
v -0.009833 0.105045 0.139433
v -0.018480 0.107073 0.134871
v -0.024898 0.110179 0.127881
v -0.028313 0.113989 0.119307
v -0.028313 0.118043 0.110183
v -0.024898 0.121854 0.101609
v -0.018480 0.124960 0.094619
v -0.009833 0.126987 0.090057
v 0.007831 0.136091 0.100193
v 0.000000 0.136652 0.098931
v 0.014718 0.134477 0.103826
v 0.019829 0.132003 0.109393
v 0.022549 0.128968 0.116221
v 0.022549 0.125739 0.123488
v 0.019829 0.122705 0.130316
v 0.014718 0.120231 0.135883
v 0.007831 0.118617 0.139516
v 0.000000 0.118056 0.140778
v -0.007831 0.118616 0.139516
v -0.014718 0.120231 0.135883
v -0.019829 0.122705 0.130316
v -0.022549 0.125739 0.123488
v -0.022549 0.128968 0.116221
v -0.019829 0.132003 0.109393
v -0.014718 0.134476 0.103826
v -0.007831 0.136091 0.100193
v -0.050990 0.300276 -0.117992
v -0.012871 0.268429 -0.122548
v -0.090198 0.328282 -0.093509
v -0.109392 0.349069 -0.060486
v -0.122631 0.360130 -0.019977
v -0.122631 0.360130 0.023131
v -0.109392 0.349069 0.063639
v -0.084512 0.328282 0.096662
v -0.050990 0.300276 0.118216
v -0.012871 0.268429 0.125702
v 0.025249 0.236581 0.118216
v 0.064043 0.205968 0.093972
v 0.084074 0.187788 0.063639
v 0.096890 0.176727 0.023131
v 0.096890 0.176727 -0.019977
v 0.083651 0.187788 -0.060486
v 0.058771 0.208575 -0.093509
v 0.025249 0.236581 -0.115063
v 0.036976 0.246024 0.125133
v -0.105650 0.365183 -0.064166
v -0.003404 0.279760 -0.129910
v 0.077758 0.213750 0.099611
v -0.119674 0.376899 -0.021256
v 0.099265 0.194337 0.067320
v -0.119674 0.376899 0.024409
v 0.112866 0.182620 0.024409
v -0.105650 0.365183 0.067320
v 0.112866 0.182620 -0.021256
v -0.079294 0.343163 0.102301
v 0.098842 0.194337 -0.064166
v -0.043784 0.313496 0.125133
v -0.043784 0.313496 -0.124909
v 0.072486 0.216356 -0.099148
v -0.003404 0.279760 0.133063
v -0.084980 0.343163 -0.099148
v 0.036977 0.246023 -0.121980
v 0.029955 0.242270 0.118132
v -0.104589 0.354677 -0.060441
v -0.008137 0.274094 -0.122459
v 0.068724 0.211677 0.093904
v -0.117819 0.365729 -0.019962
v 0.088737 0.193512 0.063594
v -0.117819 0.365729 0.023115
v 0.101544 0.182459 0.023115
v -0.104589 0.354677 0.063594
v 0.101544 0.182459 -0.019962
v -0.079727 0.333905 0.096593
v 0.088315 0.193512 -0.060441
v -0.046229 0.305919 0.118132
v -0.046229 0.305919 -0.117908
v 0.063452 0.214284 -0.093440
v -0.008137 0.274094 0.125612
v -0.085413 0.333905 -0.093440
v 0.029955 0.242270 -0.114979
v -0.052346 0.301104 -0.121682
v -0.013020 0.268249 -0.126475
v -0.092614 0.329997 -0.096517
v -0.112596 0.351441 -0.062449
v -0.126254 0.362852 -0.020659
v -0.126254 0.362852 0.023813
v -0.112596 0.351441 0.065603
v -0.086928 0.329997 0.099670
v -0.052346 0.301104 0.121906
v -0.013020 0.268249 0.129629
v 0.026305 0.235394 0.121906
v 0.066159 0.203895 0.096980
v 0.086978 0.185057 0.065603
v 0.100213 0.173647 0.023813
v 0.100213 0.173647 -0.020659
v 0.086555 0.185057 -0.062449
v 0.060888 0.206502 -0.096517
v 0.026305 0.235394 -0.118753
v 0.034135 0.238778 0.130921
v -0.115173 0.363519 -0.067246
v -0.008137 0.274094 -0.136069
v 0.076580 0.205114 0.104330
v -0.129854 0.375784 -0.022325
v 0.099321 0.184670 0.070399
v -0.129854 0.375784 0.025478
v 0.113579 0.172404 0.025479
v -0.115173 0.363519 0.070399
v 0.113579 0.172404 -0.022325
v -0.087582 0.340468 0.107019
v 0.098899 0.184669 -0.067246
v -0.050409 0.309411 0.130921
v -0.050409 0.309411 -0.130697
v 0.071308 0.207721 -0.103866
v -0.008137 0.274094 0.139222
v -0.003254 0.279939 0.137223
v -0.093268 0.340468 -0.103866
v -0.087231 0.345348 -0.102334
v 0.034135 0.238778 -0.127768
v 0.038404 0.245135 -0.125889
v 0.075037 0.214530 -0.102334
v -0.044912 0.314743 -0.128818
v -0.044912 0.314743 0.129042
v 0.102227 0.191813 -0.066246
v -0.003254 0.279939 -0.134070
v -0.081545 0.345348 0.105488
v 0.116695 0.179726 -0.021978
v -0.108735 0.368065 0.069400
v 0.116695 0.179726 0.025131
v -0.123202 0.380152 0.025131
v 0.102649 0.191813 0.069400
v -0.123202 0.380152 -0.021978
v 0.080309 0.211923 0.102798
v -0.108735 0.368065 -0.066246
v 0.038404 0.245136 0.129042
v 0.050527 0.300276 -0.124515
v 0.007480 0.264518 -0.136289
v 0.084048 0.328283 -0.101506
v 0.108929 0.349070 -0.066253
v 0.122168 0.360131 -0.023009
v 0.122168 0.360131 0.023010
v 0.108929 0.349070 0.066253
v 0.084048 0.328283 0.101506
v 0.050527 0.300276 0.124515
v 0.006733 0.264518 0.138856
v -0.025712 0.236581 0.128727
v -0.059234 0.208574 0.101506
v -0.084115 0.187787 0.066253
v -0.097354 0.176727 0.023010
v -0.097354 0.176727 -0.023009
v -0.084115 0.187787 -0.066253
v -0.059234 0.208574 -0.101506
v -0.025712 0.236581 -0.124515
v -0.037440 0.246023 0.136112
v 0.105186 0.365184 -0.070182
v -0.001986 0.275849 -0.144147
v -0.072950 0.216356 0.107526
v 0.119210 0.376900 -0.024374
v -0.099306 0.194336 0.070182
v 0.119210 0.376900 0.024374
v -0.113330 0.182619 0.024374
v 0.105186 0.365184 0.070182
v -0.113330 0.182619 -0.024374
v 0.078830 0.343164 0.107526
v -0.099306 0.194336 -0.070182
v 0.043320 0.313496 0.131900
v 0.043320 0.313496 -0.131900
v -0.072950 0.216356 -0.107526
v -0.002734 0.275849 0.146714
v 0.078830 0.343164 -0.107526
v -0.037440 0.246023 -0.131900
v -0.030418 0.242269 0.128638
v 0.104126 0.354677 -0.066205
v 0.002747 0.270184 -0.136194
v -0.063916 0.214283 0.101433
v 0.117355 0.365730 -0.022993
v -0.088779 0.193511 0.066206
v 0.117355 0.365730 0.022993
v -0.102008 0.182458 0.022993
v 0.104126 0.354677 0.066206
v -0.102008 0.182458 -0.022993
v 0.079263 0.333905 0.101433
v -0.088779 0.193511 -0.066205
v 0.045766 0.305919 0.124426
v 0.045766 0.305919 -0.124426
v -0.063916 0.214283 -0.101433
v 0.001999 0.270184 0.138761
v 0.079263 0.333905 -0.101433
v -0.030418 0.242269 -0.124426
v 0.051882 0.301105 -0.128455
v 0.007630 0.264339 -0.140481
v 0.086465 0.329997 -0.104717
v 0.112132 0.351442 -0.068349
v 0.125790 0.362853 -0.023737
v 0.125790 0.362853 0.023737
v 0.112132 0.351442 0.068349
v 0.086465 0.329997 0.104717
v 0.051882 0.301105 0.128455
v 0.006883 0.264339 0.143048
v -0.026769 0.235394 0.132667
v -0.061351 0.206502 0.104717
v -0.087019 0.185057 0.068349
v -0.100676 0.173646 0.023738
v -0.100676 0.173646 -0.023737
v -0.087019 0.185057 -0.068349
v -0.061351 0.206501 -0.104717
v -0.026769 0.235394 -0.128455
v -0.034598 0.238777 0.142291
v 0.114709 0.363520 -0.073470
v 0.002747 0.270184 -0.150723
v -0.071771 0.207720 0.112563
v 0.129390 0.375785 -0.025516
v -0.099362 0.184669 0.073470
v 0.129390 0.375785 0.025516
v -0.114043 0.172403 0.025516
v 0.114709 0.363520 0.073470
v -0.114043 0.172403 -0.025516
v 0.087119 0.340468 0.112563
v -0.099362 0.184669 -0.073470
v 0.049945 0.309411 0.138078
v 0.049945 0.309411 -0.138078
v -0.071771 0.207720 -0.112563
v 0.001999 0.270184 0.153290
v -0.002884 0.276029 0.151155
v 0.087119 0.340468 -0.112563
v 0.081081 0.345349 -0.110928
v -0.034598 0.238777 -0.138078
v -0.038867 0.245135 -0.136073
v -0.075500 0.214529 -0.110927
v 0.044448 0.314743 -0.136073
v 0.044448 0.314743 0.136073
v -0.102690 0.191813 -0.072403
v -0.002136 0.276029 -0.148588
v 0.081081 0.345349 0.110928
v -0.117158 0.179725 -0.025145
v 0.108271 0.368065 0.072403
v -0.117158 0.179725 0.025145
v 0.122739 0.380153 0.025145
v -0.102690 0.191813 0.072403
v 0.122739 0.380153 -0.025145
v -0.075500 0.214529 0.110928
v 0.108271 0.368065 -0.072403
v -0.038867 0.245135 0.140285
v -0.070225 0.569391 -0.009167
v -0.070225 0.569391 0.009167
v -0.070225 0.553513 0.018334
v -0.070225 0.537635 0.009167
v -0.070225 0.537635 -0.009167
v -0.070225 0.553513 -0.018334
v -0.077833 0.569107 -0.009167
v -0.077833 0.569107 0.009167
v -0.077006 0.553250 0.018334
v -0.076179 0.537394 0.009167
v -0.076179 0.537394 -0.009167
v -0.077006 0.553250 -0.018334
v -0.094861 0.567308 -0.009167
v -0.094861 0.567308 0.009167
v -0.092120 0.551669 0.018334
v -0.089379 0.536029 0.009167
v -0.089379 0.536029 -0.009167
v -0.092120 0.551669 -0.018334
v -0.114246 0.561788 -0.009167
v -0.114246 0.561788 0.009167
v -0.108153 0.547126 0.018334
v -0.102059 0.532464 0.009167
v -0.102059 0.532464 -0.009167
v -0.108153 0.547126 -0.018334
v -0.133894 0.549952 -0.009167
v -0.133894 0.549952 0.009167
v -0.123723 0.537759 0.018334
v -0.113552 0.525567 0.009167
v -0.113552 0.525567 -0.009167
v -0.123723 0.537759 -0.018334
v -0.150963 0.530042 -0.009167
v -0.150963 0.530042 0.009167
v -0.137450 0.521705 0.018334
v -0.123938 0.513368 0.009167
v -0.123938 0.513368 -0.009167
v -0.137450 0.521706 -0.018334
v -0.157762 0.516899 -0.009167
v -0.157762 0.516899 0.009167
v -0.143192 0.510589 0.018334
v -0.128622 0.504279 0.009167
v -0.128622 0.504279 -0.009167
v -0.143192 0.510589 -0.018334
v -0.167612 0.485346 -0.009167
v -0.167612 0.485346 0.009167
v -0.152141 0.481773 0.018334
v -0.136670 0.478201 0.009167
v -0.136670 0.478201 -0.009167
v -0.152141 0.481773 -0.018334
v -0.174439 0.447863 -0.009167
v -0.174439 0.447863 0.009167
v -0.158735 0.445518 0.018334
v -0.143031 0.443174 0.009167
v -0.143031 0.443174 -0.009167
v -0.158735 0.445518 -0.018334
v -0.180061 0.405534 -0.009167
v -0.180061 0.405534 0.009167
v -0.164306 0.403567 0.018334
v -0.148550 0.401601 0.009167
v -0.148550 0.401601 -0.009167
v -0.164306 0.403567 -0.018334
v -0.185916 0.359822 -0.009167
v -0.185916 0.359822 0.009167
v -0.170186 0.357662 0.018334
v -0.154455 0.355503 0.009167
v -0.154455 0.355503 -0.009167
v -0.170186 0.357662 -0.018334
v -0.197716 0.287875 -0.009167
v -0.197716 0.287875 0.009167
v -0.182070 0.285172 0.018334
v -0.166424 0.282469 0.009167
v -0.166424 0.282469 -0.009167
v -0.182070 0.285172 -0.018334
v -0.204124 0.237376 -0.009167
v -0.204124 0.237376 0.009167
v -0.188269 0.236529 0.018334
v -0.172414 0.235681 0.009167
v -0.172414 0.235681 -0.009167
v -0.188269 0.236529 -0.018334
v -0.204101 0.211498 -0.009167
v -0.204101 0.211498 0.009167
v -0.188257 0.212530 0.018334
v -0.172412 0.213561 0.009167
v -0.172412 0.213561 -0.009167
v -0.188257 0.212530 -0.018334
v -0.200425 0.185407 -0.009167
v -0.200425 0.185407 0.009167
v -0.184942 0.188925 0.018334
v -0.169459 0.192443 0.009167
v -0.169459 0.192443 -0.009167
v -0.184942 0.188925 -0.018334
v -0.191946 0.159477 -0.009167
v -0.191946 0.159477 0.009167
v -0.177404 0.165851 0.018334
v -0.162862 0.172224 0.009167
v -0.162862 0.172224 -0.009167
v -0.177404 0.165851 -0.018334
v -0.177692 0.134282 -0.009167
v -0.177692 0.134282 0.009167
v -0.164722 0.143441 0.018334
v -0.151752 0.152600 0.009167
v -0.151752 0.152600 -0.009167
v -0.164722 0.143441 -0.018334
v -0.156968 0.110373 -0.009167
v -0.156968 0.110373 0.009167
v -0.145975 0.121830 0.018334
v -0.134982 0.133287 0.009167
v -0.134982 0.133287 -0.009167
v -0.145975 0.121830 -0.018334
v -0.129207 0.088049 -0.009167
v -0.129207 0.088049 0.009167
v -0.120243 0.101154 0.018334
v -0.111279 0.114260 0.009167
v -0.111279 0.114260 -0.009167
v -0.120243 0.101154 -0.018334
v -0.107398 0.075603 -0.009167
v -0.107398 0.075603 0.009167
v -0.104469 0.091209 0.018334
v -0.101541 0.106814 0.009167
v -0.101541 0.106814 -0.009167
v -0.104469 0.091209 -0.018334
v 0.068320 0.569392 -0.009167
v 0.068320 0.569392 0.009167
v 0.068320 0.553514 0.018334
v 0.068320 0.537636 0.009167
v 0.068320 0.537636 -0.009167
v 0.068320 0.553514 -0.018334
v 0.075928 0.569107 -0.009167
v 0.075928 0.569107 0.009167
v 0.075101 0.553251 0.018334
v 0.074274 0.537394 0.009167
v 0.074274 0.537394 -0.009167
v 0.075101 0.553251 -0.018334
v 0.092956 0.567309 -0.009167
v 0.092956 0.567309 0.009167
v 0.090215 0.551669 0.018334
v 0.087474 0.536030 0.009167
v 0.087474 0.536030 -0.009167
v 0.090215 0.551669 -0.018334
v 0.112341 0.561789 -0.009167
v 0.112341 0.561789 0.009167
v 0.106248 0.547127 0.018334
v 0.100154 0.532465 0.009167
v 0.100154 0.532465 -0.009167
v 0.106248 0.547127 -0.018334
v 0.131989 0.549953 -0.009167
v 0.131989 0.549953 0.009167
v 0.121818 0.537760 0.018334
v 0.111647 0.525568 0.009167
v 0.111647 0.525568 -0.009167
v 0.121818 0.537760 -0.018334
v 0.149058 0.530043 -0.009167
v 0.149058 0.530043 0.009167
v 0.135545 0.521706 0.018334
v 0.122033 0.513369 0.009167
v 0.122033 0.513369 -0.009167
v 0.135545 0.521706 -0.018334
v 0.161308 0.501912 -0.009167
v 0.161308 0.501912 0.009167
v 0.146139 0.497221 0.018334
v 0.130970 0.492530 0.009167
v 0.130970 0.492530 -0.009167
v 0.146139 0.497221 -0.018334
v 0.169369 0.467291 -0.009167
v 0.169369 0.467291 0.009167
v 0.153744 0.464468 0.018334
v 0.138119 0.461645 0.009167
v 0.138119 0.461645 -0.009167
v 0.153744 0.464468 -0.018334
v 0.175402 0.427220 -0.009167
v 0.175402 0.427220 0.009167
v 0.159660 0.425147 0.018334
v 0.143918 0.423074 0.009167
v 0.143918 0.423074 -0.009167
v 0.159660 0.425147 -0.018334
v 0.180970 0.383002 -0.009167
v 0.180970 0.383002 0.009167
v 0.165219 0.381001 0.018334
v 0.149468 0.379000 0.009167
v 0.149468 0.379000 -0.009167
v 0.165219 0.381001 -0.018334
v 0.187443 0.336209 -0.009167
v 0.187443 0.336209 0.009167
v 0.171753 0.333773 0.018334
v 0.156063 0.331337 0.009167
v 0.156063 0.331337 -0.009167
v 0.171753 0.333773 -0.018334
v 0.195811 0.287876 -0.009167
v 0.195811 0.287876 0.009167
v 0.180165 0.285173 0.018334
v 0.164519 0.282470 0.009167
v 0.164519 0.282470 -0.009167
v 0.180165 0.285173 -0.018334
v 0.202219 0.237378 -0.009167
v 0.202219 0.237378 0.009167
v 0.186364 0.236530 0.018334
v 0.170509 0.235682 0.009167
v 0.170509 0.235682 -0.009167
v 0.186364 0.236530 -0.018334
v 0.202196 0.211500 -0.009167
v 0.202196 0.211500 0.009167
v 0.186352 0.212531 0.018334
v 0.170507 0.213562 0.009167
v 0.170507 0.213562 -0.009167
v 0.186352 0.212531 -0.018334
v 0.198520 0.185409 -0.009167
v 0.198520 0.185409 0.009167
v 0.183037 0.188926 0.018334
v 0.167554 0.192444 0.009167
v 0.167554 0.192444 -0.009167
v 0.183037 0.188926 -0.018334
v 0.190041 0.159478 -0.009167
v 0.190041 0.159478 0.009167
v 0.175499 0.165852 0.018334
v 0.160957 0.172226 0.009167
v 0.160957 0.172225 -0.009167
v 0.175499 0.165852 -0.018334
v 0.175787 0.134283 -0.009167
v 0.175787 0.134283 0.009167
v 0.162817 0.143442 0.018334
v 0.149847 0.152601 0.009167
v 0.149847 0.152601 -0.009167
v 0.162817 0.143442 -0.018334
v 0.155063 0.110374 -0.009167
v 0.155063 0.110374 0.009167
v 0.144070 0.121831 0.018334
v 0.133077 0.133288 0.009167
v 0.133077 0.133288 -0.009167
v 0.144070 0.121831 -0.018334
v 0.127302 0.088049 -0.009167
v 0.127302 0.088049 0.009167
v 0.118338 0.101155 0.018334
v 0.109374 0.114261 0.009167
v 0.109374 0.114261 -0.009167
v 0.118338 0.101155 -0.018334
v 0.105493 0.075604 -0.009167
v 0.105493 0.075604 0.009167
v 0.102564 0.091209 0.018334
v 0.099636 0.106815 0.009167
v 0.099636 0.106815 -0.009167
v 0.102564 0.091209 -0.018334
v -0.010984 0.650551 0.013229
v -0.010984 0.653503 0.013229
v -0.010984 0.650551 -0.013229
v -0.010984 0.653503 -0.013229
v 0.010984 0.650551 0.013229
v 0.010984 0.653503 0.013229
v 0.010984 0.650551 -0.013229
v 0.010984 0.653503 -0.013229
v -0.000000 0.654347 -0.013229
v -0.000000 0.657299 -0.013229
v -0.000000 0.654347 0.013229
v -0.000000 0.657299 0.013229
v -0.005674 0.650551 -0.013229
v -0.005674 0.653503 0.013229
v -0.005674 0.653503 -0.013229
v -0.005674 0.650551 0.013229
v 0.005674 0.653503 -0.013229
v 0.005674 0.650551 0.013229
v 0.005674 0.650551 -0.013229
v 0.005674 0.653503 0.013229
v 0.002837 0.652991 -0.013229
v 0.002837 0.655944 0.013229
v 0.002837 0.655944 -0.013229
v 0.002837 0.652991 0.013229
v -0.002837 0.655944 -0.013229
v -0.002837 0.652991 0.013229
v -0.002837 0.652991 -0.013229
v -0.002837 0.655944 0.013229
v -0.011285 0.693204 0.038053
v -0.011227 0.693026 0.036670
v -0.012347 0.692564 0.035979
v -0.013525 0.692280 0.036670
v -0.013583 0.692458 0.038053
v -0.012463 0.692920 0.038744
v -0.014291 0.702465 0.035385
v -0.014123 0.701949 0.034099
v -0.015189 0.701317 0.033457
v -0.016422 0.701203 0.034099
v -0.016589 0.701719 0.035385
v -0.015524 0.702350 0.036027
v -0.016921 0.710568 0.030400
v -0.016658 0.709757 0.029296
v -0.017676 0.708978 0.028744
v -0.018956 0.709011 0.029296
v -0.019220 0.709822 0.030400
v -0.018202 0.710601 0.030952
v -0.019063 0.717164 0.023465
v -0.018722 0.716114 0.022612
v -0.019701 0.715216 0.022185
v -0.021020 0.715368 0.022612
v -0.021361 0.716418 0.023465
v -0.020382 0.717316 0.023892
v -0.020602 0.721905 0.014946
v -0.020205 0.720683 0.014403
v -0.021156 0.719699 0.014131
v -0.022503 0.719937 0.014403
v -0.022900 0.721159 0.014946
v -0.021949 0.722144 0.015217
v -0.021426 0.724443 0.005209
v -0.020999 0.723128 0.005022
v -0.021934 0.722098 0.004928
v -0.023297 0.722382 0.005022
v -0.023724 0.723697 0.005209
v -0.022788 0.724728 0.005302
v -0.021426 0.724443 -0.005209
v -0.020999 0.723128 -0.005022
v -0.021934 0.722098 -0.004928
v -0.023297 0.722382 -0.005022
v -0.023724 0.723697 -0.005209
v -0.022788 0.724728 -0.005302
v -0.020602 0.721905 -0.014946
v -0.020205 0.720683 -0.014403
v -0.021156 0.719699 -0.014131
v -0.022503 0.719937 -0.014403
v -0.022900 0.721159 -0.014946
v -0.021949 0.722144 -0.015217
v -0.019063 0.717164 -0.023465
v -0.018722 0.716114 -0.022612
v -0.019701 0.715216 -0.022185
v -0.021020 0.715368 -0.022612
v -0.021361 0.716418 -0.023465
v -0.020382 0.717316 -0.023892
v -0.016921 0.710568 -0.030400
v -0.016658 0.709757 -0.029296
v -0.017676 0.708978 -0.028744
v -0.018956 0.709011 -0.029296
v -0.019220 0.709822 -0.030400
v -0.018202 0.710601 -0.030952
v -0.014291 0.702465 -0.035385
v -0.014123 0.701949 -0.034100
v -0.015189 0.701317 -0.033457
v -0.016422 0.701203 -0.034100
v -0.016589 0.701719 -0.035385
v -0.015524 0.702350 -0.036027
v -0.011285 0.693204 -0.038053
v -0.011227 0.693026 -0.036671
v -0.012347 0.692564 -0.035979
v -0.013525 0.692280 -0.036671
v -0.013583 0.692458 -0.038053
v -0.012463 0.692920 -0.038744
v -0.008068 0.683295 -0.038053
v -0.008126 0.683473 -0.036671
v -0.009304 0.683189 -0.035979
v -0.010424 0.682727 -0.036671
v -0.010367 0.682549 -0.038053
v -0.009189 0.682833 -0.038744
v -0.005062 0.674034 -0.035385
v -0.005230 0.674550 -0.034100
v -0.006463 0.674436 -0.033457
v -0.007528 0.673804 -0.034100
v -0.007360 0.673288 -0.035385
v -0.006127 0.673403 -0.036027
v -0.002432 0.665931 -0.030400
v -0.002695 0.666742 -0.029296
v -0.003976 0.666775 -0.028744
v -0.004993 0.665996 -0.029296
v -0.004730 0.665185 -0.030400
v -0.003449 0.665152 -0.030952
v -0.000290 0.659335 -0.023465
v -0.000631 0.660385 -0.022612
v -0.001951 0.660537 -0.022185
v -0.002930 0.659639 -0.022612
v -0.002589 0.658589 -0.023465
v -0.001269 0.658437 -0.023892
v 0.001249 0.654594 -0.014946
v 0.000852 0.655816 -0.014403
v -0.000496 0.656054 -0.014131
v -0.001446 0.655070 -0.014403
v -0.001050 0.653848 -0.014946
v 0.000298 0.653610 -0.015217
v 0.002073 0.652056 -0.005209
v 0.001646 0.653371 -0.005022
v 0.000283 0.653655 -0.004928
v -0.000653 0.652625 -0.005022
v -0.000226 0.651310 -0.005209
v 0.001137 0.651025 -0.005302
v 0.002181 0.651722 -0.000000
v 0.001750 0.653049 -0.000000
v 0.000385 0.653340 -0.000000
v -0.000548 0.652303 -0.000000
v -0.000118 0.650976 -0.000000
v 0.001247 0.650686 -0.000000
v 0.002073 0.652056 0.005209
v 0.001646 0.653371 0.005022
v 0.000283 0.653655 0.004928
v -0.000653 0.652625 0.005022
v -0.000226 0.651310 0.005209
v 0.001137 0.651025 0.005302
v 0.001249 0.654594 0.014946
v 0.000852 0.655816 0.014403
v -0.000496 0.656054 0.014131
v -0.001446 0.655070 0.014403
v -0.001050 0.653848 0.014946
v 0.000298 0.653610 0.015217
v -0.000290 0.659335 0.023465
v -0.000631 0.660385 0.022612
v -0.001951 0.660537 0.022185
v -0.002930 0.659639 0.022612
v -0.002589 0.658589 0.023465
v -0.001269 0.658437 0.023892
v -0.002432 0.665931 0.030400
v -0.002695 0.666742 0.029296
v -0.003976 0.666775 0.028744
v -0.004993 0.665996 0.029296
v -0.004730 0.665185 0.030400
v -0.003449 0.665152 0.030952
v -0.005062 0.674034 0.035385
v -0.005230 0.674550 0.034099
v -0.006463 0.674436 0.033457
v -0.007528 0.673804 0.034099
v -0.007360 0.673288 0.035385
v -0.006127 0.673403 0.036027
v -0.008068 0.683295 0.038053
v -0.008126 0.683473 0.036670
v -0.009304 0.683189 0.035979
v -0.010424 0.682727 0.036670
v -0.010367 0.682549 0.038053
v -0.009189 0.682833 0.038744
v -0.018085 0.897256 0.003464
v -0.016529 0.893571 0.003464
v -0.015751 0.891729 -0.000000
v -0.016529 0.893571 -0.003464
v -0.018085 0.897256 -0.003464
v -0.018864 0.899098 -0.000000
v -0.029083 0.892428 0.003464
v -0.027422 0.888789 0.003464
v -0.026592 0.886969 -0.000000
v -0.027422 0.888789 -0.003464
v -0.029083 0.892428 -0.003464
v -0.029913 0.894247 -0.000000
v -0.045903 0.884266 0.003464
v -0.044068 0.880712 0.003464
v -0.043151 0.878935 -0.000000
v -0.044068 0.880712 -0.003464
v -0.045903 0.884266 -0.003464
v -0.046821 0.886044 -0.000000
v -0.073639 0.868214 0.003464
v -0.071453 0.864864 0.003464
v -0.070360 0.863189 -0.000000
v -0.071453 0.864864 -0.003464
v -0.073639 0.868214 -0.003464
v -0.074732 0.869889 -0.000000
v -0.103743 0.844885 0.003464
v -0.101004 0.841970 0.003464
v -0.099634 0.840513 -0.000000
v -0.101004 0.841970 -0.003464
v -0.103743 0.844885 -0.003464
v -0.105113 0.846343 -0.000000
v -0.116468 0.831535 0.003464
v -0.113419 0.828946 0.003464
v -0.111894 0.827652 -0.000000
v -0.113419 0.828946 -0.003464
v -0.116468 0.831535 -0.003464
v -0.117993 0.832829 -0.000000
v -0.127384 0.817000 0.003464
v -0.124044 0.814798 0.003464
v -0.122374 0.813698 -0.000000
v -0.124044 0.814798 -0.003464
v -0.127384 0.817000 -0.003464
v -0.129053 0.818101 -0.000000
v -0.139009 0.795663 0.003464
v -0.135348 0.794051 0.003464
v -0.133518 0.793245 -0.000000
v -0.135348 0.794051 -0.003464
v -0.139009 0.795663 -0.003464
v -0.140839 0.796469 -0.000000
v -0.147153 0.771958 0.003464
v -0.143277 0.770969 0.003464
v -0.141339 0.770475 -0.000000
v -0.143277 0.770969 -0.003464
v -0.147153 0.771958 -0.003464
v -0.149091 0.772452 -0.000000
v -0.151682 0.745744 0.003464
v -0.147702 0.745350 0.003464
v -0.145711 0.745152 -0.000000
v -0.147702 0.745350 -0.003464
v -0.151682 0.745744 -0.003464
v -0.153672 0.745941 -0.000000
v -0.153040 0.717161 0.003464
v -0.149040 0.717104 0.003464
v -0.147040 0.717075 -0.000000
v -0.149040 0.717104 -0.003464
v -0.153040 0.717161 -0.003464
v -0.155039 0.717190 -0.000000
v -0.153235 0.686813 0.003464
v -0.149235 0.686763 0.003464
v -0.147235 0.686737 -0.000000
v -0.149235 0.686763 -0.003464
v -0.153235 0.686813 -0.003464
v -0.155235 0.686838 -0.000000
v -0.154513 0.655333 0.003464
v -0.150526 0.655010 0.003464
v -0.148533 0.654848 -0.000000
v -0.150526 0.655010 -0.003464
v -0.154513 0.655333 -0.003464
v -0.156506 0.655495 -0.000000
v -0.156251 0.639372 0.003464
v -0.152290 0.638814 0.003464
v -0.150310 0.638535 -0.000000
v -0.152290 0.638814 -0.003464
v -0.156251 0.639372 -0.003464
v -0.158232 0.639651 -0.000000
v -0.159089 0.623370 0.003464
v -0.155181 0.622518 0.003464
v -0.153227 0.622091 -0.000000
v -0.155181 0.622518 -0.003464
v -0.159089 0.623370 -0.003464
v -0.161043 0.623797 -0.000000
v -0.163295 0.607392 0.003464
v -0.159471 0.606220 0.003464
v -0.157559 0.605634 -0.000000
v -0.159471 0.606220 -0.003464
v -0.163295 0.607392 -0.003464
v -0.165207 0.607979 -0.000000
v -0.168741 0.591399 0.003464
v -0.164980 0.590037 0.003464
v -0.163100 0.589356 -0.000000
v -0.164980 0.590037 -0.003464
v -0.168741 0.591399 -0.003464
v -0.170622 0.592080 -0.000000
v -0.174702 0.575350 0.003464
v -0.170949 0.573967 0.003464
v -0.169072 0.573276 -0.000000
v -0.170949 0.573967 -0.003464
v -0.174702 0.575350 -0.003464
v -0.176579 0.576041 -0.000000
v -0.180392 0.559219 0.003464
v -0.176587 0.557984 0.003464
v -0.174685 0.557366 -0.000000
v -0.176587 0.557984 -0.003464
v -0.180392 0.559219 -0.003464
v -0.182294 0.559837 -0.000000
v -0.185015 0.542973 0.003464
v -0.181118 0.542069 0.003464
v -0.179170 0.541617 -0.000000
v -0.181118 0.542069 -0.003464
v -0.185015 0.542973 -0.003464
v -0.186963 0.543425 -0.000000
v -0.187761 0.526573 0.003464
v -0.183778 0.526211 0.003464
v -0.181786 0.526030 -0.000000
v -0.183778 0.526211 -0.003464
v -0.187761 0.526573 -0.003464
v -0.189753 0.526754 -0.000000
v -0.187802 0.509996 0.003464
v -0.183821 0.510382 0.003464
v -0.181830 0.510575 -0.000000
v -0.183821 0.510382 -0.003464
v -0.187802 0.509996 -0.003464
v -0.189793 0.509802 -0.000000
v -0.184306 0.493258 0.003464
v -0.180507 0.494512 0.003464
v -0.178608 0.495139 -0.000000
v -0.180507 0.494512 -0.003464
v -0.184306 0.493258 -0.003464
v -0.186205 0.492631 -0.000000
v -0.176477 0.476419 0.003464
v -0.173057 0.478493 0.003464
v -0.171347 0.479530 -0.000000
v -0.173057 0.478493 -0.003464
v -0.176477 0.476419 -0.003464
v -0.178187 0.475382 -0.000000
v -0.169967 0.467377 0.003464
v -0.168259 0.470994 0.003464
v -0.167405 0.472803 -0.000000
v -0.168259 0.470994 -0.003464
v -0.169967 0.467377 -0.003464
v -0.170821 0.465569 -0.000000
v -0.007129 0.900395 0.003464
v -0.006965 0.896399 0.003464
v -0.006883 0.894400 -0.000000
v -0.006965 0.896399 -0.003464
v -0.007129 0.900395 -0.003464
v -0.007211 0.902394 -0.000000
v 0.003260 0.897309 0.003464
v 0.001739 0.893609 0.003464
v 0.000979 0.891759 -0.000000
v 0.001739 0.893609 -0.003464
v 0.003260 0.897309 -0.003464
v 0.004021 0.899159 -0.000000
v 0.014304 0.892587 0.003464
v 0.012678 0.888933 0.003464
v 0.011865 0.887105 -0.000000
v 0.012678 0.888933 -0.003464
v 0.014304 0.892587 -0.003464
v 0.015117 0.894415 -0.000000
v 0.036854 0.881679 0.003464
v 0.034990 0.878140 0.003464
v 0.034058 0.876370 -0.000000
v 0.034990 0.878140 -0.003464
v 0.036854 0.881679 -0.003464
v 0.037786 0.883448 -0.000000
v 0.069745 0.861627 0.003464
v 0.067423 0.858370 0.003464
v 0.066262 0.856741 -0.000000
v 0.067423 0.858370 -0.003464
v 0.069745 0.861627 -0.003464
v 0.070905 0.863256 -0.000000
v 0.098186 0.837082 0.003464
v 0.095265 0.834349 0.003464
v 0.093805 0.832983 -0.000000
v 0.095265 0.834349 -0.003464
v 0.098186 0.837082 -0.003464
v 0.099646 0.838449 -0.000000
v 0.113329 0.818115 0.003464
v 0.110011 0.815881 0.003464
v 0.108352 0.814764 -0.000000
v 0.110011 0.815881 -0.003464
v 0.113329 0.818115 -0.003464
v 0.114988 0.819232 -0.000000
v 0.119669 0.807795 0.003464
v 0.116175 0.805846 0.003464
v 0.114429 0.804871 -0.000000
v 0.116175 0.805846 -0.003464
v 0.119669 0.807795 -0.003464
v 0.121415 0.808769 -0.000000
v 0.129788 0.785388 0.003464
v 0.126018 0.784051 0.003464
v 0.124133 0.783382 -0.000000
v 0.126018 0.784051 -0.003464
v 0.129788 0.785388 -0.003464
v 0.131673 0.786057 -0.000000
v 0.136381 0.760507 0.003464
v 0.132446 0.759787 0.003464
v 0.130479 0.759427 -0.000000
v 0.132446 0.759787 -0.003464
v 0.136381 0.760507 -0.003464
v 0.138348 0.760868 -0.000000
v 0.138316 0.747097 0.003464
v 0.134340 0.746664 0.003464
v 0.132351 0.746448 -0.000000
v 0.134340 0.746664 -0.003464
v 0.138316 0.747097 -0.003464
v 0.140304 0.747314 -0.000000
v 0.139950 0.718529 0.003464
v 0.135951 0.718433 0.003464
v 0.133952 0.718385 -0.000000
v 0.135951 0.718433 -0.003464
v 0.139950 0.718529 -0.003464
v 0.141949 0.718577 -0.000000
v 0.140197 0.703538 0.003464
v 0.136197 0.703483 0.003464
v 0.134197 0.703455 -0.000000
v 0.136197 0.703483 -0.003464
v 0.140197 0.703538 -0.003464
v 0.142197 0.703566 -0.000000
v 0.140439 0.688184 0.003464
v 0.136440 0.688095 0.003464
v 0.134440 0.688051 -0.000000
v 0.136440 0.688095 -0.003464
v 0.140439 0.688184 -0.003464
v 0.142438 0.688228 -0.000000
v 0.140955 0.672549 0.003464
v 0.136959 0.672357 0.003464
v 0.134962 0.672261 -0.000000
v 0.136959 0.672357 -0.003464
v 0.140955 0.672549 -0.003464
v 0.142953 0.672645 -0.000000
v 0.143914 0.640775 0.003464
v 0.139959 0.640178 0.003464
v 0.137981 0.639880 -0.000000
v 0.139959 0.640178 -0.003464
v 0.143914 0.640775 -0.003464
v 0.145892 0.641073 -0.000000
v 0.146906 0.624801 0.003464
v 0.143007 0.623911 0.003464
v 0.141057 0.623466 -0.000000
v 0.143007 0.623911 -0.003464
v 0.146906 0.624801 -0.003464
v 0.148856 0.625246 -0.000000
v 0.156868 0.592925 0.003464
v 0.153120 0.591527 0.003464
v 0.151246 0.590828 -0.000000
v 0.153120 0.591527 -0.003464
v 0.156868 0.592925 -0.003464
v 0.158742 0.593624 -0.000000
v 0.168829 0.560859 0.003464
v 0.165036 0.559587 0.003464
v 0.163140 0.558951 -0.000000
v 0.165036 0.559587 -0.003464
v 0.168829 0.560859 -0.003464
v 0.170725 0.561495 -0.000000
v 0.173609 0.544659 0.003464
v 0.169721 0.543717 0.003464
v 0.167777 0.543246 -0.000000
v 0.169721 0.543717 -0.003464
v 0.173609 0.544659 -0.003464
v 0.175552 0.545130 -0.000000
v 0.176514 0.528286 0.003464
v 0.172534 0.527885 0.003464
v 0.170544 0.527685 -0.000000
v 0.172534 0.527885 -0.003464
v 0.176514 0.528286 -0.003464
v 0.178504 0.528486 -0.000000
v 0.176715 0.511710 0.003464
v 0.172730 0.512057 0.003464
v 0.170738 0.512231 -0.000000
v 0.172730 0.512057 -0.003464
v 0.176715 0.511710 -0.003464
v 0.178708 0.511536 -0.000000
v 0.173380 0.494939 0.003464
v 0.169570 0.496156 0.003464
v 0.167665 0.496765 -0.000000
v 0.169570 0.496156 -0.003464
v 0.173380 0.494939 -0.003464
v 0.175286 0.494331 -0.000000
v 0.165715 0.478025 0.003464
v 0.162275 0.480066 0.003464
v 0.160555 0.481086 -0.000000
v 0.162275 0.480066 -0.003464
v 0.165715 0.478025 -0.003464
v 0.167435 0.477004 -0.000000
v 0.159293 0.468921 0.003464
v 0.157550 0.472521 0.003464
v 0.156679 0.474321 -0.000000
v 0.157550 0.472521 -0.003464
v 0.159293 0.468921 -0.003464
v 0.160164 0.467121 -0.000000
v 0.032930 0.158929 -0.089099
v 0.000000 0.158929 -0.094818
v 0.061888 0.158929 -0.072635
v 0.083381 0.158929 -0.047409
v 0.094818 0.158929 -0.016465
v 0.094818 0.158929 0.016465
v 0.083381 0.158929 0.047409
v 0.061888 0.158929 0.072635
v 0.032930 0.158929 0.089100
v 0.000000 0.158929 0.094818
v -0.032930 0.158929 0.089100
v -0.061888 0.158929 0.072635
v -0.083381 0.158929 0.047409
v -0.094818 0.158929 0.016465
v -0.094818 0.158929 -0.016465
v -0.083381 0.158929 -0.047409
v -0.061888 0.158929 -0.072635
v -0.032930 0.158929 -0.089099
v -0.034883 0.168718 0.094384
v 0.088326 0.168718 -0.050220
v 0.000000 0.168718 -0.100441
v -0.065558 0.168717 0.076942
v 0.100441 0.168718 -0.017441
v -0.088326 0.168717 0.050220
v 0.100441 0.168718 0.017441
v -0.100441 0.168717 0.017441
v 0.088326 0.168718 0.050220
v -0.100441 0.168717 -0.017441
v 0.065558 0.168718 0.076942
v -0.088326 0.168717 -0.050220
v 0.034883 0.168718 0.094384
v 0.034883 0.168718 -0.094384
v -0.065558 0.168717 -0.076942
v 0.000000 0.168718 0.100441
v 0.065558 0.168718 -0.076942
v -0.034883 0.168718 -0.094383
v -0.035397 0.163823 0.095775
v 0.089628 0.163824 -0.050961
v 0.000000 0.163823 -0.101921
v -0.066524 0.163823 0.078076
v 0.101921 0.163824 -0.017698
v -0.089628 0.163823 0.050961
v 0.101921 0.163824 0.017699
v -0.101921 0.163823 0.017699
v 0.089628 0.163824 0.050961
v -0.101921 0.163823 -0.017698
v 0.066524 0.163824 0.078076
v -0.089628 0.163823 -0.050961
v 0.035397 0.163823 0.095775
v 0.035397 0.163823 -0.095775
v -0.066524 0.163823 -0.078076
v 0.000000 0.163823 0.101921
v 0.066524 0.163824 -0.078076
v -0.035397 0.163823 -0.095775
v 0.033972 0.158774 -0.091918
v 0.000000 0.158774 -0.097818
v 0.063846 0.158774 -0.074933
v 0.086019 0.158775 -0.048909
v 0.097817 0.158775 -0.016986
v 0.097817 0.158775 0.016986
v 0.086019 0.158775 0.048909
v 0.063846 0.158774 0.074933
v 0.033972 0.158774 0.091918
v 0.000000 0.158774 0.097818
v -0.033972 0.158774 0.091918
v -0.063846 0.158774 0.074933
v -0.086019 0.158774 0.048909
v -0.097817 0.158774 0.016986
v -0.097817 0.158774 -0.016986
v -0.086019 0.158774 -0.048909
v -0.063846 0.158774 -0.074933
v -0.033972 0.158774 -0.091918
v -0.036517 0.163823 0.098805
v 0.092464 0.163824 -0.052573
v 0.000000 0.163823 -0.105146
v -0.068629 0.163823 0.080547
v 0.105146 0.163824 -0.018258
v -0.092464 0.163823 0.052573
v 0.105146 0.163824 0.018258
v -0.105146 0.163823 0.018258
v 0.092464 0.163824 0.052573
v -0.105146 0.163823 -0.018258
v 0.068629 0.163824 0.080547
v -0.092464 0.163823 -0.052573
v 0.036517 0.163823 0.098805
v 0.036517 0.163823 -0.098805
v -0.068629 0.163823 -0.080546
v 0.000000 0.163823 0.105146
v 0.000000 0.168872 0.103619
v 0.068629 0.163824 -0.080546
v 0.067632 0.168873 -0.079376
v -0.036517 0.163823 -0.098805
v -0.035986 0.168872 -0.097370
v -0.067632 0.168872 -0.079376
v 0.035986 0.168873 -0.097370
v 0.035986 0.168873 0.097370
v -0.091121 0.168872 -0.051809
v 0.000000 0.168872 -0.103619
v 0.067632 0.168873 0.079376
v -0.103618 0.168872 -0.017993
v 0.091121 0.168873 0.051809
v -0.103618 0.168872 0.017993
v 0.103619 0.168873 0.017993
v -0.091121 0.168872 0.051809
v 0.103619 0.168873 -0.017993
v -0.067632 0.168872 0.079376
v 0.091121 0.168873 -0.051809
v -0.035986 0.168872 0.097370
v 0.000000 0.000301 -0.178137
v 0.000000 0.024441 -0.171727
v 0.061866 0.000301 -0.167394
v 0.059640 0.024442 -0.161370
v 0.116271 0.000302 -0.136461
v 0.112087 0.024442 -0.131550
v 0.156651 0.000302 -0.089068
v 0.151014 0.024442 -0.085863
v 0.178137 0.000302 -0.030933
v 0.171727 0.024442 -0.029820
v 0.178137 0.000302 0.030933
v 0.171727 0.024442 0.029820
v 0.156651 0.000302 0.089068
v 0.151014 0.024442 0.085863
v 0.116271 0.000302 0.136461
v 0.112087 0.024442 0.131550
v 0.061866 0.000301 0.167394
v 0.059640 0.024442 0.161370
v 0.000000 0.000301 0.178137
v 0.000000 0.024441 0.171727
v -0.061866 0.000301 0.167394
v -0.059640 0.024441 0.161370
v -0.116270 0.000301 0.136461
v -0.112087 0.024441 0.131550
v -0.156651 0.000301 0.089069
v -0.151014 0.024441 0.085863
v -0.178137 0.000301 0.030933
v -0.171727 0.024441 0.029820
v -0.178137 0.000301 -0.030933
v -0.171727 0.024441 -0.029820
v -0.156651 0.000301 -0.089068
v -0.151014 0.024441 -0.085863
v -0.116271 0.000301 -0.136461
v -0.112087 0.024441 -0.131550
v -0.061866 0.000301 -0.167394
v -0.059640 0.024441 -0.161370
v 0.054002 0.039231 -0.146115
v 0.000000 0.039231 -0.155492
v 0.101490 0.039231 -0.119114
v 0.136738 0.039231 -0.077746
v 0.155492 0.039231 -0.027001
v 0.155492 0.039231 0.027001
v 0.136738 0.039231 0.077746
v 0.101490 0.039231 0.119114
v 0.054002 0.039231 0.146115
v 0.000000 0.039231 0.155492
v -0.054002 0.039230 0.146115
v -0.101490 0.039230 0.119114
v -0.136737 0.039230 0.077746
v -0.155492 0.039230 0.027001
v -0.155492 0.039230 -0.027001
v -0.136738 0.039230 -0.077746
v -0.101490 0.039230 -0.119114
v -0.054002 0.039230 -0.146115
v 0.047978 0.041053 -0.129815
v 0.000000 0.041053 -0.138146
v 0.090169 0.041053 -0.105826
v 0.121484 0.041053 -0.069073
v 0.138146 0.041053 -0.023989
v 0.138146 0.041053 0.023989
v 0.121484 0.041053 0.069073
v 0.090169 0.041053 0.105826
v 0.047978 0.041053 0.129815
v 0.000000 0.041053 0.138147
v -0.047978 0.041053 0.129815
v -0.090169 0.041052 0.105826
v -0.121484 0.041052 0.069073
v -0.138146 0.041052 0.023989
v -0.138146 0.041052 -0.023989
v -0.121484 0.041052 -0.069073
v -0.090169 0.041052 -0.105826
v -0.047978 0.041052 -0.129815
v 0.045161 0.078454 -0.122195
v 0.000000 0.078454 -0.130037
v 0.084876 0.078455 -0.099614
v 0.114353 0.078455 -0.065018
v 0.130037 0.078455 -0.022581
v 0.130037 0.078455 0.022581
v 0.114353 0.078455 0.065019
v 0.084876 0.078455 0.099614
v 0.045161 0.078454 0.122195
v 0.000000 0.078454 0.130037
v -0.045161 0.078454 0.122195
v -0.084876 0.078454 0.099614
v -0.114353 0.078454 0.065019
v -0.130037 0.078454 0.022581
v -0.130037 0.078454 -0.022581
v -0.114353 0.078454 -0.065018
v -0.084876 0.078454 -0.099614
v -0.045161 0.078454 -0.122195
v 0.040424 0.101603 -0.109378
v 0.000000 0.101603 -0.116397
v 0.075973 0.101603 -0.089165
v 0.102358 0.101603 -0.058199
v 0.116397 0.101603 -0.020212
v 0.116397 0.101603 0.020212
v 0.102358 0.101603 0.058199
v 0.075973 0.101603 0.089166
v 0.040424 0.101603 0.109378
v 0.000000 0.101603 0.116397
v -0.040424 0.101603 0.109378
v -0.075973 0.101602 0.089166
v -0.102358 0.101602 0.058199
v -0.116397 0.101602 0.020212
v -0.116397 0.101602 -0.020212
v -0.102358 0.101602 -0.058199
v -0.075973 0.101602 -0.089165
v -0.040424 0.101603 -0.109378
v 0.031334 0.115749 -0.084782
v 0.000000 0.115749 -0.090223
v 0.058889 0.115749 -0.069115
v 0.079341 0.115749 -0.045112
v 0.090223 0.115749 -0.015667
v 0.090223 0.115749 0.015667
v 0.079341 0.115749 0.045112
v 0.058889 0.115749 0.069115
v 0.031334 0.115749 0.084782
v 0.000000 0.115749 0.090223
v -0.031334 0.115749 0.084782
v -0.058889 0.115749 0.069115
v -0.079341 0.115749 0.045112
v -0.090223 0.115749 0.015667
v -0.090223 0.115749 -0.015667
v -0.079341 0.115749 -0.045112
v -0.058889 0.115749 -0.069115
v -0.031334 0.115749 -0.084782
v 0.013724 0.115749 -0.037134
v 0.000000 0.115749 -0.039517
v 0.025793 0.115749 -0.030272
v 0.034751 0.115749 -0.019758
v 0.039517 0.115749 -0.006862
v 0.039517 0.115749 0.006862
v 0.034751 0.115749 0.019759
v 0.025793 0.115749 0.030272
v 0.013724 0.115749 0.037134
v 0.000000 0.115749 0.039517
v -0.013724 0.115749 0.037134
v -0.025793 0.115749 0.030272
v -0.034751 0.115749 0.019759
v -0.039517 0.115749 0.006862
v -0.039517 0.115749 -0.006862
v -0.034751 0.115749 -0.019758
v -0.025793 0.115749 -0.030272
v -0.013724 0.115749 -0.037134
v 0.015534 0.131191 -0.042031
v 0.000000 0.131191 -0.044729
v 0.029195 0.131191 -0.034264
v 0.039334 0.131191 -0.022364
v 0.044729 0.131191 -0.007767
v 0.044729 0.131191 0.007767
v 0.039334 0.131191 0.022365
v 0.029195 0.131191 0.034264
v 0.015534 0.131191 0.042032
v 0.000000 0.131191 0.044729
v -0.015534 0.131191 0.042032
v -0.029195 0.131191 0.034264
v -0.039334 0.131191 0.022365
v -0.044729 0.131191 0.007767
v -0.044729 0.131191 -0.007767
v -0.039334 0.131191 -0.022364
v -0.029195 0.131191 -0.034264
v -0.015534 0.131191 -0.042031
v 0.013222 0.145426 -0.035774
v 0.000000 0.145426 -0.038070
v 0.024848 0.145426 -0.029163
v 0.033478 0.145426 -0.019035
v 0.038070 0.145426 -0.006611
v 0.038070 0.145426 0.006611
v 0.033478 0.145426 0.019035
v 0.024848 0.145426 0.029163
v 0.013222 0.145426 0.035774
v 0.000000 0.145426 0.038070
v -0.013222 0.145426 0.035774
v -0.024848 0.145426 0.029163
v -0.033478 0.145426 0.019035
v -0.038070 0.145426 0.006611
v -0.038070 0.145426 -0.006611
v -0.033478 0.145426 -0.019035
v -0.024848 0.145426 -0.029163
v -0.013222 0.145426 -0.035774
v 0.031687 0.158929 -0.085738
v 0.000000 0.158929 -0.091240
v 0.059553 0.158929 -0.069894
v 0.080235 0.158929 -0.045620
v 0.091240 0.158929 -0.015844
v 0.091240 0.158929 0.015844
v 0.080235 0.158929 0.045620
v 0.059553 0.158929 0.069894
v 0.031687 0.158929 0.085738
v 0.000000 0.158929 0.091240
v -0.031687 0.158929 0.085738
v -0.059553 0.158929 0.069894
v -0.080235 0.158929 0.045620
v -0.091240 0.158929 0.015844
v -0.091240 0.158929 -0.015844
v -0.080235 0.158929 -0.045620
v -0.059553 0.158929 -0.069894
v -0.031687 0.158929 -0.085738
v 0.036254 0.198153 -0.098095
v 0.000000 0.198153 -0.104391
v 0.068136 0.198153 -0.079968
v 0.091799 0.198153 -0.052195
v 0.104391 0.198153 -0.018127
v 0.104390 0.198153 0.018127
v 0.091799 0.198153 0.052195
v 0.068136 0.198153 0.079968
v 0.036254 0.198153 0.098095
v 0.000000 0.198153 0.104391
v -0.036254 0.198153 0.098095
v -0.068136 0.198153 0.079968
v -0.091799 0.198152 0.052195
v -0.104390 0.198152 0.018127
v -0.104390 0.198152 -0.018127
v -0.091799 0.198152 -0.052195
v -0.068136 0.198153 -0.079968
v -0.036254 0.198153 -0.098095
v 0.043636 0.267598 -0.118067
v 0.000000 0.267598 -0.125644
v 0.082008 0.267598 -0.096249
v 0.110489 0.267598 -0.062822
v 0.125644 0.267598 -0.021818
v 0.125644 0.267598 0.021818
v 0.110489 0.267598 0.062822
v 0.082008 0.267598 0.096249
v 0.043636 0.267598 0.118067
v 0.000000 0.267598 0.125644
v -0.043636 0.267598 0.118067
v -0.082008 0.267598 0.096249
v -0.110489 0.267598 0.062822
v -0.125644 0.267598 0.021818
v -0.125644 0.267598 -0.021818
v -0.110489 0.267598 -0.062822
v -0.082008 0.267598 -0.096249
v -0.043636 0.267598 -0.118067
v 0.043636 0.329970 -0.118067
v -0.000000 0.329970 -0.125644
v 0.082008 0.329970 -0.096249
v 0.110489 0.329970 -0.062822
v 0.125644 0.329970 -0.021818
v 0.125644 0.329970 0.021818
v 0.110489 0.329970 0.062822
v 0.082008 0.329970 0.096249
v 0.043636 0.329970 0.118067
v 0.000000 0.329970 0.125644
v -0.043636 0.329970 0.118067
v -0.082008 0.329970 0.096249
v -0.110489 0.329970 0.062822
v -0.125644 0.329970 0.021818
v -0.125644 0.329970 -0.021818
v -0.110489 0.329970 -0.062822
v -0.082008 0.329970 -0.096249
v -0.043636 0.329970 -0.118067
v 0.038575 0.385912 -0.104373
v -0.000000 0.385912 -0.111071
v 0.072496 0.385912 -0.085085
v 0.097674 0.385912 -0.055536
v 0.111071 0.385912 -0.019287
v 0.111071 0.385912 0.019287
v 0.097674 0.385912 0.055536
v 0.072496 0.385912 0.085085
v 0.038575 0.385912 0.104373
v 0.000000 0.385912 0.111071
v -0.038575 0.385912 0.104373
v -0.072496 0.385912 0.085085
v -0.097674 0.385912 0.055536
v -0.111071 0.385912 0.019287
v -0.111071 0.385912 -0.019287
v -0.097674 0.385912 -0.055535
v -0.072496 0.385912 -0.085085
v -0.038575 0.385912 -0.104373
v 0.039942 0.389127 -0.108072
v -0.000000 0.389127 -0.115008
v 0.075066 0.389127 -0.088101
v 0.101136 0.389127 -0.057504
v 0.115008 0.389127 -0.019971
v 0.115008 0.389127 0.019971
v 0.101136 0.389127 0.057504
v 0.075066 0.389127 0.088101
v 0.039942 0.389127 0.108072
v 0.000000 0.389127 0.115008
v -0.039942 0.389127 0.108072
v -0.075066 0.389127 0.088101
v -0.101136 0.389127 0.057504
v -0.115008 0.389127 0.019971
v -0.115008 0.389126 -0.019971
v -0.101136 0.389127 -0.057504
v -0.075066 0.389127 -0.088101
v -0.039942 0.389127 -0.108072
v 0.038750 0.396843 -0.104847
v -0.000000 0.396843 -0.111576
v 0.072826 0.396843 -0.085472
v 0.098118 0.396843 -0.055788
v 0.111576 0.396843 -0.019375
v 0.111576 0.396843 0.019375
v 0.098118 0.396843 0.055788
v 0.072826 0.396843 0.085472
v 0.038750 0.396843 0.104847
v 0.000000 0.396843 0.111576
v -0.038750 0.396843 0.104847
v -0.072826 0.396843 0.085472
v -0.098118 0.396843 0.055788
v -0.111576 0.396843 0.019375
v -0.111576 0.396843 -0.019375
v -0.098118 0.396843 -0.055788
v -0.072826 0.396843 -0.085472
v -0.038750 0.396843 -0.104847
v 0.034207 0.423207 -0.092555
v -0.000000 0.423206 -0.098495
v 0.064288 0.423207 -0.075452
v 0.086615 0.423207 -0.049248
v 0.098495 0.423207 -0.017104
v 0.098495 0.423207 0.017104
v 0.086615 0.423207 0.049248
v 0.064288 0.423207 0.075452
v 0.034207 0.423207 0.092555
v 0.000000 0.423206 0.098495
v -0.034207 0.423206 0.092555
v -0.064288 0.423206 0.075452
v -0.086615 0.423206 0.049248
v -0.098495 0.423206 0.017104
v -0.098495 0.423206 -0.017104
v -0.086615 0.423206 -0.049248
v -0.064288 0.423206 -0.075452
v -0.034207 0.423206 -0.092555
v 0.025797 0.436710 -0.069801
v -0.000000 0.436710 -0.074281
v 0.048483 0.436710 -0.056902
v 0.065321 0.436710 -0.037140
v 0.074280 0.436710 -0.012899
v 0.074280 0.436710 0.012899
v 0.065321 0.436710 0.037140
v 0.048483 0.436710 0.056902
v 0.025797 0.436710 0.069801
v 0.000000 0.436710 0.074281
v -0.025797 0.436709 0.069801
v -0.048483 0.436709 0.056902
v -0.065321 0.436709 0.037140
v -0.074280 0.436709 0.012899
v -0.074280 0.436709 -0.012899
v -0.065321 0.436709 -0.037140
v -0.048483 0.436709 -0.056902
v -0.025797 0.436709 -0.069801
v 0.025797 0.463716 -0.069801
v -0.000000 0.463716 -0.074281
v 0.048483 0.463716 -0.056902
v 0.065321 0.463716 -0.037140
v 0.074280 0.463716 -0.012899
v 0.074280 0.463716 0.012899
v 0.065321 0.463716 0.037140
v 0.048483 0.463716 0.056902
v 0.025797 0.463716 0.069801
v 0.000000 0.463716 0.074281
v -0.025797 0.463716 0.069801
v -0.048483 0.463716 0.056902
v -0.065321 0.463716 0.037140
v -0.074280 0.463716 0.012899
v -0.074280 0.463716 -0.012899
v -0.065321 0.463716 -0.037140
v -0.048483 0.463716 -0.056902
v -0.025797 0.463716 -0.069801
v 0.034399 0.472075 -0.093073
v -0.000000 0.472075 -0.099047
v 0.064648 0.472075 -0.075874
v 0.087100 0.472075 -0.049523
v 0.099047 0.472076 -0.017199
v 0.099047 0.472076 0.017199
v 0.087100 0.472076 0.049523
v 0.064648 0.472075 0.075874
v 0.034399 0.472075 0.093073
v -0.000000 0.472075 0.099047
v -0.034398 0.472075 0.093073
v -0.064648 0.472075 0.075874
v -0.087100 0.472075 0.049523
v -0.099047 0.472075 0.017199
v -0.099047 0.472075 -0.017199
v -0.087100 0.472075 -0.049523
v -0.064648 0.472075 -0.075874
v -0.034399 0.472075 -0.093073
v 0.027913 0.488794 -0.075525
v -0.000000 0.488793 -0.080372
v 0.052459 0.488794 -0.061568
v 0.070678 0.488794 -0.040186
v 0.080372 0.488794 -0.013956
v 0.080372 0.488794 0.013956
v 0.070678 0.488794 0.040186
v 0.052459 0.488794 0.061568
v 0.027913 0.488794 0.075525
v -0.000000 0.488794 0.080372
v -0.027913 0.488793 0.075525
v -0.052459 0.488793 0.061568
v -0.070678 0.488793 0.040186
v -0.080372 0.488793 0.013956
v -0.080372 0.488793 -0.013956
v -0.070678 0.488793 -0.040186
v -0.052459 0.488793 -0.061568
v -0.027913 0.488793 -0.075525
v 0.027913 0.523516 -0.075525
v -0.000000 0.523516 -0.080372
v 0.052459 0.523516 -0.061568
v 0.070678 0.523516 -0.040186
v 0.080372 0.523516 -0.013956
v 0.080372 0.523516 0.013956
v 0.070678 0.523516 0.040186
v 0.052459 0.523516 0.061568
v 0.027913 0.523516 0.075525
v -0.000000 0.523516 0.080372
v -0.027913 0.523516 0.075525
v -0.052459 0.523516 0.061568
v -0.070678 0.523516 0.040186
v -0.080372 0.523516 0.013956
v -0.080372 0.523516 -0.013956
v -0.070678 0.523516 -0.040186
v -0.052459 0.523516 -0.061568
v -0.027913 0.523516 -0.075525
v 0.025311 0.536376 -0.068484
v -0.000000 0.536376 -0.072879
v 0.047569 0.536376 -0.055829
v 0.064089 0.536376 -0.036440
v 0.072879 0.536376 -0.012655
v 0.072879 0.536376 0.012655
v 0.064089 0.536376 0.036440
v 0.047569 0.536376 0.055829
v 0.025311 0.536376 0.068484
v 0.000000 0.536376 0.072879
v -0.025311 0.536376 0.068484
v -0.047569 0.536376 0.055829
v -0.064089 0.536376 0.036440
v -0.072879 0.536376 0.012655
v -0.072879 0.536376 -0.012655
v -0.064089 0.536376 -0.036440
v -0.047569 0.536376 -0.055829
v -0.025311 0.536376 -0.068484
v 0.025311 0.570456 -0.068484
v -0.000000 0.570456 -0.072879
v 0.047569 0.570456 -0.055829
v 0.064089 0.570456 -0.036440
v 0.072879 0.570456 -0.012655
v 0.072879 0.570456 0.012655
v 0.064089 0.570456 0.036440
v 0.047569 0.570456 0.055829
v 0.025311 0.570456 0.068484
v -0.000000 0.570456 0.072879
v -0.025311 0.570456 0.068484
v -0.047569 0.570456 0.055829
v -0.064089 0.570456 0.036440
v -0.072879 0.570456 0.012655
v -0.072879 0.570456 -0.012655
v -0.064089 0.570456 -0.036440
v -0.047569 0.570456 -0.055829
v -0.025311 0.570456 -0.068484
v 0.021481 0.570456 -0.058122
v -0.000000 0.570456 -0.061852
v 0.040371 0.570456 -0.047382
v 0.054392 0.570456 -0.030926
v 0.061852 0.570456 -0.010741
v 0.061852 0.570456 0.010741
v 0.054392 0.570456 0.030926
v 0.040371 0.570456 0.047382
v 0.021481 0.570456 0.058122
v -0.000000 0.570456 0.061852
v -0.021481 0.570456 0.058122
v -0.040371 0.570456 0.047382
v -0.054392 0.570456 0.030926
v -0.061852 0.570456 0.010741
v -0.061852 0.570456 -0.010741
v -0.054392 0.570456 -0.030926
v -0.040371 0.570456 -0.047382
v -0.021481 0.570456 -0.058122
v 0.019278 0.584602 -0.052162
v -0.000000 0.584602 -0.055509
v 0.036231 0.584602 -0.042523
v 0.048814 0.584602 -0.027755
v 0.055509 0.584602 -0.009639
v 0.055509 0.584602 0.009639
v 0.048814 0.584602 0.027755
v 0.036231 0.584602 0.042522
v 0.019278 0.584602 0.052162
v -0.000000 0.584602 0.055509
v -0.019278 0.584602 0.052162
v -0.036231 0.584602 0.042523
v -0.048814 0.584602 0.027755
v -0.055509 0.584602 0.009639
v -0.055509 0.584602 -0.009639
v -0.048814 0.584602 -0.027755
v -0.036231 0.584602 -0.042523
v -0.019278 0.584602 -0.052162
v 0.022671 0.587817 -0.061342
v -0.000000 0.587817 -0.065279
v 0.042608 0.587817 -0.050006
v 0.057405 0.587817 -0.032639
v 0.065279 0.587817 -0.011336
v 0.065279 0.587817 0.011336
v 0.057405 0.587817 0.032639
v 0.042608 0.587817 0.050006
v 0.022671 0.587817 0.061342
v -0.000000 0.587817 0.065279
v -0.022671 0.587817 0.061342
v -0.042608 0.587817 0.050006
v -0.057405 0.587817 0.032639
v -0.065279 0.587817 0.011336
v -0.065279 0.587817 -0.011336
v -0.057405 0.587817 -0.032639
v -0.042608 0.587817 -0.050006
v -0.022671 0.587817 -0.061342
v 0.022671 0.616753 -0.061342
v -0.000000 0.616753 -0.065279
v 0.042608 0.616753 -0.050006
v 0.057405 0.616753 -0.032639
v 0.065279 0.616753 -0.011336
v 0.065279 0.616753 0.011336
v 0.057405 0.616753 0.032639
v 0.042608 0.616753 0.050006
v 0.022671 0.616753 0.061342
v 0.000000 0.616753 0.065279
v -0.022671 0.616753 0.061342
v -0.042608 0.616753 0.050006
v -0.057405 0.616753 0.032639
v -0.065279 0.616752 0.011336
v -0.065279 0.616752 -0.011336
v -0.057405 0.616752 -0.032639
v -0.042608 0.616753 -0.050006
v -0.022671 0.616753 -0.061342
v 0.029510 0.620611 -0.079847
v 0.000000 0.620611 -0.084972
v 0.055461 0.620611 -0.065092
v 0.074723 0.620611 -0.042486
v 0.084972 0.620611 -0.014755
v 0.084972 0.620611 0.014755
v 0.074723 0.620611 0.042486
v 0.055461 0.620611 0.065092
v 0.029510 0.620611 0.079847
v 0.000000 0.620611 0.084972
v -0.029510 0.620611 0.079847
v -0.055461 0.620611 0.065092
v -0.074723 0.620610 0.042486
v -0.084972 0.620610 0.014755
v -0.084972 0.620610 -0.014755
v -0.074723 0.620610 -0.042486
v -0.055461 0.620610 -0.065092
v -0.029510 0.620611 -0.079847
v 0.025217 0.634114 -0.068230
v -0.000000 0.634114 -0.072609
v 0.047392 0.634114 -0.055621
v 0.063851 0.634114 -0.036304
v 0.072608 0.634114 -0.012608
v 0.072608 0.634114 0.012608
v 0.063851 0.634114 0.036304
v 0.047392 0.634114 0.055621
v 0.025217 0.634114 0.068230
v 0.000000 0.634114 0.072609
v -0.025217 0.634114 0.068230
v -0.047392 0.634114 0.055621
v -0.063851 0.634114 0.036304
v -0.072608 0.634114 0.012608
v -0.072608 0.634114 -0.012608
v -0.063851 0.634114 -0.036304
v -0.047392 0.634114 -0.055621
v -0.025217 0.634114 -0.068230
v 0.007911 0.652118 -0.021406
v -0.000000 0.652118 -0.022780
v 0.014868 0.652118 -0.017450
v 0.020032 0.652118 -0.011390
v 0.022780 0.652118 -0.003956
v 0.022780 0.652118 0.003956
v 0.020032 0.652118 0.011390
v 0.014868 0.652118 0.017450
v 0.007911 0.652118 0.021406
v -0.000000 0.652118 0.022780
v -0.007911 0.652118 0.021406
v -0.014868 0.652118 0.017450
v -0.020032 0.652118 0.011390
v -0.022780 0.652118 0.003956
v -0.022780 0.652118 -0.003956
v -0.020032 0.652118 -0.011390
v -0.014868 0.652118 -0.017450
v -0.007911 0.652118 -0.021406
v 0.000000 0.168718 0.096651
v -0.033567 0.168718 0.090823
v 0.063085 0.168718 -0.074039
v 0.084994 0.168718 -0.048326
v -0.033567 0.168718 -0.090822
v 0.000000 0.168718 -0.096651
v -0.063085 0.168717 0.074039
v 0.096651 0.168718 -0.016783
v -0.084994 0.168717 0.048326
v 0.096651 0.168718 0.016783
v -0.096651 0.168717 0.016783
v 0.084994 0.168718 0.048326
v -0.096651 0.168717 -0.016783
v 0.063085 0.168718 0.074039
v -0.084994 0.168717 -0.048326
v 0.033567 0.168718 0.090823
v 0.033567 0.168718 -0.090822
v -0.063085 0.168717 -0.074039
v 0.030323 0.159995 -0.082045
v 0.000000 0.159995 -0.087311
v 0.056988 0.159995 -0.066884
v 0.076780 0.159995 -0.043655
v 0.087311 0.159996 -0.015161
v 0.087311 0.159996 0.015161
v 0.076780 0.159995 0.043655
v 0.056988 0.159995 0.066884
v 0.030323 0.159995 0.082045
v 0.000000 0.159995 0.087311
v -0.030323 0.159995 0.082045
v -0.056988 0.159995 0.066884
v -0.076780 0.159995 0.043656
v -0.087311 0.159995 0.015161
v -0.087311 0.159995 -0.015161
v -0.076780 0.159995 -0.043655
v -0.056988 0.159995 -0.066884
v -0.030323 0.159995 -0.082045
v -0.032121 0.167651 0.086911
v 0.081333 0.167652 -0.046244
v 0.000000 0.167651 -0.092489
v -0.060368 0.167651 0.070851
v 0.092489 0.167652 -0.016060
v -0.081333 0.167651 0.046244
v 0.092489 0.167652 0.016061
v -0.092489 0.167651 0.016061
v 0.081333 0.167652 0.046244
v -0.092489 0.167651 -0.016060
v 0.060368 0.167652 0.070851
v -0.081333 0.167651 -0.046244
v 0.032121 0.167652 0.086911
v 0.032121 0.167652 -0.086911
v -0.060368 0.167651 -0.070851
v 0.000000 0.167652 0.092489
v 0.060368 0.167652 -0.070851
v -0.032121 0.167651 -0.086911
v -0.041792 0.232875 0.113077
v -0.078543 0.232875 0.092182
v 0.105820 0.232876 -0.060167
v 0.120334 0.232876 -0.020896
v -0.105820 0.232875 0.060167
v 0.120334 0.232876 0.020896
v -0.120334 0.232875 0.020896
v 0.105820 0.232876 0.060167
v -0.120334 0.232875 -0.020896
v 0.078543 0.232876 0.092182
v -0.105820 0.232875 -0.060167
v 0.041792 0.232875 0.113077
v 0.000000 0.232875 -0.120334
v 0.041792 0.232875 -0.113077
v -0.078543 0.232875 -0.092181
v 0.000000 0.232875 0.120334
v 0.078543 0.232876 -0.092182
v -0.041792 0.232875 -0.113077
v -0.097935 0.384773 0.055684
v -0.111367 0.384773 0.019339
v 0.111367 0.384774 0.019339
v 0.097935 0.384774 0.055684
v -0.111367 0.384773 -0.019339
v 0.072690 0.384774 0.085312
v -0.097935 0.384773 -0.055684
v 0.038678 0.384774 0.104651
v -0.000000 0.384774 -0.111368
v 0.038678 0.384774 -0.104651
v -0.072690 0.384773 -0.085312
v 0.000000 0.384774 0.111368
v 0.072690 0.384774 -0.085313
v -0.038678 0.384773 -0.104651
v -0.038677 0.384774 0.104651
v 0.097935 0.384774 -0.055684
v -0.072690 0.384773 0.085313
v 0.111367 0.384774 -0.019339
v -0.114253 0.390824 -0.019840
v -0.100472 0.390824 -0.057126
v 0.074573 0.390825 0.087523
v 0.039680 0.390825 0.107363
v -0.000000 0.390824 -0.114253
v 0.039680 0.390824 -0.107363
v -0.074573 0.390824 -0.087523
v 0.000000 0.390824 0.114253
v 0.074573 0.390825 -0.087523
v -0.039680 0.390824 -0.107362
v -0.039680 0.390824 0.107363
v 0.100472 0.390825 -0.057126
v -0.074573 0.390824 0.087523
v 0.114253 0.390825 -0.019840
v -0.100472 0.390824 0.057126
v 0.114253 0.390825 0.019840
v -0.114253 0.390824 0.019840
v 0.100472 0.390825 0.057126
v 0.080566 0.469568 -0.045808
v 0.091617 0.469568 -0.015909
v -0.059799 0.469567 0.070183
v -0.080566 0.469567 0.045808
v 0.091617 0.469568 0.015909
v -0.091617 0.469567 0.015909
v 0.080566 0.469568 0.045808
v -0.091617 0.469567 -0.015909
v 0.059799 0.469568 0.070183
v -0.080566 0.469567 -0.045808
v 0.031818 0.469568 0.086092
v -0.000000 0.469567 -0.091617
v 0.031818 0.469568 -0.086092
v -0.059799 0.469567 -0.070183
v 0.000000 0.469567 0.091617
v 0.059799 0.469568 -0.070183
v -0.031818 0.469567 -0.086092
v -0.031818 0.469567 0.086092
v 0.095678 0.475091 -0.016614
v 0.095678 0.475091 0.016614
v -0.084138 0.475091 0.047839
v -0.095678 0.475091 0.016614
v 0.084138 0.475091 0.047839
v -0.095678 0.475091 -0.016614
v 0.062449 0.475091 0.073294
v -0.084138 0.475091 -0.047839
v 0.033229 0.475091 0.089908
v -0.000000 0.475091 -0.095678
v 0.033229 0.475091 -0.089908
v -0.062449 0.475091 -0.073293
v -0.000000 0.475091 0.095678
v 0.062449 0.475091 -0.073294
v -0.033229 0.475091 -0.089908
v -0.033229 0.475091 0.089908
v 0.084138 0.475091 -0.047839
v -0.062449 0.475091 0.073294
v 0.024672 0.570456 0.066757
v -0.000000 0.570456 0.071042
v 0.024672 0.570456 -0.066757
v 0.046369 0.570456 -0.054421
v -0.046369 0.570456 -0.054421
v -0.024672 0.570456 -0.066757
v -0.024672 0.570456 0.066757
v 0.062473 0.570456 -0.035521
v -0.000000 0.570456 -0.071042
v -0.046369 0.570456 0.054421
v 0.071041 0.570456 -0.012336
v -0.062473 0.570456 0.035521
v 0.071041 0.570456 0.012336
v -0.071041 0.570456 0.012336
v 0.062473 0.570456 0.035521
v -0.071041 0.570456 -0.012336
v 0.046369 0.570456 0.054421
v -0.062473 0.570456 -0.035521
v 0.047569 0.568247 0.055829
v 0.025311 0.568247 0.068484
v -0.000000 0.568247 -0.072879
v 0.025311 0.568247 -0.068484
v -0.064089 0.568247 -0.036440
v -0.047569 0.568247 -0.055829
v -0.000000 0.568247 0.072879
v 0.047569 0.568247 -0.055829
v -0.025311 0.568247 -0.068484
v -0.025311 0.568247 0.068484
v 0.064089 0.568247 -0.036440
v -0.047569 0.568247 0.055829
v 0.072879 0.568247 -0.012655
v -0.064089 0.568247 0.036440
v 0.072879 0.568247 0.012655
v -0.072879 0.568247 0.012655
v 0.064089 0.568247 0.036440
v -0.072879 0.568247 -0.012655
v -0.042608 0.613707 0.050006
v -0.057405 0.613707 0.032639
v 0.065279 0.613707 -0.011336
v 0.065279 0.613707 0.011336
v -0.065279 0.613707 0.011336
v 0.057405 0.613707 0.032639
v -0.065279 0.613707 -0.011336
v 0.042608 0.613707 0.050006
v -0.057405 0.613707 -0.032639
v 0.022671 0.613707 0.061342
v -0.000000 0.613707 -0.065279
v 0.022671 0.613707 -0.061342
v -0.042608 0.613707 -0.050006
v 0.000000 0.613707 0.065279
v 0.042608 0.613707 -0.050006
v -0.022671 0.613707 -0.061342
v -0.022671 0.613707 0.061342
v 0.057405 0.613707 -0.032639
v -0.000000 0.577529 0.056357
v -0.019573 0.577529 0.052959
v 0.036785 0.577529 -0.043172
v 0.049560 0.577529 -0.028179
v -0.019573 0.577529 -0.052959
v -0.000000 0.577529 -0.056357
v -0.036785 0.577529 0.043172
v 0.056357 0.577529 -0.009786
v -0.049560 0.577529 0.028179
v 0.056357 0.577529 0.009786
v -0.056357 0.577529 0.009786
v 0.049560 0.577529 0.028179
v -0.056357 0.577529 -0.009786
v 0.036785 0.577529 0.043172
v -0.049560 0.577529 -0.028179
v 0.019573 0.577529 0.052959
v 0.019573 0.577529 -0.052959
v -0.036785 0.577529 -0.043172
vn -0.0000 -0.3109 -0.9505
vn -0.0000 0.0487 -0.9988
vn 0.3204 0.0275 -0.9469
vn 0.2539 -0.3290 -0.9095
vn 0.6030 -0.0336 -0.7970
vn 0.4772 -0.3814 -0.7918
vn 0.8141 -0.1274 -0.5666
vn 0.6429 -0.4616 -0.6113
vn 0.9280 -0.2428 -0.2825
vn 0.7311 -0.5600 -0.3899
vn 0.9304 -0.3660 0.0214
vn 0.7311 -0.6646 -0.1543
vn 0.8200 -0.4822 0.3084
vn 0.6429 -0.7630 0.0671
vn 0.6097 -0.5771 0.5434
vn 0.4772 -0.8432 0.2476
vn 0.3248 -0.6391 0.6972
vn 0.2539 -0.8956 0.3654
vn -0.0000 -0.6607 0.7507
vn -0.0000 -0.9138 0.4063
vn -0.3248 -0.6391 0.6972
vn -0.2539 -0.8956 0.3654
vn -0.6097 -0.5771 0.5434
vn -0.4772 -0.8432 0.2476
vn -0.8200 -0.4822 0.3084
vn -0.6429 -0.7630 0.0671
vn -0.9304 -0.3660 0.0214
vn -0.7310 -0.6646 -0.1543
vn -0.9280 -0.2428 -0.2825
vn -0.7311 -0.5600 -0.3899
vn -0.8141 -0.1274 -0.5666
vn -0.6429 -0.4616 -0.6113
vn -0.9787 -0.0244 -0.2038
vn -0.8588 0.0992 -0.5026
vn -0.6030 -0.0336 -0.7970
vn -0.4772 -0.3814 -0.7918
vn -0.3204 0.0275 -0.9469
vn -0.2539 -0.3290 -0.9095
vn 0.8645 -0.2804 0.4172
vn 0.9809 -0.1562 0.1156
vn 0.5671 0.7064 0.4237
vn 0.4991 0.6296 0.5954
vn 0.6364 0.1998 -0.7451
vn 0.8588 0.0992 -0.5026
vn 0.6428 -0.3817 0.6642
vn 0.3424 -0.4479 0.8259
vn -0.0000 0.2882 -0.9576
vn 0.3382 0.2654 -0.9029
vn -0.8645 -0.2804 0.4172
vn -0.9809 -0.1562 0.1156
vn -0.3382 0.2654 -0.9029
vn -0.3424 -0.4479 0.8259
vn -0.6428 -0.3817 0.6642
vn -0.6364 0.1998 -0.7451
vn 0.9787 -0.0244 -0.2038
vn -0.0000 -0.4710 0.8822
vn -0.5671 0.7063 0.4237
vn -0.5666 0.7879 0.2412
vn 0.3707 0.5669 0.7357
vn -0.4978 0.8645 0.0700
vn 0.1973 0.5259 0.8274
vn -0.0000 0.9815 -0.1917
vn 0.1964 0.9674 -0.1602
vn -0.3692 0.9267 -0.0693
vn -0.0000 0.5116 0.8592
vn 0.3692 0.9268 -0.0693
vn -0.1964 0.9674 -0.1602
vn -0.1973 0.5259 0.8274
vn 0.4978 0.8645 0.0700
vn -0.3707 0.5668 0.7357
vn 0.5666 0.7879 0.2412
vn -0.4991 0.6296 0.5954
vn 0.0460 0.4789 0.8766
vn -0.1454 0.6539 0.7425
vn 0.4350 0.8527 0.2892
vn 0.5082 0.7848 0.3548
vn 0.6907 -0.0559 0.7210
vn 0.4419 0.1604 0.8826
vn 0.6550 0.6632 0.3621
vn 0.7705 0.5786 0.2676
vn 0.2519 0.3015 -0.9196
vn 0.4631 0.1305 -0.8766
vn 0.6819 0.6396 -0.3548
vn 0.5937 0.7107 -0.3774
vn -0.3041 0.8060 0.5079
vn 0.3826 0.9045 0.1882
vn 0.2285 0.3156 0.9210
vn 0.5840 0.7150 0.3842
vn 0.6694 -0.0268 -0.7425
vn 0.7617 0.5798 -0.2892
vn -0.3981 0.8991 0.1823
vn 0.3558 0.9323 0.0651
vn 0.8472 -0.1559 -0.5079
vn 0.8221 0.5374 -0.1882
vn -0.3995 0.8988 -0.1806
vn 0.3555 0.9323 -0.0671
vn 0.9555 -0.2318 -0.1823
vn 0.8541 0.5160 -0.0651
vn -0.3164 0.8102 -0.4934
vn 0.3814 0.9033 -0.1965
vn 0.9555 -0.2318 0.1823
vn 0.8541 0.5160 0.0651
vn -0.1505 0.6701 -0.7268
vn 0.4338 0.8562 -0.2808
vn 0.8708 -0.1698 0.4615
vn 0.8439 0.5152 0.1499
vn 0.0416 0.4798 -0.8764
vn 0.5010 0.7913 -0.3504
vn -0.6163 -0.4321 -0.6584
vn -0.4642 -0.5557 -0.6897
vn -0.0206 -0.9187 0.3944
vn -0.1646 -0.8363 0.5230
vn -0.4753 -0.5373 0.6967
vn -0.6230 -0.4250 0.6567
vn -0.7846 -0.2986 -0.5433
vn 0.0309 -0.9904 0.1347
vn -0.9170 -0.1889 -0.3512
vn 0.0309 -0.9904 -0.1347
vn -0.9809 -0.1447 -0.1300
vn -0.0400 -0.9254 -0.3769
vn -0.9801 -0.1458 0.1347
vn -0.1609 -0.8168 -0.5541
vn -0.9035 -0.2040 0.3769
vn -0.3075 -0.6887 -0.6567
vn -0.3051 -0.6965 0.6495
vn -0.7751 -0.3036 0.5541
vn 0.0276 -0.4176 -0.9082
vn 0.6426 0.4804 -0.5968
vn 0.7796 0.3664 -0.5079
vn 0.2363 -0.5960 -0.7675
vn -0.6638 0.1256 -0.7373
vn 0.1880 0.8356 -0.5161
vn 0.3537 0.7245 -0.5916
vn -0.3883 -0.0509 -0.9201
vn -0.1933 -0.2314 0.9535
vn 0.5005 0.5991 0.6250
vn 0.3585 0.7178 0.5968
vn -0.4159 -0.0471 0.9082
vn 0.8976 0.2685 -0.3496
vn 0.4116 -0.7461 -0.5234
vn 0.5162 0.5918 -0.6191
vn -0.1757 -0.2483 -0.9526
vn 0.2219 0.8324 0.5079
vn -0.6285 0.1266 0.7675
vn 0.9698 0.2086 -0.1261
vn 0.5165 -0.8355 -0.1874
vn 0.1045 0.9310 0.3496
vn -0.8074 0.2723 0.5234
vn 0.9704 0.2081 0.1222
vn 0.5157 -0.8364 0.1854
vn 0.0328 0.9915 0.1261
vn -0.9140 0.3597 0.1874
vn 0.9085 0.2618 0.3258
vn 0.4152 -0.7549 0.5076
vn 0.0328 0.9915 -0.1261
vn -0.9140 0.3597 -0.1874
vn 0.7887 0.3608 0.4978
vn 0.2558 -0.5991 0.7587
vn 0.1236 0.9301 -0.3460
vn -0.8186 0.2945 -0.4931
vn 0.6349 0.4833 0.6028
vn 0.0262 -0.4224 0.9060
vn -0.5262 -0.7926 0.3081
vn -0.6049 -0.7241 0.3313
vn -0.8259 -0.5472 -0.1359
vn -0.7578 -0.6059 -0.2423
vn -0.5987 -0.7313 -0.3269
vn -0.5323 -0.7858 -0.3148
vn -0.4560 -0.8488 0.2675
vn -0.8410 -0.5373 -0.0637
vn -0.4166 -0.8909 0.1809
vn -0.8410 -0.5373 0.0637
vn -0.3803 -0.9226 0.0651
vn -0.8066 -0.5633 0.1788
vn -0.3792 -0.9231 -0.0637
vn -0.7485 -0.6081 0.2643
vn -0.4109 -0.8940 -0.1788
vn -0.6786 -0.6636 0.3148
vn -0.6500 -0.6794 -0.3405
vn -0.4653 -0.8448 -0.2643
vn -0.0037 0.5242 0.8516
vn -0.4945 0.7986 0.3432
vn -0.4367 0.8565 0.2752
vn 0.1543 0.6752 0.7213
vn -0.6919 -0.0317 0.7213
vn -0.7651 0.5821 0.2752
vn -0.6912 0.6374 0.3406
vn -0.4983 0.1163 0.8592
vn -0.2784 0.3200 -0.9056
vn -0.6055 0.7185 -0.3422
vn -0.6935 0.6332 -0.3436
vn -0.5090 0.1027 -0.8546
vn -0.3822 0.9065 0.1793
vn 0.3115 0.8179 0.4838
vn -0.5960 0.7263 0.3425
vn -0.2498 0.3407 0.9064
vn -0.7651 0.5821 -0.2752
vn -0.6919 -0.0317 -0.7213
vn -0.3538 0.9333 0.0622
vn 0.4005 0.9002 0.1712
vn -0.8241 0.5373 -0.1793
vn -0.8602 -0.1611 -0.4838
vn -0.3538 0.9333 -0.0622
vn 0.4005 0.9002 -0.1712
vn -0.8555 0.5141 -0.0622
vn -0.9571 -0.2340 -0.1712
vn -0.3822 0.9065 -0.1793
vn 0.3115 0.8179 -0.4838
vn -0.8555 0.5141 0.0622
vn -0.9571 -0.2340 0.1712
vn -0.4245 0.8630 -0.2740
vn 0.1788 0.6896 -0.7018
vn -0.8241 0.5373 0.1793
vn -0.8602 -0.1611 0.4838
vn -0.4998 0.8002 -0.3314
vn 0.0027 0.5382 -0.8428
vn 0.6737 -0.3885 -0.6286
vn 0.4754 -0.5753 -0.6656
vn 0.0311 -0.9319 0.3613
vn 0.1504 -0.8279 0.5403
vn 0.4937 -0.5603 0.6650
vn 0.6564 -0.3856 0.6484
vn 0.8018 -0.2724 -0.5319
vn -0.0360 -0.9912 0.1275
vn 0.9115 -0.1964 -0.3613
vn -0.0360 -0.9912 -0.1275
vn 0.9818 -0.1408 -0.1275
vn 0.0311 -0.9319 -0.3613
vn 0.9818 -0.1408 0.1275
vn 0.1504 -0.8279 -0.5403
vn 0.9115 -0.1964 0.3613
vn 0.2672 -0.7141 -0.6471
vn 0.2836 -0.7060 0.6490
vn 0.7880 -0.2952 0.5403
vn -0.0635 -0.4594 -0.8859
vn -0.2494 -0.6111 -0.7513
vn -0.7920 0.3592 -0.4937
vn -0.6774 0.4647 -0.5702
vn 0.6457 0.1368 -0.7513
vn 0.4455 -0.0314 -0.8947
vn -0.3443 0.7374 -0.5811
vn -0.2127 0.8432 -0.4937
vn 0.1966 -0.2233 0.9547
vn 0.4587 -0.0241 0.8883
vn -0.3361 0.7475 0.5730
vn -0.4926 0.5965 0.6337
vn -0.4199 -0.7554 -0.5031
vn -0.9051 0.2652 -0.3324
vn 0.1754 -0.2454 -0.9534
vn -0.5083 0.5817 -0.6350
vn 0.6457 0.1368 0.7513
vn -0.2127 0.8432 0.4937
vn -0.5168 -0.8374 -0.1778
vn -0.9703 0.2110 -0.1179
vn 0.8180 0.2788 0.5031
vn -0.1000 0.9378 0.3324
vn -0.5168 -0.8374 0.1778
vn -0.9703 0.2110 0.1179
vn 0.9160 0.3597 0.1778
vn -0.0351 0.9924 0.1179
vn -0.4199 -0.7554 0.5031
vn -0.9051 0.2652 0.3324
vn 0.9160 0.3597 -0.1778
vn -0.0351 0.9924 -0.1179
vn -0.2649 -0.6276 0.7320
vn -0.8050 0.3557 0.4748
vn 0.8180 0.2788 -0.5031
vn -0.1000 0.9378 -0.3324
vn -0.0758 -0.4672 0.8809
vn -0.6856 0.4459 0.5754
vn 0.5210 -0.8013 0.2941
vn 0.6081 -0.7207 0.3328
vn 0.8090 -0.5637 -0.1667
vn 0.7536 -0.6079 -0.2502
vn 0.5978 -0.7305 -0.3302
vn 0.5253 -0.8005 -0.2885
vn 0.4610 -0.8549 0.2382
vn 0.8402 -0.5391 -0.0587
vn 0.4109 -0.8963 0.1667
vn 0.8402 -0.5391 0.0587
vn 0.3811 -0.9227 0.0587
vn 0.8090 -0.5637 0.1667
vn 0.3811 -0.9227 -0.0587
vn 0.7536 -0.6079 0.2502
vn 0.4109 -0.8963 -0.1667
vn 0.6903 -0.6624 0.2910
vn 0.6884 -0.6623 -0.2957
vn 0.4642 -0.8497 -0.2502
vn -0.6056 -0.6285 0.4881
vn -0.4938 -0.7207 0.4866
vn -0.0028 -0.0186 0.9998
vn -0.0199 -0.0204 0.9996
vn 0.5289 0.6876 0.4975
vn 0.5953 0.6186 0.5128
vn 0.0055 -0.0008 -1.0000
vn -0.8555 0.1249 -0.5024
vn -0.8589 0.1120 -0.4997
vn -0.0007 0.0001 -1.0000
vn -0.0186 0.0051 0.9998
vn -0.0075 0.0013 1.0000
vn 0.8536 -0.1341 0.5033
vn 0.8365 -0.2046 0.5083
vn -0.0199 -0.0204 -0.9996
vn -0.0028 -0.0186 -0.9998
vn -0.4938 -0.7207 -0.4866
vn -0.6056 -0.6285 -0.4881
vn -0.0186 0.0051 -0.9998
vn -0.8456 0.2079 -0.4916
vn -0.8071 0.3318 -0.4884
vn -0.0259 0.0104 -0.9996
vn -0.8692 0.0545 0.4915
vn -0.8692 -0.0612 0.4907
vn -0.0220 -0.0018 0.9998
vn -0.0202 0.0013 0.9998
vn 0.8536 -0.1341 -0.5033
vn -0.0075 0.0013 -1.0000
vn 0.8365 -0.2046 -0.5083
vn -0.8501 -0.1972 0.4883
vn -0.0272 -0.0066 0.9996
vn 0.8557 -0.1247 -0.5023
vn 0.8590 -0.0548 -0.5090
vn -0.0202 0.0013 -0.9998
vn -0.0057 0.0006 -1.0000
vn 0.8366 0.1935 0.5125
vn 0.7847 0.3460 0.5143
vn 0.7847 0.3460 -0.5143
vn 0.8366 0.1935 -0.5125
vn -0.8071 0.3318 0.4884
vn -0.7258 0.4883 0.4845
vn -0.7258 0.4883 -0.4845
vn 0.1615 -0.8436 0.5121
vn 0.3391 -0.7845 0.5192
vn 0.3391 -0.7845 -0.5192
vn 0.1615 -0.8436 -0.5121
vn -0.8555 0.1249 0.5024
vn -0.8589 0.1120 0.4997
vn -0.8574 0.1349 -0.4967
vn -0.8585 0.1249 0.4974
vn -0.0057 0.0006 1.0000
vn 0.0055 -0.0008 1.0000
vn 0.3486 0.8035 -0.4826
vn 0.5667 0.6701 -0.4793
vn 0.0332 0.0388 -0.9987
vn 0.0177 0.0383 -0.9991
vn -0.8574 0.1349 0.4967
vn -0.8456 0.2079 0.4916
vn 0.8582 0.0599 0.5098
vn 0.8590 -0.0548 0.5090
vn -0.1656 0.8567 -0.4885
vn -0.0060 0.0267 -0.9996
vn -0.0177 0.0383 -0.9991
vn -0.3486 0.8035 -0.4826
vn -0.0332 0.0388 0.9987
vn 0.5508 -0.6498 0.5239
vn -0.0177 0.0383 0.9991
vn 0.5508 -0.6498 -0.5239
vn -0.0289 -0.0129 0.9995
vn -0.0260 -0.0182 0.9995
vn 0.7005 0.4948 0.5143
vn 0.7005 0.4948 -0.5143
vn -0.0259 0.0104 0.9996
vn 0.7950 -0.3244 0.5126
vn 0.8557 -0.1247 0.5023
vn 0.8583 -0.1252 -0.4976
vn 0.8583 -0.1252 0.4976
vn 0.8586 -0.1120 -0.5003
vn 0.7950 -0.3244 -0.5126
vn 0.5953 0.6186 -0.5128
vn -0.7137 -0.5037 -0.4868
vn -0.7137 -0.5037 0.4868
vn 0.8586 -0.1120 0.5003
vn -0.0618 0.8665 0.4953
vn -0.0009 0.0104 0.9999
vn -0.0000 0.0123 0.9999
vn -0.0327 0.8684 0.4947
vn -0.0272 -0.0066 -0.9996
vn -0.8501 -0.1972 -0.4883
vn -0.8692 -0.0612 -0.4907
vn -0.0220 -0.0018 -0.9998
vn -0.0260 -0.0182 -0.9995
vn -0.0332 0.0388 -0.9987
vn -0.0007 0.0001 1.0000
vn -0.7992 -0.3525 0.4868
vn -0.7992 -0.3525 -0.4868
vn 0.8582 0.0599 -0.5098
vn 0.0620 -0.8613 0.5042
vn -0.0060 0.0267 0.9996
vn 0.0620 -0.8613 -0.5042
vn -0.0618 0.8665 -0.4953
vn -0.0009 0.0104 -0.9999
vn -0.1656 0.8567 0.4885
vn 0.7108 -0.4778 -0.5162
vn -0.0295 0.0220 -0.9993
vn -0.3486 0.8035 0.4826
vn -0.0289 -0.0129 -0.9995
vn 0.7108 -0.4778 0.5162
vn -0.0295 0.0220 0.9993
vn -0.5667 0.6701 -0.4793
vn -0.5667 0.6701 0.4793
vn -0.8585 0.1249 -0.4974
vn -0.0000 0.0123 -0.9999
vn -0.0327 0.8684 -0.4947
vn 0.5289 0.6876 -0.4975
vn -0.8692 0.0545 -0.4915
vn 0.0347 -0.8622 -0.5054
vn 0.0347 -0.8622 0.5054
vn -0.0495 -0.1113 -0.9925
vn -0.4485 -0.7760 -0.4435
vn -0.4485 -0.7760 0.4435
vn -0.0495 -0.1113 0.9925
vn 0.4943 0.6760 0.5465
vn 0.4943 0.6760 -0.5465
vn 0.0123 0.0026 -0.9999
vn 0.8537 0.1633 -0.4946
vn 0.8588 0.1187 -0.4983
vn 0.0038 0.0006 -1.0000
vn 0.0028 -0.0186 0.9998
vn 0.4938 -0.7207 0.4866
vn 0.6056 -0.6285 0.4881
vn 0.0199 -0.0204 0.9996
vn -0.5953 0.6186 0.5128
vn -0.5289 0.6876 0.4975
vn 0.0123 0.0026 0.9999
vn 0.0038 0.0006 1.0000
vn 0.8588 0.1187 0.4983
vn 0.8537 0.1633 0.4946
vn -0.8476 -0.1617 -0.5054
vn -0.8569 -0.1184 -0.5016
vn 0.4938 -0.7207 -0.4866
vn 0.0028 -0.0186 -0.9998
vn 0.0199 -0.0204 -0.9996
vn 0.6056 -0.6285 -0.4881
vn -0.8569 -0.1184 0.5016
vn -0.8476 -0.1617 0.5054
vn -0.0019 -0.0003 1.0000
vn 0.8581 0.1134 0.5008
vn 0.7433 0.4653 0.4807
vn 0.8289 0.2740 0.4877
vn 0.8289 0.2740 -0.4877
vn 0.7433 0.4653 -0.4807
vn 0.0202 0.0013 0.9998
vn 0.0220 -0.0018 0.9998
vn 0.8692 -0.0612 0.4907
vn 0.8692 0.0545 0.4915
vn 0.0071 0.0008 1.0000
vn 0.8583 0.1288 0.4968
vn 0.8544 0.1330 0.5024
vn -0.0053 -0.0008 1.0000
vn -0.8590 -0.1135 -0.4992
vn -0.8590 -0.1135 0.4992
vn 0.8581 0.1134 -0.5008
vn 0.0272 -0.0066 0.9996
vn 0.8501 -0.1971 0.4883
vn 0.0071 0.0008 -1.0000
vn 0.0202 0.0013 -0.9998
vn -0.8590 -0.0548 -0.5090
vn -0.8547 -0.1285 -0.5029
vn -0.8366 0.1935 -0.5125
vn -0.7847 0.3460 -0.5143
vn -0.7847 0.3460 0.5143
vn -0.8366 0.1935 0.5125
vn -0.3391 -0.7845 -0.5192
vn -0.3391 -0.7845 0.5192
vn -0.1615 -0.8436 0.5121
vn -0.1615 -0.8436 -0.5121
vn -0.8590 -0.0548 0.5090
vn -0.8582 0.0599 0.5098
vn 0.1656 0.8567 -0.4885
vn 0.0060 0.0267 -0.9996
vn -0.5508 -0.6498 0.5239
vn 0.0332 0.0388 0.9987
vn 0.0177 0.0383 0.9991
vn -0.5508 -0.6498 -0.5239
vn -0.7005 0.4948 0.5143
vn 0.0260 -0.0182 0.9995
vn 0.0289 -0.0129 0.9995
vn -0.7005 0.4948 -0.5143
vn 0.0269 0.0099 0.9996
vn -0.8159 -0.2677 0.5124
vn -0.8547 -0.1285 0.5029
vn -0.8570 -0.1334 0.4977
vn -0.8570 -0.1334 -0.4977
vn 0.8544 0.1330 -0.5024
vn -0.0053 -0.0008 -1.0000
vn -0.0019 -0.0003 -1.0000
vn -0.8159 -0.2677 -0.5124
vn -0.5953 0.6186 -0.5128
vn 0.7137 -0.5037 0.4868
vn 0.7137 -0.5037 -0.4868
vn 0.0009 0.0104 0.9999
vn 0.0618 0.8665 0.4953
vn 0.0327 0.8684 0.4947
vn 0.8692 -0.0612 -0.4907
vn 0.8501 -0.1971 -0.4883
vn 0.0272 -0.0066 -0.9996
vn 0.0220 -0.0018 -0.9998
vn 0.0260 -0.0182 -0.9995
vn 0.0269 0.0099 -0.9996
vn 0.0398 0.0259 -0.9989
vn 0.7992 -0.3525 -0.4868
vn 0.7992 -0.3525 0.4868
vn -0.8582 0.0599 -0.5098
vn 0.8583 0.1288 -0.4968
vn 0.8692 0.0545 -0.4915
vn 0.0060 0.0267 0.9996
vn -0.0620 -0.8613 0.5042
vn -0.0620 -0.8613 -0.5042
vn 0.0618 0.8665 -0.4953
vn 0.0009 0.0104 -0.9999
vn 0.0398 0.0259 0.9989
vn 0.1656 0.8567 0.4885
vn 0.3486 0.8035 0.4826
vn 0.0289 -0.0129 -0.9995
vn 0.5667 0.6701 0.4793
vn -0.7246 -0.4501 0.5219
vn -0.7246 -0.4501 -0.5219
vn 0.0327 0.8684 -0.4947
vn -0.5289 0.6876 -0.4975
vn -0.0347 -0.8622 -0.5054
vn -0.0347 -0.8622 0.5054
vn 0.4485 -0.7760 -0.4435
vn 0.0495 -0.1113 -0.9925
vn 0.4485 -0.7760 0.4435
vn 0.0495 -0.1113 0.9925
vn -0.4943 0.6760 0.5465
vn -0.4943 0.6760 -0.5465
vn 0.2112 0.5695 -0.7944
vn 0.5774 0.5773 -0.5774
vn 0.5773 -0.5773 -0.5774
vn -0.2682 -0.7231 -0.6366
vn -0.2112 0.5695 0.7944
vn -0.5774 0.5773 0.5774
vn -0.5774 -0.5773 0.5774
vn 0.2682 -0.7231 0.6366
vn 0.4014 0.6152 -0.6786
vn -0.0000 0.7833 -0.6217
vn -0.0000 0.7833 0.6217
vn 0.4014 0.6152 0.6786
vn 0.3687 -0.5651 -0.7380
vn -0.0000 -0.5750 -0.8182
vn -0.0000 -0.5750 0.8182
vn 0.3687 -0.5651 0.7380
vn -0.5774 0.5773 -0.5774
vn -0.2112 0.5695 -0.7944
vn 0.2682 -0.7231 -0.6366
vn -0.5774 -0.5773 -0.5774
vn -0.4014 0.6152 -0.6786
vn -0.4014 0.6152 0.6786
vn 0.5774 0.5773 0.5774
vn 0.2112 0.5695 0.7944
vn -0.2682 -0.7231 0.6366
vn 0.5773 -0.5773 0.5774
vn -0.3687 -0.5651 -0.7380
vn -0.3687 -0.5651 0.7380
vn 0.8604 0.2138 -0.4626
vn 0.8968 0.1004 -0.4308
vn 0.7431 0.4574 0.4885
vn 0.7844 0.3290 0.5258
vn 0.1887 -0.5812 -0.7916
vn -0.7071 -0.5696 -0.4190
vn -0.7431 -0.4574 -0.4885
vn 0.1198 -0.3691 -0.9216
vn -0.9288 -0.0006 0.3707
vn -0.8968 -0.1004 0.4308
vn 0.3060 -0.9426 0.1333
vn 0.2846 -0.8766 0.3880
vn 0.9738 -0.1368 0.1814
vn 0.9840 -0.1669 0.0623
vn 0.1887 -0.5812 0.7916
vn -0.7071 -0.5696 0.4190
vn -0.6776 -0.6605 0.3234
vn 0.2444 -0.7529 0.6111
vn -0.2444 0.7529 -0.6111
vn -0.1887 0.5812 -0.7916
vn 0.7521 0.5450 -0.3706
vn 0.7260 0.6254 -0.2861
vn -0.7844 -0.3290 -0.5258
vn -0.8604 -0.2138 0.4626
vn 0.0412 -0.1269 0.9911
vn -0.0412 0.1268 0.9911
vn -0.8281 -0.1944 0.5258
vn -0.7844 -0.3290 0.5258
vn -0.9738 0.1368 -0.1814
vn -0.9549 0.0797 -0.2861
vn -0.2846 0.8766 -0.3880
vn 0.7078 0.6827 -0.1814
vn 0.9068 -0.0457 0.4190
vn 0.9363 -0.1366 0.3234
vn 0.9288 0.0006 -0.3706
vn 0.7071 0.5696 0.4190
vn -0.1198 0.3690 -0.9217
vn -0.0412 0.1268 -0.9911
vn 0.8220 0.3323 -0.4626
vn 0.7848 0.4455 -0.4308
vn -0.8968 -0.1004 -0.4308
vn -0.9288 -0.0006 -0.3707
vn 0.6439 0.7619 0.0707
vn -0.3060 0.9426 0.1334
vn -0.2846 0.8766 0.3880
vn 0.6558 0.7264 0.2056
vn -0.7431 -0.4574 0.4885
vn 0.1198 -0.3691 0.9216
vn 0.8281 0.1944 0.5258
vn -0.1198 0.3690 0.9217
vn 0.7848 0.4455 0.4308
vn 0.8220 0.3323 0.4626
vn -0.9574 0.2028 0.2056
vn -0.9363 0.1366 0.3234
vn -0.2444 0.7529 0.6111
vn 0.7078 0.6827 0.1814
vn 0.6920 0.7176 0.0787
vn 0.9698 -0.2275 -0.0877
vn 0.9574 -0.2028 -0.2056
vn -0.6983 -0.7131 -0.0623
vn 0.3060 -0.9426 -0.1333
vn 0.2846 -0.8766 -0.3880
vn -0.7078 -0.6827 -0.1814
vn -0.9686 0.2384 0.0707
vn -0.3044 0.9377 0.1677
vn 0.9549 -0.0797 -0.2861
vn 0.6776 0.6605 0.3234
vn -0.8604 -0.2138 -0.4626
vn 0.7260 0.6254 0.2861
vn 0.9363 -0.1366 -0.3234
vn -0.1887 0.5812 0.7916
vn -0.1198 0.3691 0.9216
vn 0.3045 -0.9380 0.1656
vn -0.6558 -0.7264 0.2056
vn -0.6513 -0.7538 0.0877
vn 0.9840 -0.1669 -0.0623
vn 0.9738 -0.1368 -0.1814
vn -0.3044 0.9377 -0.1677
vn 0.6920 0.7176 -0.0787
vn 0.3045 -0.9380 -0.1656
vn -0.6776 -0.6605 -0.3234
vn -0.6558 -0.7264 -0.2056
vn -0.9738 0.1368 0.1814
vn -0.9549 0.0797 0.2861
vn 0.8701 0.0663 0.4885
vn -0.7260 -0.6254 0.2862
vn -0.7521 -0.5450 0.3707
vn 0.0412 -0.1269 -0.9911
vn -0.8281 -0.1944 -0.5258
vn 0.9068 -0.0457 -0.4190
vn 0.7521 0.5450 0.3706
vn 0.2444 -0.7529 -0.6111
vn 0.6439 0.7619 -0.0707
vn -0.3060 0.9426 -0.1334
vn 0.7844 0.3290 -0.5258
vn -0.1198 0.3691 -0.9216
vn 0.7431 0.4574 -0.4885
vn 0.9288 0.0006 0.3706
vn 0.7071 0.5696 -0.4190
vn 0.6776 0.6605 -0.3234
vn 0.9549 -0.0797 0.2861
vn 0.1198 -0.3690 0.9217
vn 0.0412 -0.1268 0.9911
vn 0.8604 0.2138 0.4626
vn 0.8968 0.1004 0.4308
vn -0.8701 -0.0663 -0.4885
vn -0.8220 -0.3323 0.4626
vn -0.7848 -0.4455 0.4308
vn -0.9068 0.0457 -0.4190
vn 0.9574 -0.2028 0.2056
vn 0.9698 -0.2275 0.0877
vn 0.8281 0.1944 -0.5258
vn 0.8701 0.0663 -0.4885
vn -0.9363 0.1366 -0.3234
vn -0.9574 0.2027 -0.2056
vn -0.9068 0.0457 0.4190
vn -0.6513 -0.7538 -0.0877
vn -0.7260 -0.6254 -0.2862
vn -0.7521 -0.5450 -0.3707
vn -0.9815 0.1744 0.0787
vn 0.6558 0.7264 -0.2056
vn -0.9686 0.2384 -0.0707
vn -0.6983 -0.7131 0.0623
vn -0.7078 -0.6827 0.1814
vn -0.9815 0.1744 -0.0787
vn 0.1198 -0.3690 -0.9217
vn -0.8701 -0.0663 0.4885
vn -0.7848 -0.4455 -0.4308
vn 0.0412 -0.1268 -0.9911
vn 0.9741 -0.2260 -0.0000
vn 0.3088 -0.9511 -0.0000
vn 0.6832 0.7302 -0.0000
vn -0.3088 0.9511 -0.0000
vn -0.9818 0.1898 -0.0000
vn -0.6557 -0.7550 -0.0000
vn -0.8220 -0.3323 -0.4626
vn 0.0043 0.5585 0.8295
vn 0.1736 0.4859 0.8566
vn 0.3381 0.9411 -0.0000
vn -0.0003 1.0000 -0.0000
vn 0.1679 -0.4561 -0.8740
vn -0.0035 -0.4187 -0.9081
vn -0.0189 -0.9998 -0.0000
vn 0.3436 -0.9391 -0.0000
vn -0.1745 0.4867 -0.8560
vn 0.0043 0.5585 -0.8295
vn 0.1679 -0.4561 0.8740
vn -0.0035 -0.4187 0.9081
vn -0.1745 0.4867 0.8560
vn -0.3397 0.9405 -0.0000
vn 0.3229 -0.3574 0.8764
vn 0.6696 -0.7427 -0.0000
vn 0.5582 -0.8297 -0.0000
vn 0.2697 -0.4015 0.8752
vn 0.9972 -0.0746 -0.0000
vn 0.5066 -0.0378 -0.8614
vn 0.5039 -0.0119 -0.8637
vn 0.9997 -0.0235 -0.0000
vn -0.9948 -0.1015 -0.0000
vn -0.5213 -0.0533 0.8517
vn -0.5172 0.0435 0.8548
vn -0.9964 0.0842 -0.0000
vn -0.5114 0.0562 -0.8575
vn -0.9941 0.1089 -0.0000
vn -0.9687 0.2484 -0.0000
vn -0.5023 0.1288 -0.8550
vn 0.4476 0.1486 0.8818
vn 0.9490 0.3152 -0.0000
vn 0.9948 0.1015 -0.0000
vn 0.4718 0.0480 0.8804
vn 0.9152 -0.4031 -0.0000
vn 0.4387 -0.1932 -0.8776
vn 0.4056 -0.2610 -0.8760
vn 0.8412 -0.5407 -0.0000
vn 0.5039 -0.0119 0.8637
vn 0.9996 -0.0270 -0.0000
vn 0.4950 -0.0133 0.8688
vn 0.2697 -0.4015 -0.8752
vn 0.2303 -0.4339 -0.8710
vn 0.4691 -0.8831 -0.0000
vn 0.4328 0.2333 0.8708
vn 0.8811 0.4729 -0.0000
vn 0.4328 0.2333 -0.8708
vn 0.4476 0.1486 -0.8818
vn -0.5047 0.0137 -0.8632
vn -0.9996 0.0269 -0.0000
vn 0.2077 -0.4498 0.8686
vn 0.2303 -0.4339 0.8710
vn 0.4194 -0.9078 -0.0000
vn -0.4193 0.9078 -0.0000
vn -0.4689 0.8832 -0.0000
vn -0.2386 0.4492 0.8610
vn -0.2116 0.4580 0.8634
vn -0.2386 0.4492 -0.8610
vn -0.2879 0.4279 -0.8567
vn -0.5578 0.8300 -0.0000
vn -0.2116 0.4580 -0.8634
vn 0.2077 -0.4498 -0.8686
vn -0.4680 0.1666 0.8679
vn 0.4742 -0.1687 0.8641
vn 0.4867 -0.1467 0.8612
vn -0.4705 0.1419 0.8709
vn 0.3229 -0.3574 -0.8764
vn 0.4821 -0.0527 0.8745
vn -0.5114 0.0562 0.8575
vn -0.5047 0.0137 0.8632
vn -0.4349 0.2795 -0.8560
vn -0.4754 0.2094 -0.8545
vn -0.9152 0.4031 -0.0000
vn -0.8410 0.5411 -0.0000
vn -0.2879 0.4279 0.8567
vn -0.7630 0.6464 -0.0000
vn -0.4349 0.2795 0.8560
vn -0.3920 0.3320 0.8580
vn -0.4787 0.1053 0.8717
vn 0.4977 -0.1095 0.8604
vn 0.5028 -0.0719 0.8614
vn -0.4870 0.0696 0.8706
vn 0.9574 -0.2886 -0.0000
vn 0.4867 -0.1467 -0.8612
vn 0.4977 -0.1095 -0.8604
vn 0.9767 -0.2148 -0.0000
vn 0.9899 -0.1415 -0.0000
vn -0.3466 0.3843 0.8557
vn -0.3466 0.3843 -0.8557
vn -0.6704 0.7420 -0.0000
vn -0.4754 0.2094 0.8545
vn 0.4387 -0.1932 0.8776
vn 0.4056 -0.2610 0.8760
vn -0.9403 0.3404 -0.0000
vn -0.9529 0.3033 -0.0000
vn -0.4834 0.1538 0.8618
vn -0.4720 0.1709 0.8649
vn 0.4742 -0.1687 -0.8641
vn -0.4680 0.1666 -0.8679
vn -0.4705 0.1419 -0.8709
vn 0.9687 -0.2483 -0.0000
vn 0.4654 -0.1193 -0.8770
vn -0.4787 0.1053 -0.8717
vn -0.4870 0.0696 -0.8706
vn 0.5028 -0.0719 -0.8614
vn -0.4958 0.0116 -0.8684
vn -0.9997 0.0236 -0.0000
vn -0.4958 0.0116 0.8684
vn -0.5023 0.1288 0.8550
vn 0.4654 -0.1193 0.8770
vn 0.3706 -0.3140 0.8741
vn 0.7630 -0.6463 -0.0000
vn 0.3706 -0.3140 -0.8741
vn -0.3920 0.3320 -0.8580
vn -0.9421 0.3353 -0.0000
vn -0.9574 0.2886 -0.0000
vn -0.9491 -0.3150 -0.0000
vn -0.4995 -0.1659 0.8503
vn 0.9421 -0.3353 -0.0000
vn 0.9940 -0.1092 -0.0000
vn 0.4821 -0.0527 -0.8745
vn 0.4950 -0.0133 -0.8688
vn 0.4718 0.0480 -0.8804
vn -0.4995 -0.1659 -0.8503
vn -0.5213 -0.0533 -0.8517
vn -0.4538 -0.2690 -0.8495
vn -0.4904 0.0366 -0.8707
vn -0.9972 0.0744 -0.0000
vn -0.8599 -0.5104 -0.0000
vn -0.4538 -0.2690 0.8495
vn 0.4783 -0.0406 -0.8773
vn -0.5172 0.0435 -0.8548
vn -0.5005 0.1127 -0.8584
vn 0.4746 -0.1071 -0.8737
vn 0.4783 -0.0406 0.8773
vn 0.9964 -0.0842 -0.0000
vn 0.4746 -0.1071 0.8737
vn -0.5005 0.1127 0.8583
vn -0.4904 0.0366 0.8707
vn -0.4720 0.1709 -0.8649
vn -0.4834 0.1538 -0.8618
vn 0.5066 -0.0378 0.8614
vn 0.4683 -0.1696 -0.8671
vn 0.4693 -0.1495 -0.8703
vn -0.9755 0.2198 -0.0000
vn 0.4683 -0.1696 0.8671
vn 0.4694 -0.1495 0.8703
vn 0.9755 -0.2199 -0.0000
vn 0.9529 -0.3034 -0.0000
vn 0.9403 -0.3404 -0.0000
vn -0.9767 0.2148 -0.0000
vn -0.9899 0.1415 -0.0000
vn -0.8054 -0.5927 -0.0000
vn -0.5134 -0.3778 0.7705
vn 0.3296 0.2025 0.9221
vn 0.8521 0.5234 -0.0000
vn 0.3296 0.2025 -0.9221
vn -0.5134 -0.3778 -0.7705
vn -0.1735 -0.4599 -0.8709
vn -0.3521 -0.9359 -0.0000
vn 0.1736 0.4859 -0.8566
vn -0.1735 -0.4599 0.8709
vn -0.4521 -0.1607 0.8774
vn 0.4892 0.1739 0.8547
vn 0.4550 0.2410 0.8573
vn -0.4281 -0.2272 0.8747
vn 0.4919 0.0309 -0.8701
vn -0.5061 -0.0320 -0.8619
vn -0.5019 -0.0122 -0.8648
vn 0.4978 0.0121 -0.8672
vn -0.5061 -0.0320 0.8619
vn 0.4919 0.0309 0.8701
vn 0.4978 0.0121 0.8672
vn -0.5019 -0.0122 0.8648
vn 0.5167 0.0485 0.8548
vn 0.5218 -0.0483 0.8517
vn 0.9958 -0.0918 -0.0000
vn 0.9956 0.0938 -0.0000
vn -0.4787 -0.8780 -0.0000
vn -0.4145 -0.9101 -0.0000
vn -0.2049 -0.4500 -0.8692
vn -0.2336 -0.4288 -0.8727
vn -0.9958 0.0919 -0.0000
vn -0.9520 0.3060 -0.0000
vn -0.4490 0.1443 0.8818
vn -0.4723 0.0434 0.8804
vn 0.4208 0.2958 -0.8575
vn 0.4550 0.2410 -0.8573
vn -0.4281 -0.2272 -0.8747
vn -0.3971 -0.2787 -0.8745
vn -0.4949 -0.0181 -0.8688
vn -0.4999 -0.0081 -0.8661
vn -0.9999 -0.0161 -0.0000
vn -0.9993 -0.0368 -0.0000
vn -0.4999 -0.0081 0.8661
vn -0.4949 -0.0181 0.8688
vn -0.8857 0.4643 -0.0000
vn -0.4350 0.2291 0.8708
vn -0.4490 0.1443 -0.8818
vn -0.4350 0.2291 -0.8708
vn 0.9993 0.0367 -0.0000
vn 0.5045 0.0186 -0.8632
vn 0.5076 0.0510 -0.8601
vn 0.9950 0.1002 -0.0000
vn 0.7208 0.6932 -0.0000
vn 0.5887 0.8083 -0.0000
vn 0.3059 0.4195 0.8547
vn 0.3755 0.3617 0.8533
vn 0.4784 0.8782 -0.0000
vn 0.3059 0.4195 -0.8547
vn 0.2449 0.4490 -0.8593
vn -0.9950 -0.0999 -0.0000
vn -0.4871 -0.0490 0.8720
vn -0.4762 -0.0969 0.8740
vn -0.9798 -0.2001 -0.0000
vn 0.4841 0.0678 -0.8724
vn 0.4713 0.1172 -0.8741
vn -0.4985 -0.1243 -0.8580
vn -0.5059 -0.0707 -0.8597
vn -0.9422 -0.3350 -0.0000
vn -0.3439 -0.3308 -0.8788
vn -0.2825 -0.3880 -0.8773
vn 0.3755 0.3617 -0.8533
vn 0.2449 0.4490 0.8593
vn -0.2336 -0.4288 0.8727
vn -0.2825 -0.3880 0.8773
vn 0.5000 0.0081 0.8660
vn 0.9997 0.0244 -0.0000
vn 0.9999 0.0161 -0.0000
vn -0.8181 -0.5751 -0.0000
vn -0.8837 -0.4680 -0.0000
vn -0.3971 -0.2787 0.8745
vn 0.4208 0.2958 0.8575
vn 0.9461 0.3238 -0.0000
vn 0.9703 0.2420 -0.0000
vn 0.4713 0.1172 0.8741
vn 0.4670 0.1601 0.8697
vn -0.4985 -0.1243 0.8580
vn 0.4841 0.0678 0.8724
vn -0.5059 -0.0707 0.8597
vn 0.5076 0.0510 0.8601
vn 0.5045 0.0186 0.8632
vn -0.9903 -0.1388 -0.0000
vn -0.9705 -0.2412 -0.0000
vn 0.4143 0.9101 -0.0000
vn 0.2095 0.4601 -0.8628
vn 0.4892 0.1739 -0.8547
vn 0.5032 0.1028 -0.8580
vn -0.4762 -0.0969 -0.8740
vn -0.4521 -0.1607 -0.8774
vn 0.8185 0.5744 -0.0000
vn -0.4871 -0.0490 -0.8720
vn -0.9734 -0.2293 -0.0000
vn -0.4735 -0.1117 0.8737
vn -0.4663 -0.1556 0.8708
vn -0.9486 -0.3165 -0.0000
vn 0.9422 0.3350 -0.0000
vn 0.9799 0.1995 -0.0000
vn 0.8833 0.4688 -0.0000
vn 0.5032 0.1028 0.8580
vn 0.5000 0.0081 -0.8660
vn -0.3439 -0.3308 0.8788
vn 0.9904 0.1384 -0.0000
vn 0.9980 0.0630 -0.0000
vn 0.2095 0.4601 0.8628
vn -0.4793 -0.1640 0.8622
vn 0.4822 0.1608 -0.8612
vn -0.4663 -0.1556 -0.8708
vn -0.4793 -0.1640 -0.8622
vn 0.4670 0.1601 -0.8697
vn 0.9486 0.3164 -0.0000
vn -0.5891 -0.8081 -0.0000
vn 0.4822 0.1608 0.8612
vn 0.4994 0.1175 0.8584
vn 0.9734 0.2293 -0.0000
vn 0.5218 -0.0483 -0.8517
vn 0.5011 -0.1610 -0.8503
vn -0.4723 0.0434 -0.8804
vn 0.4564 -0.2646 -0.8495
vn -0.9460 -0.3241 -0.0000
vn -0.9980 -0.0628 -0.0000
vn -0.7201 -0.6939 -0.0000
vn 0.4564 -0.2645 0.8495
vn 0.8648 -0.5021 -0.0000
vn 0.9521 -0.3058 -0.0000
vn 0.5011 -0.1610 0.8503
vn 0.5167 0.0485 -0.8548
vn -0.4779 -0.0452 -0.8773
vn -0.4735 -0.1117 -0.8737
vn 0.4994 0.1175 -0.8584
vn -0.9956 -0.0939 -0.0000
vn -0.4779 -0.0452 0.8773
vn -0.2049 -0.4500 0.8692
vn -0.9997 -0.0244 -0.0000
vn 0.5170 -0.3728 0.7705
vn 0.8111 -0.5849 -0.0000
vn -0.3316 0.1993 0.9221
vn -0.8571 0.5152 -0.0000
vn -0.3316 0.1993 -0.9221
vn 0.5170 -0.3728 -0.7705
vn 0.3212 0.3122 0.8941
vn 0.2646 0.6205 0.7382
vn 0.4995 0.6205 0.6046
vn 0.6060 0.3123 0.7316
vn -0.6060 0.3123 0.7316
vn -0.4995 0.6205 0.6046
vn -0.2646 0.6205 0.7382
vn -0.3212 0.3122 0.8941
vn -0.0000 0.3121 -0.9501
vn -0.0000 0.6205 -0.7842
vn -0.2646 0.6205 -0.7382
vn -0.3212 0.3121 -0.8941
vn 0.6765 0.6205 0.3967
vn 0.8200 0.3126 0.4796
vn -0.0000 0.6205 0.7842
vn -0.0000 0.3121 0.9501
vn -0.4995 0.6205 -0.6046
vn -0.6060 0.3123 -0.7316
vn 0.7719 0.6205 0.1382
vn 0.9351 0.3127 0.1670
vn -0.6765 0.6205 -0.3967
vn -0.8200 0.3126 -0.4796
vn 0.7719 0.6205 -0.1382
vn 0.9351 0.3127 -0.1670
vn -0.7719 0.6205 -0.1382
vn -0.9351 0.3127 -0.1670
vn 0.6765 0.6205 -0.3967
vn 0.8200 0.3126 -0.4796
vn -0.7719 0.6205 0.1382
vn -0.9351 0.3127 0.1670
vn 0.4995 0.6205 -0.6046
vn 0.6060 0.3123 -0.7316
vn -0.6765 0.6205 0.3967
vn -0.8200 0.3126 0.4796
vn 0.2646 0.6205 -0.7382
vn 0.3212 0.3122 -0.8941
vn 0.3208 -0.3036 -0.8971
vn -0.0000 -0.3039 -0.9527
vn -0.8219 -0.3022 0.4829
vn -0.6062 -0.3030 0.7353
vn -0.0000 -0.3039 0.9527
vn 0.3208 -0.3036 0.8971
vn 0.6062 -0.3030 -0.7353
vn -0.9384 -0.3017 0.1684
vn 0.8219 -0.3022 -0.4829
vn -0.9384 -0.3017 -0.1684
vn 0.9384 -0.3017 -0.1684
vn -0.8219 -0.3022 -0.4829
vn 0.9384 -0.3017 0.1684
vn -0.6062 -0.3030 -0.7353
vn 0.8219 -0.3022 0.4829
vn -0.3208 -0.3036 -0.8971
vn -0.3208 -0.3036 0.8971
vn 0.6062 -0.3030 0.7353
vn -0.3212 -0.3122 -0.8941
vn -0.6060 -0.3123 -0.7316
vn -0.3935 0.7864 -0.4763
vn -0.2084 0.7863 -0.5816
vn 0.6060 -0.3123 -0.7316
vn 0.3212 -0.3122 -0.8941
vn 0.2084 0.7863 -0.5816
vn 0.3935 0.7864 -0.4763
vn -0.0000 -0.3121 0.9501
vn 0.3212 -0.3122 0.8941
vn 0.2084 0.7863 0.5816
vn -0.0000 0.7863 0.6179
vn -0.8200 -0.3126 -0.4796
vn -0.5328 0.7864 -0.3124
vn -0.0000 -0.3121 -0.9501
vn -0.0000 0.7863 -0.6179
vn 0.6060 -0.3123 0.7316
vn 0.3935 0.7864 0.4763
vn -0.9351 -0.3127 -0.1670
vn -0.6079 0.7865 -0.1089
vn 0.8200 -0.3126 0.4796
vn 0.5328 0.7864 0.3124
vn -0.9351 -0.3127 0.1670
vn -0.6079 0.7865 0.1089
vn 0.9351 -0.3127 0.1670
vn 0.6079 0.7865 0.1089
vn -0.8200 -0.3126 0.4796
vn -0.5328 0.7864 0.3124
vn 0.9351 -0.3127 -0.1670
vn 0.6079 0.7865 -0.1089
vn -0.6060 -0.3123 0.7316
vn -0.3935 0.7864 0.4763
vn 0.8200 -0.3126 -0.4796
vn 0.5328 0.7864 -0.3124
vn -0.3212 -0.3122 0.8941
vn -0.2084 0.7863 0.5816
vn -0.1023 -0.9527 0.2863
vn -0.0000 -0.9526 0.3043
vn 0.2608 -0.9531 -0.1533
vn 0.1929 -0.9529 -0.2341
vn -0.0000 -0.9526 -0.3043
vn -0.1023 -0.9527 -0.2863
vn -0.1929 -0.9529 0.2341
vn 0.2972 -0.9533 -0.0534
vn -0.2608 -0.9531 0.1533
vn 0.2972 -0.9533 0.0534
vn -0.2972 -0.9533 0.0534
vn 0.2608 -0.9531 0.1533
vn -0.2972 -0.9533 -0.0534
vn 0.1929 -0.9529 0.2341
vn -0.2608 -0.9531 -0.1533
vn 0.1023 -0.9527 0.2863
vn 0.1023 -0.9527 -0.2863
vn -0.1929 -0.9529 -0.2341
vn -0.0000 -0.5710 -0.8209
vn -0.0000 0.5059 -0.8626
vn 0.2913 0.5064 -0.8116
vn 0.2775 -0.5708 -0.7728
vn 0.5492 0.5076 -0.6638
vn 0.5239 -0.5700 -0.6329
vn 0.7427 0.5091 -0.4349
vn 0.7097 -0.5691 -0.4153
vn 0.8467 0.5100 -0.1514
vn 0.8098 -0.5685 -0.1447
vn 0.8467 0.5100 0.1514
vn 0.8098 -0.5685 0.1447
vn 0.7427 0.5091 0.4349
vn 0.7097 -0.5691 0.4153
vn 0.5492 0.5076 0.6638
vn 0.5239 -0.5700 0.6329
vn 0.2913 0.5064 0.8116
vn 0.2775 -0.5708 0.7728
vn -0.0000 0.5059 0.8626
vn -0.0000 -0.5710 0.8209
vn -0.2913 0.5064 0.8116
vn -0.2775 -0.5708 0.7728
vn -0.5492 0.5076 0.6638
vn -0.5239 -0.5700 0.6329
vn -0.7428 0.5091 0.4349
vn -0.7097 -0.5691 0.4153
vn -0.8467 0.5100 0.1514
vn -0.8098 -0.5685 0.1447
vn -0.8467 0.5100 -0.1514
vn -0.8098 -0.5685 -0.1447
vn -0.7428 0.5091 -0.4349
vn -0.7097 -0.5691 -0.4153
vn -0.5492 0.5076 -0.6638
vn -0.5239 -0.5700 -0.6329
vn -0.2772 0.9002 0.3359
vn -0.3746 0.9008 0.2199
vn -0.2913 0.5064 -0.8116
vn -0.2775 -0.5708 -0.7728
vn -0.4001 0.7785 0.4836
vn -0.5407 0.7793 0.3166
vn -0.2772 0.9002 -0.3359
vn -0.1471 0.8997 -0.4110
vn 0.4267 0.9011 -0.0765
vn 0.4267 0.9011 0.0765
vn -0.0000 0.8995 0.4370
vn -0.1471 0.8997 0.4110
vn -0.4267 0.9011 -0.0765
vn -0.3746 0.9008 -0.2199
vn 0.2772 0.9002 -0.3359
vn 0.3746 0.9008 -0.2199
vn 0.2772 0.9002 0.3359
vn 0.1471 0.8997 0.4110
vn -0.0000 0.8995 -0.4370
vn 0.1471 0.8997 -0.4110
vn -0.4267 0.9011 0.0765
vn 0.3746 0.9008 0.2199
vn -0.6161 0.7799 0.1102
vn -0.8045 0.3619 0.4710
vn -0.9173 0.3628 0.1640
vn 0.6161 0.7799 -0.1102
vn 0.6161 0.7799 0.1102
vn 0.5407 0.7793 0.3166
vn -0.6161 0.7799 -0.1102
vn 0.4001 0.7785 0.4836
vn -0.5407 0.7793 -0.3166
vn 0.2123 0.7777 0.5917
vn -0.0000 0.7774 -0.6290
vn 0.2123 0.7777 -0.5917
vn -0.4001 0.7785 -0.4836
vn -0.0000 0.7774 0.6290
vn 0.4001 0.7785 -0.4836
vn -0.2123 0.7777 -0.5917
vn -0.2123 0.7777 0.5917
vn 0.5407 0.7793 -0.3166
vn -0.9173 0.3628 -0.1640
vn -0.6935 0.7097 0.1241
vn -0.6935 0.7097 -0.1241
vn 0.9173 0.3628 0.1640
vn 0.8045 0.3619 0.4710
vn 0.5946 0.3604 0.7187
vn -0.8045 0.3619 -0.4710
vn 0.3152 0.3592 0.8784
vn -0.0000 0.3587 -0.9335
vn 0.3152 0.3592 -0.8784
vn -0.5946 0.3604 -0.7187
vn -0.0000 0.3587 0.9335
vn 0.5946 0.3604 -0.7187
vn -0.3152 0.3592 -0.8784
vn -0.3152 0.3592 0.8784
vn 0.8045 0.3619 -0.4710
vn -0.5946 0.3604 0.7187
vn 0.9173 0.3628 -0.1640
vn -0.6086 0.7088 -0.3566
vn -0.2634 0.9635 -0.0473
vn -0.2312 0.9634 -0.1359
vn 0.6086 0.7088 0.3566
vn 0.4504 0.7074 0.5447
vn 0.2390 0.7062 0.6665
vn -0.0000 0.7057 -0.7085
vn 0.2390 0.7062 -0.6665
vn -0.4504 0.7074 -0.5447
vn -0.0000 0.7057 0.7085
vn 0.4504 0.7074 -0.5447
vn -0.2390 0.7062 -0.6665
vn -0.2390 0.7062 0.6665
vn 0.6086 0.7088 -0.3566
vn -0.4504 0.7074 0.5447
vn 0.6935 0.7097 -0.1241
vn -0.6086 0.7088 0.3566
vn 0.6935 0.7097 0.1241
vn 0.2312 0.9634 0.1359
vn 0.2633 0.9635 0.0473
vn 0.7655 0.6287 0.1371
vn 0.6708 0.6288 0.3933
vn 0.1711 0.9631 0.2076
vn 0.0908 0.9629 0.2540
vn -0.0000 0.9628 -0.2701
vn 0.0908 0.9629 -0.2540
vn -0.1711 0.9631 -0.2076
vn -0.0000 0.9628 0.2701
vn 0.1711 0.9631 -0.2076
vn -0.0908 0.9629 -0.2540
vn -0.0908 0.9629 0.2540
vn 0.2312 0.9634 -0.1359
vn -0.1711 0.9631 0.2076
vn 0.2633 0.9635 -0.0473
vn -0.2312 0.9634 0.1359
vn -0.2634 0.9635 0.0473
vn 0.4952 0.6289 0.5994
vn 0.8619 0.0542 0.5042
vn 0.6369 0.0541 0.7691
vn -0.7655 0.6287 0.1371
vn -0.7655 0.6287 -0.1371
vn -0.6708 0.6288 -0.3933
vn 0.2623 0.6290 0.7318
vn -0.0000 0.6291 -0.7774
vn 0.2623 0.6290 -0.7318
vn -0.4952 0.6289 -0.5994
vn -0.0000 0.6291 0.7774
vn 0.4952 0.6289 -0.5994
vn -0.2623 0.6290 -0.7318
vn -0.2623 0.6290 0.7318
vn 0.6708 0.6288 -0.3933
vn -0.4952 0.6289 0.5994
vn 0.7655 0.6287 -0.1371
vn -0.6708 0.6288 0.3933
vn 0.3375 0.0539 0.9398
vn 0.5638 -0.4643 0.6830
vn 0.2986 -0.4642 0.8339
vn -0.9830 0.0544 -0.1756
vn -0.8619 0.0542 -0.5042
vn -0.0000 0.0539 -0.9985
vn 0.3375 0.0539 -0.9398
vn -0.6369 0.0541 -0.7691
vn -0.0000 0.0539 0.9985
vn 0.6369 0.0541 -0.7691
vn -0.3375 0.0539 -0.9398
vn -0.3375 0.0539 0.9398
vn 0.8619 0.0542 -0.5042
vn -0.6369 0.0541 0.7691
vn 0.9830 0.0544 -0.1756
vn -0.8619 0.0542 0.5042
vn 0.9830 0.0544 0.1756
vn -0.9830 0.0544 0.1756
vn -0.0000 -0.4642 0.8857
vn 0.3385 -0.0074 0.9409
vn -0.0000 -0.0074 1.0000
vn -0.0000 -0.4642 -0.8857
vn 0.2986 -0.4642 -0.8339
vn -0.7638 -0.4644 -0.4483
vn -0.5638 -0.4643 -0.6830
vn 0.5638 -0.4643 -0.6830
vn -0.2986 -0.4642 -0.8339
vn -0.2986 -0.4642 0.8339
vn 0.7638 -0.4644 -0.4483
vn -0.5638 -0.4643 0.6830
vn 0.8717 -0.4645 -0.1562
vn -0.7638 -0.4644 0.4483
vn 0.8717 -0.4645 0.1562
vn -0.8717 -0.4645 0.1562
vn 0.7638 -0.4644 0.4483
vn -0.8717 -0.4645 -0.1562
vn -0.2466 -0.6830 0.6876
vn -0.0000 -0.6827 0.7307
vn -0.0000 -0.3401 0.9404
vn -0.3174 -0.3406 0.8850
vn 0.3385 -0.0074 -0.9409
vn 0.6384 -0.0073 -0.7697
vn -0.6384 -0.0073 -0.7697
vn -0.3385 -0.0074 -0.9409
vn -0.3385 -0.0074 0.9409
vn 0.8635 -0.0073 -0.5044
vn -0.0000 -0.0074 -1.0000
vn -0.6384 -0.0073 0.7697
vn 0.9844 -0.0073 -0.1756
vn -0.8635 -0.0073 0.5044
vn 0.9844 -0.0073 0.1756
vn -0.9844 -0.0073 0.1756
vn 0.8635 -0.0073 0.5044
vn -0.9844 -0.0073 -0.1756
vn 0.6384 -0.0073 0.7697
vn -0.8635 -0.0073 -0.5044
vn -0.6111 -0.2844 0.7386
vn -0.3239 -0.2834 0.9026
vn -0.3368 -0.0753 0.9386
vn -0.6356 -0.0756 0.7683
vn 0.6293 -0.6841 -0.3687
vn 0.4652 -0.6835 -0.5625
vn 0.5988 -0.3420 -0.7242
vn 0.8103 -0.3436 -0.4748
vn -0.0000 -0.6827 -0.7307
vn -0.2466 -0.6830 -0.6876
vn -0.3174 -0.3406 -0.8850
vn -0.0000 -0.3401 -0.9404
vn -0.4652 -0.6835 0.5625
vn -0.5988 -0.3420 0.7242
vn 0.7176 -0.6845 -0.1284
vn 0.9241 -0.3446 -0.1654
vn -0.6293 -0.6841 0.3687
vn -0.8103 -0.3436 0.4748
vn 0.7176 -0.6845 0.1284
vn 0.9241 -0.3446 0.1654
vn -0.7176 -0.6845 0.1284
vn -0.9241 -0.3446 0.1654
vn 0.6293 -0.6841 0.3687
vn 0.8103 -0.3436 0.4748
vn -0.7176 -0.6845 -0.1284
vn -0.9241 -0.3446 -0.1654
vn 0.4652 -0.6835 0.5625
vn 0.5988 -0.3420 0.7242
vn -0.6293 -0.6841 -0.3687
vn -0.8103 -0.3436 -0.4748
vn 0.2466 -0.6829 0.6876
vn 0.3174 -0.3406 0.8850
vn 0.2466 -0.6829 -0.6876
vn 0.3174 -0.3406 -0.8850
vn -0.4652 -0.6835 -0.5625
vn -0.5988 -0.3420 -0.7242
vn -0.8604 -0.0760 0.5038
vn -0.6324 0.1261 0.7643
vn -0.8560 0.1267 0.5012
vn 0.9431 -0.2865 -0.1687
vn 0.8270 -0.2857 -0.4842
vn 0.8604 -0.0760 -0.5038
vn 0.9815 -0.0763 -0.1755
vn -0.8270 -0.2857 0.4842
vn 0.9431 -0.2865 0.1687
vn 0.9815 -0.0763 0.1755
vn -0.9431 -0.2865 0.1687
vn -0.9815 -0.0763 0.1755
vn 0.8270 -0.2857 0.4842
vn 0.8604 -0.0760 0.5038
vn -0.9431 -0.2865 -0.1687
vn -0.9815 -0.0763 -0.1755
vn 0.6111 -0.2844 0.7386
vn 0.6356 -0.0756 0.7683
vn -0.8270 -0.2857 -0.4842
vn -0.8604 -0.0760 -0.5038
vn 0.3239 -0.2834 0.9026
vn 0.3368 -0.0753 0.9386
vn 0.3239 -0.2834 -0.9026
vn -0.0000 -0.2829 -0.9591
vn -0.0000 -0.0752 -0.9972
vn 0.3368 -0.0753 -0.9386
vn -0.6111 -0.2844 -0.7386
vn -0.6356 -0.0756 -0.7683
vn -0.0000 -0.2829 0.9591
vn -0.0000 -0.0752 0.9972
vn 0.6111 -0.2844 -0.7386
vn 0.6356 -0.0756 -0.7683
vn -0.3239 -0.2834 -0.9026
vn -0.3368 -0.0753 -0.9386
vn -0.9517 0.2556 0.1702
vn -0.8344 0.2548 0.4887
vn -0.8138 -0.3312 0.4775
vn -0.9286 -0.3318 0.1664
vn 0.9764 0.1271 -0.1746
vn 0.9764 0.1271 0.1746
vn -0.9764 0.1271 0.1746
vn 0.8560 0.1267 0.5012
vn -0.9764 0.1271 -0.1746
vn 0.6324 0.1261 0.7643
vn -0.8560 0.1267 -0.5012
vn 0.3351 0.1256 0.9338
vn -0.0000 0.1254 -0.9921
vn 0.3351 0.1256 -0.9338
vn -0.6324 0.1261 -0.7643
vn -0.0000 0.1254 0.9921
vn 0.6324 0.1261 -0.7643
vn -0.3351 0.1256 -0.9338
vn -0.3351 0.1256 0.9338
vn 0.8560 0.1267 -0.5012
vn -0.9286 -0.3318 -0.1664
vn -0.9607 -0.2183 0.1716
vn -0.9607 -0.2183 -0.1716
vn 0.8344 0.2548 0.4887
vn 0.9517 0.2556 0.1702
vn 0.9286 -0.3318 0.1664
vn 0.8138 -0.3312 0.4775
vn -0.9517 0.2556 -0.1702
vn 0.6165 0.2536 0.7454
vn 0.6010 -0.3303 0.7278
vn -0.8344 0.2548 -0.4887
vn -0.8138 -0.3312 -0.4775
vn 0.3267 0.2525 0.9108
vn 0.3184 -0.3295 0.8889
vn 0.3267 0.2525 -0.9108
vn -0.0000 0.2521 -0.9677
vn -0.0000 -0.3292 -0.9443
vn 0.3184 -0.3295 -0.8889
vn -0.6165 0.2536 -0.7454
vn -0.6010 -0.3303 -0.7278
vn -0.0000 0.2521 0.9677
vn -0.0000 -0.3292 0.9443
vn 0.6165 0.2536 -0.7454
vn 0.6010 -0.3303 -0.7278
vn -0.3267 0.2525 -0.9108
vn -0.3184 -0.3295 -0.8889
vn -0.3267 0.2525 0.9108
vn -0.3183 -0.3295 0.8889
vn 0.8344 0.2548 -0.4887
vn 0.8138 -0.3312 -0.4775
vn -0.6165 0.2536 0.7454
vn -0.6010 -0.3303 0.7278
vn 0.9517 0.2556 -0.1702
vn 0.9286 -0.3318 -0.1664
vn -0.7869 0.4103 -0.4610
vn -0.8972 0.4115 -0.1605
vn -0.8888 0.4298 -0.1590
vn -0.7796 0.4286 -0.4567
vn 0.8424 -0.2182 0.4926
vn 0.6226 -0.2181 0.7515
vn -0.8424 -0.2182 -0.4926
vn 0.3301 -0.2180 0.9184
vn -0.0000 -0.2180 -0.9760
vn 0.3301 -0.2180 -0.9184
vn -0.6226 -0.2181 -0.7515
vn -0.0000 -0.2180 0.9760
vn 0.6226 -0.2181 -0.7515
vn -0.3301 -0.2180 -0.9184
vn -0.3301 -0.2180 0.9184
vn 0.8424 -0.2182 -0.4926
vn -0.6226 -0.2181 0.7515
vn 0.9607 -0.2183 -0.1716
vn -0.8424 -0.2182 0.4926
vn 0.9607 -0.2183 0.1716
vn 0.3056 0.4253 -0.8519
vn -0.0000 0.4246 -0.9054
vn -0.0000 0.6741 -0.7386
vn 0.2492 0.6746 -0.6948
vn 0.3084 0.4070 0.8598
vn 0.5817 0.4085 0.7034
vn 0.5763 0.4268 0.6969
vn 0.3056 0.4253 0.8519
vn 0.3084 0.4070 -0.8598
vn -0.0000 0.4064 -0.9137
vn -0.5817 0.4085 -0.7034
vn -0.5763 0.4268 -0.6969
vn -0.0000 0.4064 0.9137
vn -0.0000 0.4246 0.9054
vn 0.5817 0.4085 -0.7034
vn 0.5763 0.4268 -0.6969
vn -0.3084 0.4070 -0.8598
vn -0.3056 0.4253 -0.8519
vn -0.3084 0.4070 0.8598
vn -0.3056 0.4253 0.8519
vn 0.7869 0.4103 -0.4610
vn 0.7796 0.4286 -0.4567
vn -0.5817 0.4085 0.7034
vn -0.5763 0.4268 0.6969
vn 0.8972 0.4115 -0.1605
vn 0.8888 0.4298 -0.1590
vn -0.7869 0.4103 0.4610
vn -0.7796 0.4286 0.4567
vn 0.8972 0.4115 0.1605
vn 0.8888 0.4298 0.1590
vn -0.8972 0.4115 0.1605
vn -0.8888 0.4298 0.1590
vn 0.7869 0.4103 0.4610
vn 0.7796 0.4286 0.4567
vn 0.4697 0.6758 -0.5680
vn 0.2855 0.5326 -0.7968
vn 0.5386 0.5337 -0.6520
vn -0.6349 0.6772 -0.3720
vn -0.4697 0.6758 -0.5680
vn 0.2492 0.6746 0.6948
vn -0.0000 0.6741 0.7386
vn -0.2492 0.6746 -0.6948
vn -0.2492 0.6746 0.6948
vn 0.6349 0.6772 -0.3720
vn -0.4697 0.6758 0.5680
vn 0.7235 0.6781 -0.1295
vn -0.6349 0.6772 0.3720
vn 0.7235 0.6781 0.1295
vn -0.7235 0.6781 0.1295
vn 0.6349 0.6772 0.3720
vn -0.7235 0.6781 -0.1295
vn 0.4697 0.6758 0.5680
vn 0.7288 0.5350 -0.4274
vn 0.5015 -0.6165 -0.6069
vn 0.6785 -0.6176 -0.3978
vn -0.5386 0.5337 -0.6520
vn -0.2855 0.5326 -0.7968
vn -0.0000 0.5321 0.8467
vn -0.2855 0.5326 0.7968
vn -0.0000 0.5321 -0.8467
vn -0.5386 0.5337 0.6520
vn 0.8311 0.5359 -0.1488
vn -0.7288 0.5350 0.4274
vn 0.8311 0.5359 0.1488
vn -0.8311 0.5359 0.1488
vn 0.7288 0.5350 0.4274
vn -0.8311 0.5359 -0.1488
vn 0.5386 0.5337 0.6520
vn -0.7288 0.5350 -0.4274
vn 0.2855 0.5326 0.7968
vn 0.3106 -0.9489 -0.0556
vn 0.2731 -0.9486 -0.1601
vn 0.8488 -0.1832 -0.4960
vn 0.9679 -0.1828 -0.1727
vn -0.2659 -0.6156 -0.7418
vn -0.0000 -0.6153 -0.7883
vn -0.2659 -0.6156 0.7418
vn -0.5015 -0.6165 0.6069
vn 0.7737 -0.6183 -0.1385
vn -0.6785 -0.6176 0.3978
vn 0.7737 -0.6183 0.1385
vn -0.7737 -0.6183 0.1385
vn 0.6785 -0.6176 0.3978
vn -0.7737 -0.6183 -0.1385
vn 0.5015 -0.6165 0.6069
vn -0.6785 -0.6176 -0.3978
vn 0.2659 -0.6156 0.7418
vn 0.2659 -0.6156 -0.7418
vn -0.5015 -0.6165 -0.6069
vn -0.0000 -0.6153 0.7883
vn 0.6511 0.7500 0.1165
vn 0.6511 0.7500 -0.1165
vn 0.8888 0.4298 -0.1592
vn 0.8888 0.4298 0.1592
vn -0.2731 -0.9486 0.1601
vn -0.2026 -0.9481 0.2451
vn -0.6274 -0.1838 0.7567
vn -0.8488 -0.1832 0.4960
vn 0.3106 -0.9489 0.0556
vn 0.9679 -0.1828 0.1727
vn -0.3106 -0.9489 0.0556
vn -0.9679 -0.1828 0.1727
vn 0.2731 -0.9486 0.1601
vn 0.8488 -0.1832 0.4960
vn -0.3106 -0.9489 -0.0556
vn -0.9679 -0.1828 -0.1727
vn 0.2026 -0.9481 0.2451
vn 0.6274 -0.1838 0.7567
vn -0.2731 -0.9486 -0.1601
vn -0.8488 -0.1832 -0.4960
vn 0.1077 -0.9477 0.3006
vn 0.3326 -0.1844 0.9249
vn 0.1077 -0.9477 -0.3006
vn -0.0000 -0.9475 -0.3198
vn -0.0000 -0.1846 -0.9828
vn 0.3326 -0.1844 -0.9249
vn -0.2026 -0.9481 -0.2451
vn -0.6274 -0.1838 -0.7567
vn -0.0000 -0.9475 0.3198
vn -0.0000 -0.1846 0.9828
vn 0.2026 -0.9481 -0.2451
vn 0.6274 -0.1838 -0.7567
vn -0.1077 -0.9477 -0.3006
vn -0.3326 -0.1844 -0.9249
vn -0.1077 -0.9477 0.3006
vn -0.3326 -0.1844 0.9249
vn 0.7793 0.4288 0.4570
vn 0.9514 0.2566 0.1701
vn 0.8343 0.2560 0.4883
vn -0.6511 0.7500 0.1165
vn -0.5718 0.7488 0.3351
vn -0.7793 0.4288 0.4570
vn -0.8888 0.4298 0.1592
vn 0.5718 0.7488 0.3351
vn -0.6511 0.7500 -0.1165
vn -0.8888 0.4298 -0.1592
vn 0.4235 0.7471 0.5123
vn 0.5758 0.4273 0.6970
vn -0.5718 0.7488 -0.3351
vn -0.7793 0.4288 -0.4570
vn 0.2249 0.7456 0.6272
vn 0.3052 0.4261 0.8517
vn 0.2249 0.7456 -0.6272
vn -0.0000 0.7451 -0.6670
vn -0.0000 0.4256 -0.9049
vn 0.3052 0.4261 -0.8517
vn -0.4235 0.7471 -0.5123
vn -0.5758 0.4273 -0.6970
vn -0.0000 0.7451 0.6670
vn -0.0000 0.4256 0.9049
vn 0.4235 0.7471 -0.5123
vn 0.5758 0.4273 -0.6970
vn -0.2249 0.7456 -0.6272
vn -0.3052 0.4261 -0.8517
vn -0.2249 0.7456 0.6272
vn -0.3052 0.4261 0.8517
vn 0.5718 0.7488 -0.3351
vn 0.7793 0.4288 -0.4570
vn -0.4235 0.7471 0.5123
vn -0.5758 0.4273 0.6970
vn 0.6165 0.2550 0.7449
vn 0.8304 0.2709 0.4868
vn 0.6134 0.2696 0.7423
vn -0.9514 0.2566 0.1701
vn -0.9514 0.2566 -0.1701
vn -0.8343 0.2560 -0.4883
vn 0.3268 0.2542 0.9103
vn -0.0000 0.2538 -0.9672
vn 0.3268 0.2542 -0.9103
vn -0.6165 0.2550 -0.7449
vn -0.0000 0.2538 0.9672
vn 0.6165 0.2550 -0.7449
vn -0.3268 0.2542 -0.9103
vn -0.3268 0.2542 0.9103
vn 0.8343 0.2560 -0.4883
vn -0.6165 0.2550 0.7449
vn 0.9514 0.2566 -0.1701
vn -0.8343 0.2560 0.4883
vn 0.3377 -0.0000 0.9413
vn 0.6374 -0.0000 0.7706
vn 0.4731 0.6701 0.5720
vn 0.2506 0.6704 0.6984
vn -0.9473 0.2717 -0.1696
vn -0.8304 0.2709 -0.4868
vn 0.3250 0.2686 0.9068
vn -0.0000 0.2682 -0.9634
vn 0.3250 0.2686 -0.9068
vn -0.6134 0.2696 -0.7423
vn -0.0000 0.2682 0.9634
vn 0.6134 0.2696 -0.7423
vn -0.3250 0.2686 -0.9068
vn -0.3250 0.2686 0.9068
vn 0.8304 0.2709 -0.4868
vn -0.6134 0.2696 0.7423
vn 0.9473 0.2717 -0.1696
vn -0.8304 0.2709 0.4868
vn 0.9473 0.2717 0.1696
vn -0.9473 0.2717 0.1696
vn -0.0000 1.0000 -0.0000
vn 0.1349 0.9171 0.3752
vn -0.0000 0.9169 0.3992
vn 0.3377 -0.0000 -0.9413
vn -0.0000 -0.0000 -1.0000
vn -0.0000 0.6706 -0.7419
vn 0.2506 0.6704 -0.6984
vn -0.6374 -0.0000 -0.7706
vn -0.8629 -0.0000 -0.5054
vn -0.6408 0.6698 -0.3753
vn -0.4731 0.6701 -0.5720
vn -0.0000 -0.0000 1.0000
vn -0.0000 0.6706 0.7419
vn 0.6374 -0.0000 -0.7706
vn 0.4731 0.6701 -0.5720
vn -0.3377 -0.0000 -0.9413
vn -0.2506 0.6704 -0.6984
vn -0.3377 -0.0000 0.9413
vn -0.2506 0.6704 0.6984
vn 0.8629 -0.0000 -0.5054
vn 0.6407 0.6698 -0.3753
vn -0.6374 -0.0000 0.7706
vn -0.4731 0.6701 0.5720
vn 0.9844 -0.0000 -0.1761
vn 0.7312 0.6695 -0.1308
vn -0.8629 -0.0000 0.5054
vn -0.6407 0.6698 0.3753
vn 0.9844 -0.0000 0.1761
vn 0.7312 0.6695 0.1308
vn -0.9844 -0.0000 0.1761
vn -0.7312 0.6695 0.1308
vn 0.8629 -0.0000 0.5054
vn 0.6407 0.6698 0.3753
vn -0.9844 -0.0000 -0.1761
vn -0.7312 0.6695 -0.1308
vn -0.3105 0.3913 0.8663
vn -0.0000 0.3907 0.9205
vn -0.0000 -0.5707 0.8212
vn -0.2769 -0.5709 0.7729
vn 0.1349 0.9171 -0.3752
vn 0.2536 0.9176 -0.3060
vn -0.2536 0.9176 -0.3060
vn -0.1349 0.9171 -0.3752
vn -0.1349 0.9171 0.3752
vn 0.3418 0.9183 -0.1998
vn -0.0000 0.9169 -0.3992
vn -0.2536 0.9176 0.3060
vn 0.3888 0.9187 -0.0694
vn -0.3418 0.9183 0.1998
vn 0.3888 0.9187 0.0694
vn -0.3888 0.9187 0.0694
vn 0.3418 0.9183 0.1998
vn -0.3888 0.9187 -0.0694
vn 0.2536 0.9176 0.3060
vn -0.3418 0.9183 -0.1998
vn -0.5226 -0.5716 0.6326
vn -0.2804 -0.5578 0.7812
vn -0.5291 -0.5581 0.6393
vn 0.7928 0.3943 -0.4647
vn 0.5859 0.3927 -0.7089
vn 0.5226 -0.5716 -0.6326
vn 0.7073 -0.5725 -0.4148
vn -0.0000 0.3907 -0.9205
vn -0.3105 0.3913 -0.8663
vn -0.2769 -0.5709 -0.7729
vn -0.0000 -0.5707 -0.8212
vn -0.5859 0.3927 0.7089
vn 0.9041 0.3954 -0.1619
vn 0.8067 -0.5730 -0.1445
vn -0.7928 0.3943 0.4647
vn -0.7073 -0.5725 0.4148
vn 0.9041 0.3954 0.1619
vn 0.8067 -0.5730 0.1445
vn -0.9041 0.3954 0.1619
vn -0.8067 -0.5730 0.1445
vn 0.7928 0.3943 0.4647
vn 0.7073 -0.5725 0.4148
vn -0.9041 0.3954 -0.1619
vn -0.8067 -0.5730 -0.1445
vn 0.5859 0.3927 0.7089
vn 0.5226 -0.5716 0.6326
vn -0.7928 0.3943 -0.4647
vn -0.7073 -0.5725 -0.4148
vn 0.3105 0.3913 0.8663
vn 0.2769 -0.5709 0.7729
vn 0.3105 0.3913 -0.8663
vn 0.2769 -0.5709 -0.7729
vn -0.5859 0.3927 -0.7089
vn -0.5226 -0.5716 -0.6326
vn -0.4714 -0.6726 0.5704
vn -0.6378 -0.6734 0.3738
vn 0.7160 -0.5584 -0.4191
vn 0.8165 -0.5586 -0.1460
vn -0.7159 -0.5584 0.4191
vn 0.8165 -0.5586 0.1460
vn -0.8165 -0.5586 0.1460
vn 0.7160 -0.5584 0.4191
vn -0.8165 -0.5586 -0.1460
vn 0.5291 -0.5581 0.6393
vn -0.7159 -0.5584 -0.4191
vn 0.2804 -0.5578 0.7812
vn -0.0000 -0.5577 -0.8300
vn 0.2804 -0.5578 -0.7812
vn -0.5291 -0.5581 -0.6393
vn -0.0000 -0.5577 0.8300
vn 0.5291 -0.5581 -0.6393
vn -0.2804 -0.5578 -0.7812
vn -0.7272 -0.6739 0.1302
vn -0.8274 -0.2855 0.4836
vn -0.9436 -0.2849 0.1684
vn 0.7272 -0.6739 -0.1302
vn 0.7272 -0.6739 0.1302
vn 0.6378 -0.6734 0.3738
vn -0.7272 -0.6739 -0.1302
vn 0.4715 -0.6726 0.5704
vn -0.6378 -0.6734 -0.3738
vn 0.2500 -0.6719 0.6972
vn -0.0000 -0.6717 -0.7409
vn 0.2500 -0.6719 -0.6972
vn -0.4714 -0.6726 -0.5704
vn -0.0000 -0.6717 0.7409
vn 0.4715 -0.6726 -0.5704
vn -0.2499 -0.6719 -0.6972
vn -0.2499 -0.6719 0.6972
vn 0.6378 -0.6734 -0.3738
vn -0.9436 -0.2849 -0.1684
vn -0.5590 0.8231 0.1001
vn -0.5590 0.8231 -0.1001
vn 0.9436 -0.2849 0.1684
vn 0.8274 -0.2855 0.4836
vn 0.6114 -0.2865 0.7376
vn -0.8274 -0.2855 -0.4836
vn 0.3241 -0.2873 0.9014
vn -0.0000 -0.2876 -0.9577
vn 0.3241 -0.2873 -0.9014
vn -0.6114 -0.2865 -0.7376
vn -0.0000 -0.2876 0.9577
vn 0.6114 -0.2865 -0.7376
vn -0.3241 -0.2873 -0.9014
vn -0.3241 -0.2873 0.9014
vn 0.8274 -0.2855 -0.4836
vn -0.6114 -0.2865 0.7376
vn 0.9436 -0.2849 -0.1684
vn -0.4907 0.8224 -0.2877
vn -0.1857 0.9820 -0.0333
vn -0.1630 0.9820 -0.0958
vn 0.4907 0.8224 0.2877
vn 0.3633 0.8213 0.4398
vn 0.1929 0.8204 0.5383
vn -0.0000 0.8200 -0.5723
vn 0.1929 0.8204 -0.5383
vn -0.3633 0.8213 -0.4398
vn -0.0000 0.8200 0.5723
vn 0.3633 0.8213 -0.4398
vn -0.1929 0.8204 -0.5383
vn -0.1929 0.8204 0.5383
vn 0.4907 0.8224 -0.2877
vn -0.3633 0.8213 0.4398
vn 0.5589 0.8231 -0.1001
vn -0.4907 0.8224 0.2877
vn 0.5589 0.8231 0.1001
vn 0.0641 0.9817 -0.1793
vn -0.0000 0.9817 -0.1907
vn -0.0641 0.9817 -0.1793
vn -0.1207 0.9818 -0.1465
vn -0.1857 0.9820 0.0333
vn -0.1630 0.9820 0.0958
vn -0.1207 0.9818 0.1465
vn -0.0641 0.9817 0.1793
vn -0.0000 0.9817 0.1907
vn 0.0641 0.9817 0.1793
vn 0.1207 0.9818 0.1465
vn 0.1630 0.9820 0.0958
vn 0.1857 0.9820 0.0333
vn 0.1857 0.9820 -0.0333
vn 0.1630 0.9820 -0.0958
vn 0.1207 0.9818 -0.1465
vn -0.7974 0.3806 0.4682
vn -0.9103 0.3805 0.1632
vn 0.1851 -0.8365 0.5158
vn 0.3483 -0.8375 0.4210
vn -0.5885 0.3807 0.7132
vn 0.1851 -0.8365 -0.5158
vn -0.0000 -0.8361 -0.5486
vn -0.3116 0.3808 0.8706
vn -0.1851 -0.8365 0.5158
vn -0.0000 -0.8361 0.5486
vn -0.3483 -0.8375 -0.4210
vn -0.4700 -0.8387 -0.2752
vn -0.0000 0.3809 0.9246
vn 0.4700 -0.8387 -0.2752
vn 0.3483 -0.8375 -0.4210
vn 0.3116 0.3808 0.8706
vn -0.1851 -0.8365 -0.5158
vn 0.5885 0.3807 0.7133
vn -0.3483 -0.8375 0.4210
vn 0.7974 0.3806 0.4682
vn 0.5349 -0.8395 -0.0957
vn -0.3116 0.3808 -0.8706
vn -0.5885 0.3807 -0.7133
vn 0.5885 0.3807 -0.7133
vn 0.3116 0.3808 -0.8706
vn -0.7974 0.3806 -0.4682
vn -0.0000 0.3809 -0.9246
vn -0.9103 0.3805 -0.1632
vn -0.5349 -0.8395 -0.0957
vn 0.4700 -0.8387 0.2752
vn -0.5349 -0.8395 0.0957
vn 0.9103 0.3805 0.1632
vn 0.5349 -0.8395 0.0957
vn -0.4700 -0.8387 0.2752
vn 0.9103 0.3805 -0.1632
vn 0.7974 0.3806 -0.4682
vt 0.882143 0.653486
vt 0.882143 0.685241
vt 0.870472 0.685241
vt 0.870472 0.653486
vt 0.858802 0.685241
vt 0.858802 0.653486
vt 0.847131 0.685241
vt 0.847131 0.653486
vt 0.835460 0.685241
vt 0.835460 0.653486
vt 0.823790 0.685241
vt 0.823790 0.653486
vt 0.812119 0.685241
vt 0.812119 0.653486
vt 0.800448 0.685241
vt 0.800448 0.653486
vt 0.788778 0.685241
vt 0.788778 0.653486
vt 0.777107 0.685241
vt 0.777107 0.653486
vt 0.765437 0.685241
vt 0.765437 0.653486
vt 0.753766 0.685241
vt 0.753766 0.653486
vt 0.742095 0.685241
vt 0.742095 0.653486
vt 0.730425 0.685241
vt 0.730425 0.653486
vt 0.718754 0.685241
vt 0.718754 0.653486
vt 0.707084 0.685241
vt 0.707084 0.653486
vt 0.718754 0.695173
vt 0.707084 0.695173
vt 0.695413 0.685241
vt 0.695413 0.653486
vt 0.683742 0.685241
vt 0.683742 0.653486
vt 0.920336 0.319717
vt 0.927023 0.325328
vt 0.931388 0.332888
vt 0.932903 0.341484
vt 0.931388 0.350080
vt 0.927023 0.357640
vt 0.920336 0.363250
vt 0.912134 0.366236
vt 0.903405 0.366236
vt 0.895202 0.363250
vt 0.888515 0.357640
vt 0.884151 0.350080
vt 0.882635 0.341484
vt 0.884151 0.332888
vt 0.888515 0.325328
vt 0.895202 0.319717
vt 0.903405 0.316732
vt 0.912134 0.316732
vt 0.812119 0.695173
vt 0.823790 0.695173
vt 0.823790 0.714387
vt 0.812119 0.714387
vt 0.858802 0.695173
vt 0.847131 0.695173
vt 0.800448 0.695173
vt 0.788778 0.695173
vt 0.882143 0.695173
vt 0.870472 0.695173
vt 0.742095 0.695173
vt 0.730425 0.695173
vt 0.672072 0.685241
vt 0.683742 0.695173
vt 0.672072 0.695173
vt 0.765437 0.695173
vt 0.753766 0.695173
vt 0.695413 0.695173
vt 0.835460 0.695173
vt 0.777107 0.695173
vt 0.730425 0.714387
vt 0.718754 0.714387
vt 0.800448 0.714387
vt 0.707084 0.714387
vt 0.788778 0.714387
vt 0.882143 0.714387
vt 0.870472 0.714387
vt 0.695413 0.714387
vt 0.777107 0.714387
vt 0.858802 0.714387
vt 0.683742 0.714387
vt 0.765437 0.714387
vt 0.847131 0.714387
vt 0.672072 0.714387
vt 0.753766 0.714387
vt 0.835460 0.714387
vt 0.742095 0.714387
vt 0.911674 0.417974
vt 0.903501 0.417817
vt 0.895874 0.414875
vt 0.889713 0.409501
vt 0.885762 0.402345
vt 0.884497 0.394268
vt 0.886070 0.386246
vt 0.890292 0.379246
vt 0.896654 0.374113
vt 0.904388 0.371464
vt 0.912561 0.371621
vt 0.920188 0.374563
vt 0.926349 0.379937
vt 0.930300 0.387093
vt 0.931565 0.395169
vt 0.929992 0.403191
vt 0.925769 0.410191
vt 0.919408 0.415325
vt 0.672072 0.653486
vt 0.865176 0.867496
vt 0.848116 0.867496
vt 0.848116 0.863996
vt 0.865176 0.863996
vt 0.919087 0.867496
vt 0.900246 0.867496
vt 0.900246 0.863996
vt 0.919087 0.863996
vt 0.734912 0.867496
vt 0.717318 0.867496
vt 0.717318 0.863996
vt 0.734912 0.863996
vt 0.831907 0.867496
vt 0.831907 0.863996
vt 0.882770 0.867496
vt 0.882770 0.863996
vt 0.700257 0.867496
vt 0.700257 0.863996
vt 0.816486 0.867496
vt 0.816486 0.863996
vt 0.684049 0.867496
vt 0.684049 0.863996
vt 0.801387 0.867496
vt 0.801387 0.863996
vt 0.668628 0.867496
vt 0.668628 0.863996
vt 0.786008 0.867496
vt 0.786008 0.863996
vt 0.653529 0.867496
vt 0.653529 0.863996
vt 0.771682 0.867496
vt 0.771682 0.863996
vt 0.949780 0.867496
vt 0.934359 0.867496
vt 0.934359 0.863996
vt 0.949780 0.863996
vt 0.752506 0.867496
vt 0.752506 0.863996
vt 0.752506 0.854532
vt 0.734912 0.854532
vt 0.734912 0.852174
vt 0.752506 0.852174
vt 0.934359 0.854532
vt 0.919087 0.854532
vt 0.919087 0.852174
vt 0.934359 0.852174
vt 0.882770 0.854532
vt 0.865176 0.854532
vt 0.865176 0.852174
vt 0.882770 0.852174
vt 0.771682 0.854532
vt 0.771682 0.852174
vt 0.949780 0.854532
vt 0.949780 0.852174
vt 0.786008 0.854532
vt 0.786008 0.852174
vt 0.668628 0.854532
vt 0.653529 0.854532
vt 0.653529 0.852174
vt 0.668628 0.852174
vt 0.801387 0.854532
vt 0.801387 0.852174
vt 0.684049 0.854532
vt 0.684049 0.852174
vt 0.816486 0.854532
vt 0.816486 0.852174
vt 0.700257 0.854532
vt 0.700257 0.852174
vt 0.831907 0.854532
vt 0.831907 0.852174
vt 0.717318 0.854532
vt 0.717318 0.852174
vt 0.900246 0.854532
vt 0.900246 0.852174
vt 0.848116 0.854532
vt 0.848116 0.852174
vt 0.865176 0.860021
vt 0.865176 0.862550
vt 0.848116 0.862550
vt 0.848116 0.860021
vt 0.919087 0.860021
vt 0.919087 0.862550
vt 0.900246 0.862550
vt 0.900246 0.860021
vt 0.734912 0.860021
vt 0.734912 0.862550
vt 0.717318 0.862550
vt 0.717318 0.860021
vt 0.831907 0.862550
vt 0.831907 0.860021
vt 0.882770 0.862550
vt 0.882770 0.860021
vt 0.700257 0.862550
vt 0.700257 0.860021
vt 0.816486 0.862550
vt 0.816486 0.860021
vt 0.684049 0.862550
vt 0.684049 0.860021
vt 0.801387 0.862550
vt 0.801387 0.860021
vt 0.668628 0.862550
vt 0.668628 0.860021
vt 0.786008 0.862550
vt 0.786008 0.860021
vt 0.653529 0.862550
vt 0.653529 0.860021
vt 0.771682 0.862550
vt 0.771682 0.860021
vt 0.949780 0.860021
vt 0.949780 0.862550
vt 0.934359 0.862550
vt 0.934359 0.860021
vt 0.752506 0.862550
vt 0.752506 0.860021
vt 0.752506 0.855897
vt 0.734912 0.855897
vt 0.934359 0.855897
vt 0.919087 0.855897
vt 0.882770 0.855897
vt 0.865176 0.855897
vt 0.771682 0.855897
vt 0.949780 0.855897
vt 0.786008 0.855897
vt 0.668628 0.855897
vt 0.653529 0.855897
vt 0.801387 0.855897
vt 0.684049 0.855897
vt 0.816486 0.855897
vt 0.700257 0.855897
vt 0.831907 0.855897
vt 0.717318 0.855897
vt 0.900246 0.855897
vt 0.848116 0.855897
vt 0.908793 0.844289
vt 0.908793 0.840380
vt 0.926399 0.840380
vt 0.926399 0.844289
vt 0.854793 0.844289
vt 0.854793 0.840380
vt 0.872399 0.840380
vt 0.872399 0.844289
vt 0.732746 0.844289
vt 0.732746 0.840380
vt 0.753411 0.840380
vt 0.753411 0.844289
vt 0.943479 0.840380
vt 0.943479 0.844289
vt 0.892677 0.840380
vt 0.892677 0.844289
vt 0.771017 0.840380
vt 0.771017 0.844289
vt 0.960082 0.840380
vt 0.960082 0.844289
vt 0.788097 0.840380
vt 0.788097 0.844289
vt 0.648543 0.844289
vt 0.648543 0.840380
vt 0.664954 0.840380
vt 0.664954 0.844289
vt 0.804700 0.840380
vt 0.804700 0.844289
vt 0.681557 0.840380
vt 0.681557 0.844289
vt 0.821110 0.840380
vt 0.821110 0.844289
vt 0.698636 0.840380
vt 0.698636 0.844289
vt 0.837713 0.840380
vt 0.837713 0.844289
vt 0.716954 0.840380
vt 0.716954 0.844289
vt 0.716954 0.829793
vt 0.716954 0.827202
vt 0.732746 0.827202
vt 0.732746 0.829793
vt 0.837713 0.829793
vt 0.837713 0.827202
vt 0.854793 0.827202
vt 0.854793 0.829793
vt 0.892677 0.829793
vt 0.892677 0.827202
vt 0.908793 0.827202
vt 0.908793 0.829793
vt 0.698636 0.829793
vt 0.698636 0.827202
vt 0.821110 0.829793
vt 0.821110 0.827202
vt 0.681557 0.829793
vt 0.681557 0.827202
vt 0.804700 0.829793
vt 0.804700 0.827202
vt 0.664954 0.829793
vt 0.664954 0.827202
vt 0.788097 0.829793
vt 0.788097 0.827202
vt 0.648543 0.829793
vt 0.648543 0.827202
vt 0.771017 0.829793
vt 0.771017 0.827202
vt 0.943479 0.829793
vt 0.943479 0.827202
vt 0.960082 0.827202
vt 0.960082 0.829793
vt 0.753411 0.829793
vt 0.753411 0.827202
vt 0.872399 0.829793
vt 0.872399 0.827202
vt 0.926399 0.829793
vt 0.926399 0.827202
vt 0.908793 0.835958
vt 0.926399 0.835958
vt 0.926399 0.838744
vt 0.908793 0.838744
vt 0.854793 0.835958
vt 0.872399 0.835958
vt 0.872399 0.838744
vt 0.854793 0.838744
vt 0.732746 0.835958
vt 0.753411 0.835958
vt 0.753411 0.838744
vt 0.732746 0.838744
vt 0.943479 0.835958
vt 0.943479 0.838744
vt 0.892677 0.835958
vt 0.892677 0.838744
vt 0.771017 0.835958
vt 0.771017 0.838744
vt 0.960082 0.835958
vt 0.960082 0.838744
vt 0.788097 0.835958
vt 0.788097 0.838744
vt 0.648543 0.835958
vt 0.664954 0.835958
vt 0.664954 0.838744
vt 0.648543 0.838744
vt 0.804700 0.835958
vt 0.804700 0.838744
vt 0.681557 0.835958
vt 0.681557 0.838744
vt 0.821110 0.835958
vt 0.821110 0.838744
vt 0.698636 0.835958
vt 0.698636 0.838744
vt 0.837713 0.835958
vt 0.837713 0.838744
vt 0.716954 0.835958
vt 0.716954 0.838744
vt 0.716954 0.831337
vt 0.732746 0.831337
vt 0.837713 0.831337
vt 0.854793 0.831337
vt 0.892677 0.831337
vt 0.908793 0.831337
vt 0.698636 0.831337
vt 0.821110 0.831337
vt 0.681557 0.831337
vt 0.804700 0.831337
vt 0.664954 0.831337
vt 0.788097 0.831337
vt 0.648543 0.831337
vt 0.771017 0.831337
vt 0.943479 0.831337
vt 0.960082 0.831337
vt 0.753411 0.831337
vt 0.872399 0.831337
vt 0.926399 0.831337
vt 0.596876 0.684963
vt 0.596876 0.665234
vt 0.609473 0.665234
vt 0.609473 0.684963
vt 0.622070 0.665234
vt 0.622070 0.684963
vt 0.571682 0.833763
vt 0.584279 0.833763
vt 0.584279 0.861423
vt 0.571682 0.861423
vt 0.609473 0.908740
vt 0.609473 0.886716
vt 0.622070 0.886716
vt 0.622070 0.908740
vt 0.571682 0.684963
vt 0.571682 0.665234
vt 0.584279 0.665234
vt 0.584279 0.684963
vt 0.571682 0.908740
vt 0.584279 0.908740
vt 0.584279 0.926774
vt 0.571682 0.926774
vt 0.596876 0.760550
vt 0.596876 0.746206
vt 0.609473 0.746206
vt 0.609473 0.760550
vt 0.559085 0.886716
vt 0.571682 0.886716
vt 0.559085 0.908740
vt 0.596876 0.731960
vt 0.609473 0.731960
vt 0.559085 0.789858
vt 0.559085 0.760550
vt 0.571682 0.760550
vt 0.571682 0.789858
vt 0.622070 0.731960
vt 0.622070 0.717452
vt 0.634667 0.717452
vt 0.634667 0.731960
vt 0.596876 0.926774
vt 0.596876 0.934252
vt 0.584279 0.934252
vt 0.622070 0.967696
vt 0.622070 0.957737
vt 0.634667 0.957737
vt 0.634667 0.967696
vt 0.596876 0.833763
vt 0.596876 0.861423
vt 0.584279 0.886716
vt 0.596876 0.789858
vt 0.609473 0.789858
vt 0.609473 0.833763
vt 0.521910 0.958674
vt 0.521910 0.947765
vt 0.536424 0.947765
vt 0.536424 0.958674
vt 0.596876 0.886716
vt 0.596876 0.908740
vt 0.622070 0.746206
vt 0.622070 0.760550
vt 0.584279 0.967696
vt 0.571682 0.967696
vt 0.571682 0.957737
vt 0.584279 0.957737
vt 0.609473 0.946877
vt 0.622070 0.946877
vt 0.609473 0.957737
vt 0.634667 0.946877
vt 0.609473 0.717452
vt 0.609473 0.702062
vt 0.622070 0.702062
vt 0.634667 0.702062
vt 0.609473 0.926774
vt 0.622070 0.926774
vt 0.622070 0.789858
vt 0.634667 0.789858
vt 0.634667 0.833763
vt 0.622070 0.833763
vt 0.559085 0.861423
vt 0.559085 0.833763
vt 0.634667 0.908740
vt 0.634667 0.926774
vt 0.634667 0.684963
vt 0.584279 0.702062
vt 0.596876 0.702062
vt 0.622070 0.861423
vt 0.634667 0.861423
vt 0.634667 0.886716
vt 0.596876 0.976779
vt 0.609473 0.976779
vt 0.609473 0.980835
vt 0.596876 0.980835
vt 0.571682 0.731960
vt 0.584279 0.731960
vt 0.584279 0.746206
vt 0.571682 0.746206
vt 0.559085 0.684963
vt 0.571682 0.702062
vt 0.559085 0.702062
vt 0.559085 0.946877
vt 0.571682 0.946877
vt 0.559085 0.957737
vt 0.609473 0.861423
vt 0.596876 0.717452
vt 0.584279 0.717452
vt 0.559085 0.967696
vt 0.634667 0.746206
vt 0.559085 0.731960
vt 0.559085 0.746206
vt 0.622070 0.976779
vt 0.609473 0.967696
vt 0.634667 0.976779
vt 0.584279 0.976779
vt 0.571682 0.976779
vt 0.596876 0.967696
vt 0.559085 0.934252
vt 0.559085 0.926774
vt 0.571682 0.934252
vt 0.596876 0.957737
vt 0.559085 0.976779
vt 0.571682 0.717452
vt 0.634667 0.934252
vt 0.622070 0.934252
vt 0.609473 0.934252
vt 0.584279 0.946877
vt 0.596876 0.946877
vt 0.634667 0.760550
vt 0.559085 0.717452
vt 0.584279 0.789858
vt 0.571682 0.980835
vt 0.584279 0.980835
vt 0.634667 0.665234
vt 0.584279 0.760550
vt 0.634667 0.980835
vt 0.622070 0.980835
vt 0.559085 0.665234
vt 0.559085 0.980835
vt 0.571682 0.654074
vt 0.584279 0.654074
vt 0.596876 0.654074
vt 0.609473 0.654074
vt 0.622070 0.654074
vt 0.634667 0.654074
vt 0.559085 0.654074
vt 0.536424 0.898878
vt 0.521910 0.898878
vt 0.521910 0.875006
vt 0.536424 0.875006
vt 0.492881 0.664868
vt 0.507396 0.664868
vt 0.507396 0.684686
vt 0.492881 0.684686
vt 0.478367 0.684686
vt 0.478367 0.664868
vt 0.492881 0.898878
vt 0.492881 0.875006
vt 0.507396 0.875006
vt 0.507396 0.898878
vt 0.550938 0.898878
vt 0.550938 0.875006
vt 0.521910 0.664868
vt 0.536424 0.664868
vt 0.536424 0.684686
vt 0.521910 0.684686
vt 0.463853 0.898878
vt 0.463853 0.875006
vt 0.478367 0.875006
vt 0.478367 0.898878
vt 0.492881 0.848292
vt 0.507396 0.848292
vt 0.507396 0.935083
vt 0.507396 0.919066
vt 0.521910 0.919066
vt 0.521910 0.935083
vt 0.492881 0.760615
vt 0.492881 0.746206
vt 0.507396 0.746206
vt 0.507396 0.760615
vt 0.492881 0.790055
vt 0.507396 0.790055
vt 0.507396 0.819667
vt 0.492881 0.819667
vt 0.463853 0.848292
vt 0.478367 0.848292
vt 0.521910 0.848292
vt 0.492881 0.731896
vt 0.507396 0.731896
vt 0.536424 0.790055
vt 0.536424 0.760615
vt 0.550938 0.760615
vt 0.550938 0.790055
vt 0.463853 0.731896
vt 0.463853 0.717322
vt 0.478367 0.717322
vt 0.478367 0.731896
vt 0.463853 0.958674
vt 0.478367 0.958674
vt 0.478367 0.968678
vt 0.463853 0.968678
vt 0.478367 0.760615
vt 0.478367 0.746206
vt 0.521910 0.968678
vt 0.536424 0.968678
vt 0.478367 0.947765
vt 0.492881 0.947765
vt 0.492881 0.958674
vt 0.463853 0.947765
vt 0.478367 0.701862
vt 0.492881 0.701862
vt 0.492881 0.717322
vt 0.463853 0.701862
vt 0.492881 0.919066
vt 0.478367 0.919066
vt 0.463853 0.790055
vt 0.478367 0.790055
vt 0.478367 0.819667
vt 0.463853 0.819667
vt 0.521910 0.819667
vt 0.536424 0.819667
vt 0.536424 0.848292
vt 0.463853 0.919066
vt 0.463853 0.684686
vt 0.507396 0.701862
vt 0.521910 0.701862
vt 0.492881 0.981876
vt 0.492881 0.977802
vt 0.507396 0.977802
vt 0.507396 0.981876
vt 0.521910 0.746206
vt 0.521910 0.731896
vt 0.536424 0.731896
vt 0.536424 0.746206
vt 0.536424 0.701862
vt 0.550938 0.684686
vt 0.550938 0.701862
vt 0.550938 0.947765
vt 0.550938 0.958674
vt 0.536424 0.919066
vt 0.536424 0.935083
vt 0.521910 0.717322
vt 0.507396 0.717322
vt 0.550938 0.968678
vt 0.463853 0.746206
vt 0.550938 0.731896
vt 0.550938 0.746206
vt 0.521910 0.790055
vt 0.521910 0.760615
vt 0.492881 0.968678
vt 0.478367 0.977802
vt 0.463853 0.977802
vt 0.521910 0.977802
vt 0.536424 0.977802
vt 0.492881 0.935083
vt 0.507396 0.968678
vt 0.507396 0.958674
vt 0.550938 0.977802
vt 0.536424 0.717322
vt 0.463853 0.760615
vt 0.507396 0.947765
vt 0.550938 0.848292
vt 0.478367 0.935083
vt 0.550938 0.717322
vt 0.463853 0.935083
vt 0.550938 0.919066
vt 0.550938 0.935083
vt 0.521910 0.981876
vt 0.536424 0.981876
vt 0.463853 0.664868
vt 0.463853 0.981876
vt 0.478367 0.981876
vt 0.550938 0.664868
vt 0.550938 0.981876
vt 0.550938 0.819667
vt 0.521910 0.653658
vt 0.536424 0.653658
vt 0.507396 0.653658
vt 0.492881 0.653658
vt 0.478367 0.653658
vt 0.463853 0.653658
vt 0.550938 0.653658
vt 0.838189 0.306661
vt 0.838190 0.294589
vt 0.844709 0.294590
vt 0.844709 0.306661
vt 0.823287 0.306661
vt 0.823287 0.294589
vt 0.829807 0.294589
vt 0.829807 0.306661
vt 0.832897 0.234451
vt 0.839162 0.234451
vt 0.839162 0.294589
vt 0.832897 0.294589
vt 0.881413 0.234451
vt 0.887678 0.234451
vt 0.887678 0.294589
vt 0.881413 0.294589
vt 0.838190 0.344524
vt 0.838190 0.332452
vt 0.844709 0.332452
vt 0.844709 0.344524
vt 0.845427 0.234451
vt 0.851692 0.234451
vt 0.851692 0.294589
vt 0.845427 0.294589
vt 0.823287 0.344524
vt 0.823286 0.332452
vt 0.829807 0.332452
vt 0.829806 0.344524
vt 0.893943 0.234451
vt 0.900208 0.234451
vt 0.900208 0.294589
vt 0.893943 0.294589
vt 0.826632 0.234451
vt 0.826632 0.294589
vt 0.875148 0.234451
vt 0.875148 0.294589
vt 0.863420 0.234451
vt 0.863420 0.294589
vt 0.918456 0.294589
vt 0.911936 0.294589
vt 0.911936 0.234451
vt 0.918456 0.234451
vt 0.824418 0.326004
vt 0.817898 0.326004
vt 0.814904 0.319557
vt 0.821424 0.319557
vt 0.839320 0.326004
vt 0.832800 0.326004
vt 0.829807 0.319557
vt 0.836327 0.319557
vt 0.824418 0.313109
vt 0.817898 0.313109
vt 0.839320 0.313109
vt 0.832800 0.313109
vt 0.814904 0.234451
vt 0.814904 0.294589
vt 0.924976 0.234451
vt 0.924976 0.294589
vt 0.574372 0.245875
vt 0.585155 0.245961
vt 0.585157 0.247454
vt 0.574370 0.247427
vt 0.722924 0.249016
vt 0.722929 0.250472
vt 0.712782 0.250485
vt 0.712775 0.249010
vt 0.722930 0.251882
vt 0.712779 0.251951
vt 0.638407 0.244283
vt 0.649421 0.244385
vt 0.649410 0.245945
vt 0.638406 0.245863
vt 0.542228 0.248941
vt 0.542223 0.250413
vt 0.532093 0.250400
vt 0.532091 0.248939
vt 0.532102 0.244498
vt 0.542224 0.244547
vt 0.542223 0.246045
vt 0.532092 0.246010
vt 0.702184 0.250530
vt 0.702180 0.252022
vt 0.563165 0.248948
vt 0.574364 0.248949
vt 0.574369 0.250472
vt 0.563164 0.250483
vt 0.521732 0.251944
vt 0.532091 0.251869
vt 0.532101 0.253382
vt 0.521744 0.253477
vt 0.521733 0.245933
vt 0.521746 0.244399
vt 0.542224 0.247470
vt 0.532094 0.247479
vt 0.595483 0.246038
vt 0.595486 0.247512
vt 0.552461 0.244458
vt 0.563164 0.244364
vt 0.563169 0.245907
vt 0.552470 0.245974
vt 0.552469 0.251912
vt 0.552460 0.253427
vt 0.542222 0.253336
vt 0.542222 0.251838
vt 0.626986 0.247431
vt 0.626986 0.248994
vt 0.616109 0.248991
vt 0.616103 0.247476
vt 0.552467 0.250433
vt 0.552474 0.248943
vt 0.563164 0.247413
vt 0.702186 0.244467
vt 0.712790 0.244565
vt 0.712781 0.246069
vt 0.702180 0.245996
vt 0.616100 0.250507
vt 0.605684 0.250458
vt 0.605692 0.248971
vt 0.743181 0.246051
vt 0.753905 0.245957
vt 0.753967 0.247492
vt 0.743181 0.247533
vt 0.626988 0.252093
vt 0.626978 0.253654
vt 0.616093 0.253555
vt 0.616102 0.252012
vt 0.626985 0.250558
vt 0.743169 0.244538
vt 0.753852 0.244404
vt 0.605685 0.246042
vt 0.605688 0.247483
vt 0.563166 0.251989
vt 0.732951 0.246116
vt 0.732948 0.247569
vt 0.595484 0.248977
vt 0.585150 0.248955
vt 0.510779 0.248938
vt 0.521725 0.248938
vt 0.521732 0.250442
vt 0.510804 0.250486
vt 0.626989 0.245897
vt 0.616105 0.245972
vt 0.510924 0.244255
vt 0.510867 0.245834
vt 0.753991 0.249018
vt 0.743187 0.249019
vt 0.563158 0.253524
vt 0.732947 0.250456
vt 0.743180 0.250503
vt 0.743179 0.251986
vt 0.732950 0.251908
vt 0.552468 0.247454
vt 0.659939 0.251983
vt 0.670155 0.251898
vt 0.670160 0.253402
vt 0.659954 0.253514
vt 0.691087 0.249006
vt 0.702183 0.249010
vt 0.691081 0.250514
vt 0.722929 0.247560
vt 0.722931 0.246149
vt 0.605683 0.244526
vt 0.616095 0.244430
vt 0.638405 0.247445
vt 0.638400 0.248997
vt 0.691082 0.247497
vt 0.680400 0.249006
vt 0.680394 0.247519
vt 0.670156 0.246110
vt 0.670153 0.247542
vt 0.659940 0.247507
vt 0.659940 0.246020
vt 0.680390 0.244526
vt 0.691077 0.244433
vt 0.691081 0.245960
vt 0.680397 0.246040
vt 0.680394 0.250493
vt 0.691080 0.252051
vt 0.680396 0.251972
vt 0.691079 0.253586
vt 0.680388 0.253487
vt 0.670152 0.249004
vt 0.670153 0.250465
vt 0.521732 0.247434
vt 0.510804 0.247390
vt 0.702184 0.247488
vt 0.712783 0.247534
vt 0.649406 0.248999
vt 0.659932 0.249002
vt 0.659939 0.250497
vt 0.649411 0.250531
vt 0.595483 0.250442
vt 0.753965 0.250541
vt 0.605685 0.251936
vt 0.605673 0.253459
vt 0.595479 0.253388
vt 0.595482 0.251878
vt 0.753904 0.252087
vt 0.753853 0.253643
vt 0.743166 0.253501
vt 0.732940 0.253404
vt 0.722930 0.253365
vt 0.670162 0.244606
vt 0.595489 0.244522
vt 0.626980 0.244335
vt 0.659956 0.244489
vt 0.649412 0.247468
vt 0.638404 0.250549
vt 0.638405 0.252132
vt 0.732950 0.249012
vt 0.649409 0.252054
vt 0.712787 0.253453
vt 0.702188 0.253543
vt 0.510868 0.252042
vt 0.638405 0.253711
vt 0.649419 0.253614
vt 0.585163 0.244433
vt 0.585154 0.250456
vt 0.585152 0.251948
vt 0.574376 0.244334
vt 0.732947 0.244628
vt 0.759793 0.247405
vt 0.759866 0.249033
vt 0.759643 0.245785
vt 0.759535 0.244204
vt 0.759622 0.252238
vt 0.759514 0.253835
vt 0.759780 0.250660
vt 0.504892 0.247285
vt 0.504811 0.248937
vt 0.505050 0.245643
vt 0.505170 0.244021
vt 0.505046 0.252232
vt 0.510925 0.253617
vt 0.505160 0.253835
vt 0.504890 0.250589
vt 0.574370 0.252023
vt 0.574370 0.253572
vt 0.722936 0.244659
vt 0.585161 0.253476
vt 0.966516 0.405614
vt 0.966516 0.413063
vt 0.963550 0.413063
vt 0.963550 0.405614
vt 0.957619 0.397646
vt 0.957619 0.405614
vt 0.954653 0.405614
vt 0.954653 0.397646
vt 0.960584 0.397646
vt 0.960584 0.405614
vt 0.969481 0.397646
vt 0.969481 0.405614
vt 0.966516 0.397646
vt 0.972447 0.397646
vt 0.972447 0.405614
vt 0.963550 0.397646
vt 0.969481 0.322982
vt 0.972447 0.322982
vt 0.972447 0.351119
vt 0.969481 0.351119
vt 0.954653 0.172663
vt 0.957619 0.172663
vt 0.957619 0.196258
vt 0.954653 0.196258
vt 0.963550 0.061041
vt 0.966516 0.061041
vt 0.966516 0.073124
vt 0.963550 0.073124
vt 0.960584 0.240098
vt 0.963550 0.240098
vt 0.963550 0.259710
vt 0.960584 0.259710
vt 0.969481 0.048622
vt 0.972447 0.048622
vt 0.972447 0.061041
vt 0.969481 0.061041
vt 0.954653 0.278155
vt 0.957619 0.278155
vt 0.957619 0.296023
vt 0.954653 0.296023
vt 0.969481 0.196258
vt 0.972447 0.196258
vt 0.972447 0.218886
vt 0.969481 0.218886
vt 0.957619 0.351119
vt 0.957619 0.374864
vt 0.954653 0.374864
vt 0.954653 0.351119
vt 0.969481 0.035111
vt 0.972447 0.035111
vt 0.954653 0.048622
vt 0.954653 0.035111
vt 0.957619 0.035111
vt 0.957619 0.048622
vt 0.960584 0.218886
vt 0.963550 0.218886
vt 0.969481 0.388733
vt 0.969481 0.374864
vt 0.972447 0.374864
vt 0.972447 0.388733
vt 0.963550 0.388733
vt 0.963550 0.374864
vt 0.966516 0.374864
vt 0.966516 0.388733
vt 0.960584 0.374864
vt 0.960584 0.351119
vt 0.963550 0.351119
vt 0.960584 0.388733
vt 0.957619 0.388733
vt 0.954653 0.388733
vt 0.966516 0.123257
vt 0.969481 0.123257
vt 0.969481 0.135930
vt 0.966516 0.135930
vt 0.954653 0.322982
vt 0.957619 0.322982
vt 0.969481 0.240098
vt 0.966516 0.240098
vt 0.966516 0.218886
vt 0.960584 0.296023
vt 0.960584 0.278155
vt 0.963550 0.278155
vt 0.963550 0.296023
vt 0.966516 0.351119
vt 0.963550 0.309397
vt 0.966516 0.296023
vt 0.966516 0.309397
vt 0.966516 0.148373
vt 0.969481 0.148373
vt 0.969481 0.160603
vt 0.966516 0.160603
vt 0.954653 0.135930
vt 0.957619 0.135930
vt 0.957619 0.148373
vt 0.954653 0.148373
vt 0.972447 0.148373
vt 0.972447 0.160603
vt 0.966516 0.322982
vt 0.960584 0.322982
vt 0.963550 0.322982
vt 0.966516 0.278155
vt 0.969481 0.278155
vt 0.969481 0.296023
vt 0.963550 0.110482
vt 0.963550 0.097786
vt 0.966516 0.097786
vt 0.966516 0.110482
vt 0.957619 0.123257
vt 0.960584 0.123257
vt 0.960584 0.135930
vt 0.954653 0.259710
vt 0.957619 0.259710
vt 0.960584 0.148373
vt 0.960584 0.160603
vt 0.957619 0.160603
vt 0.960584 0.196258
vt 0.963550 0.196258
vt 0.966516 0.196258
vt 0.966516 0.259710
vt 0.969481 0.259710
vt 0.969481 0.309397
vt 0.972447 0.309397
vt 0.954653 0.309397
vt 0.957619 0.309397
vt 0.960584 0.309397
vt 0.954653 0.160603
vt 0.963550 0.123257
vt 0.963550 0.135930
vt 0.963550 0.048622
vt 0.966516 0.048622
vt 0.954653 0.123257
vt 0.954653 0.240098
vt 0.957619 0.240098
vt 0.972447 0.296023
vt 0.957619 0.218886
vt 0.954653 0.218886
vt 0.957619 0.061041
vt 0.960584 0.048622
vt 0.960584 0.061041
vt 0.960584 0.035111
vt 0.960584 0.172663
vt 0.963550 0.172663
vt 0.963550 0.035111
vt 0.966516 0.035111
vt 0.957619 0.073124
vt 0.960584 0.073124
vt 0.960584 0.085319
vt 0.957619 0.085319
vt 0.969481 0.073124
vt 0.972447 0.073124
vt 0.972447 0.240098
vt 0.969481 0.085319
vt 0.966516 0.085319
vt 0.966516 0.172663
vt 0.960584 0.110482
vt 0.960584 0.097786
vt 0.969481 0.172663
vt 0.957619 0.110482
vt 0.957619 0.097786
vt 0.963550 0.085319
vt 0.972447 0.123257
vt 0.972447 0.135930
vt 0.969481 0.110482
vt 0.969481 0.097786
vt 0.954653 0.085319
vt 0.954653 0.097786
vt 0.972447 0.259710
vt 0.954653 0.110482
vt 0.954653 0.073124
vt 0.963550 0.148373
vt 0.963550 0.160603
vt 0.972447 0.110482
vt 0.972447 0.085319
vt 0.972447 0.097786
vt 0.972447 0.278155
vt 0.954653 0.061041
vt 0.972447 0.172663
vt 0.963550 0.027635
vt 0.966516 0.027635
vt 0.969481 0.027635
vt 0.972447 0.027635
vt 0.954653 0.027635
vt 0.957619 0.027635
vt 0.960584 0.027635
vt 0.957619 0.413063
vt 0.954653 0.413063
vt 0.960584 0.413063
vt 0.969481 0.413063
vt 0.972447 0.413063
vt 0.969481 0.541649
vt 0.966516 0.541649
vt 0.966516 0.523566
vt 0.969481 0.523566
vt 0.960584 0.626142
vt 0.957619 0.626142
vt 0.957619 0.614439
vt 0.960584 0.614439
vt 0.969481 0.626142
vt 0.966516 0.626142
vt 0.966516 0.614439
vt 0.969481 0.614439
vt 0.966516 0.737553
vt 0.966516 0.749635
vt 0.963550 0.749635
vt 0.963550 0.737553
vt 0.954653 0.440558
vt 0.954653 0.421977
vt 0.957619 0.421977
vt 0.957619 0.440558
vt 0.972447 0.749635
vt 0.972447 0.762055
vt 0.969481 0.762055
vt 0.969481 0.749635
vt 0.960584 0.514659
vt 0.960584 0.523566
vt 0.957619 0.523566
vt 0.957619 0.514659
vt 0.957619 0.591811
vt 0.957619 0.602976
vt 0.954653 0.602976
vt 0.954653 0.591811
vt 0.972447 0.591811
vt 0.972447 0.602976
vt 0.969481 0.602976
vt 0.969481 0.591811
vt 0.972447 0.775565
vt 0.969481 0.775565
vt 0.957619 0.762055
vt 0.957619 0.775565
vt 0.954653 0.775565
vt 0.954653 0.762055
vt 0.963550 0.591811
vt 0.960584 0.591811
vt 0.960584 0.570599
vt 0.963550 0.570599
vt 0.963550 0.496799
vt 0.963550 0.469082
vt 0.966516 0.469082
vt 0.966516 0.496799
vt 0.963550 0.440558
vt 0.960584 0.469082
vt 0.960584 0.440558
vt 0.972447 0.570599
vt 0.969481 0.570599
vt 0.969481 0.560604
vt 0.972447 0.560604
vt 0.960584 0.650090
vt 0.960584 0.662320
vt 0.957619 0.662320
vt 0.957619 0.650090
vt 0.972447 0.541649
vt 0.957619 0.496799
vt 0.957619 0.469082
vt 0.960584 0.496799
vt 0.966516 0.440558
vt 0.969481 0.440558
vt 0.969481 0.469082
vt 0.966516 0.602976
vt 0.963550 0.614439
vt 0.963550 0.602976
vt 0.972447 0.514659
vt 0.972447 0.523566
vt 0.969481 0.514659
vt 0.966516 0.514659
vt 0.963550 0.687420
vt 0.963550 0.662320
vt 0.966516 0.662320
vt 0.966516 0.687420
vt 0.969481 0.662320
vt 0.966516 0.650090
vt 0.969481 0.650090
vt 0.966516 0.570599
vt 0.966516 0.591811
vt 0.972447 0.650090
vt 0.972447 0.662320
vt 0.963550 0.421977
vt 0.960584 0.421977
vt 0.960584 0.541649
vt 0.960584 0.560604
vt 0.957619 0.560604
vt 0.957619 0.541649
vt 0.963550 0.514659
vt 0.957619 0.570599
vt 0.954653 0.570599
vt 0.954653 0.560604
vt 0.972447 0.725358
vt 0.969481 0.725358
vt 0.969481 0.712891
vt 0.972447 0.712891
vt 0.963550 0.541649
vt 0.963550 0.560604
vt 0.963550 0.523566
vt 0.966516 0.560604
vt 0.960584 0.602976
vt 0.969481 0.496799
vt 0.963550 0.650090
vt 0.963550 0.626142
vt 0.966516 0.421977
vt 0.969481 0.687420
vt 0.954653 0.523566
vt 0.954653 0.541649
vt 0.960584 0.712891
vt 0.957619 0.712891
vt 0.957619 0.687420
vt 0.960584 0.687420
vt 0.963550 0.712891
vt 0.954653 0.469082
vt 0.966516 0.712891
vt 0.966516 0.725358
vt 0.963550 0.725358
vt 0.960584 0.749635
vt 0.960584 0.762055
vt 0.957619 0.749635
vt 0.960584 0.775565
vt 0.972447 0.687420
vt 0.972447 0.626142
vt 0.972447 0.496799
vt 0.966516 0.775565
vt 0.963550 0.775565
vt 0.963550 0.762055
vt 0.966516 0.762055
vt 0.960584 0.737553
vt 0.957619 0.737553
vt 0.957619 0.725358
vt 0.960584 0.725358
vt 0.972447 0.737553
vt 0.969481 0.737553
vt 0.969481 0.421977
vt 0.972447 0.614439
vt 0.972447 0.421977
vt 0.954653 0.626142
vt 0.954653 0.614439
vt 0.954653 0.712891
vt 0.954653 0.687420
vt 0.954653 0.725358
vt 0.954653 0.737553
vt 0.972447 0.440558
vt 0.972447 0.469082
vt 0.954653 0.514659
vt 0.954653 0.496799
vt 0.954653 0.749635
vt 0.954653 0.650090
vt 0.954653 0.662320
vt 0.966516 0.783041
vt 0.963550 0.783041
vt 0.969481 0.783041
vt 0.972447 0.783041
vt 0.957619 0.783041
vt 0.954653 0.783041
vt 0.960584 0.783041
vt 0.897608 0.878946
vt 0.897608 0.880871
vt 0.884630 0.880871
vt 0.884630 0.878946
vt 0.703921 0.878946
vt 0.703921 0.880871
vt 0.690943 0.880871
vt 0.690943 0.878946
vt 0.794275 0.878946
vt 0.794275 0.880871
vt 0.781254 0.880871
vt 0.781254 0.878946
vt 0.871719 0.880871
vt 0.871719 0.878946
vt 0.677922 0.880871
vt 0.677922 0.878946
vt 0.768277 0.880871
vt 0.768277 0.878946
vt 0.858867 0.880871
vt 0.858867 0.878946
vt 0.755365 0.880871
vt 0.755365 0.878946
vt 0.846038 0.880871
vt 0.846038 0.878946
vt 0.742513 0.880871
vt 0.742513 0.878946
vt 0.833185 0.880871
vt 0.833185 0.878946
vt 0.729684 0.880871
vt 0.729684 0.878946
vt 0.820274 0.880871
vt 0.820274 0.878946
vt 0.716832 0.880871
vt 0.716832 0.878946
vt 0.807296 0.880871
vt 0.807296 0.878946
vt 0.910629 0.878946
vt 0.910629 0.880871
vt 0.807296 0.888567
vt 0.807296 0.891829
vt 0.794275 0.891829
vt 0.794275 0.888567
vt 0.716832 0.888567
vt 0.716832 0.891829
vt 0.703921 0.891829
vt 0.703921 0.888567
vt 0.910629 0.888567
vt 0.910629 0.891829
vt 0.897608 0.891829
vt 0.897608 0.888567
vt 0.820274 0.888567
vt 0.820274 0.891829
vt 0.729684 0.888567
vt 0.729684 0.891829
vt 0.833185 0.888567
vt 0.833185 0.891829
vt 0.742513 0.888567
vt 0.742513 0.891829
vt 0.846038 0.888567
vt 0.846038 0.891829
vt 0.755365 0.888567
vt 0.755365 0.891829
vt 0.858867 0.888567
vt 0.858867 0.891829
vt 0.768277 0.888567
vt 0.768277 0.891829
vt 0.871719 0.888567
vt 0.871719 0.891829
vt 0.781254 0.888567
vt 0.781254 0.891829
vt 0.690943 0.888567
vt 0.690943 0.891829
vt 0.677922 0.891829
vt 0.677922 0.888567
vt 0.884630 0.888567
vt 0.884630 0.891829
vt 0.897608 0.884063
vt 0.884630 0.884063
vt 0.884630 0.882077
vt 0.897608 0.882077
vt 0.703921 0.884063
vt 0.690943 0.884063
vt 0.690943 0.882077
vt 0.703921 0.882077
vt 0.794275 0.884063
vt 0.781254 0.884063
vt 0.781254 0.882077
vt 0.794275 0.882077
vt 0.871719 0.884063
vt 0.871719 0.882077
vt 0.677922 0.884063
vt 0.677922 0.882077
vt 0.768277 0.884063
vt 0.768277 0.882077
vt 0.858867 0.884063
vt 0.858867 0.882077
vt 0.755365 0.884063
vt 0.755365 0.882077
vt 0.846038 0.884063
vt 0.846038 0.882077
vt 0.742513 0.884063
vt 0.742513 0.882077
vt 0.833185 0.884063
vt 0.833185 0.882077
vt 0.729684 0.884063
vt 0.729684 0.882077
vt 0.820274 0.884063
vt 0.820274 0.882077
vt 0.716832 0.884063
vt 0.716832 0.882077
vt 0.807296 0.884063
vt 0.807296 0.882077
vt 0.910629 0.884063
vt 0.910629 0.882077
vt 0.807296 0.887429
vt 0.794275 0.887429
vt 0.716832 0.887429
vt 0.703921 0.887429
vt 0.910629 0.887429
vt 0.897608 0.887429
vt 0.820274 0.887429
vt 0.729684 0.887429
vt 0.833185 0.887429
vt 0.742513 0.887429
vt 0.846038 0.887429
vt 0.755365 0.887429
vt 0.858867 0.887429
vt 0.768277 0.887429
vt 0.871719 0.887429
vt 0.781254 0.887429
vt 0.690943 0.887429
vt 0.677922 0.887429
vt 0.884630 0.887429
vt 0.666879 0.018330
vt 0.666879 0.041060
vt 0.619612 0.041060
vt 0.619612 0.018330
vt 0.572503 0.041060
vt 0.572503 0.018330
vt 0.525636 0.041060
vt 0.525636 0.018330
vt 0.478982 0.041060
vt 0.478982 0.018330
vt 0.432412 0.041060
vt 0.432412 0.018330
vt 0.385758 0.041060
vt 0.385758 0.018330
vt 0.338891 0.041060
vt 0.338891 0.018330
vt 0.291782 0.041060
vt 0.291782 0.018330
vt 0.244515 0.041060
vt 0.244515 0.018330
vt 0.197249 0.041060
vt 0.197249 0.018330
vt 0.150140 0.041060
vt 0.150140 0.018330
vt 0.103273 0.041060
vt 0.103273 0.018330
vt 0.056619 0.041060
vt 0.056619 0.018330
vt 0.010049 0.041060
vt 0.010049 0.018330
vt 0.854775 0.018330
vt 0.854775 0.041060
vt 0.808121 0.041060
vt 0.808121 0.018330
vt 0.761254 0.041060
vt 0.761254 0.018330
vt 0.150140 0.061119
vt 0.103273 0.061119
vt 0.714145 0.041060
vt 0.714145 0.018330
vt 0.150140 0.077104
vt 0.103273 0.077104
vt 0.761254 0.061119
vt 0.714145 0.061119
vt 0.478982 0.061119
vt 0.432412 0.061119
vt 0.244515 0.061119
vt 0.197249 0.061119
vt 0.854775 0.061119
vt 0.808121 0.061119
vt 0.572503 0.061119
vt 0.525636 0.061119
vt 0.338891 0.061119
vt 0.291782 0.061119
vt 0.666879 0.061119
vt 0.619612 0.061119
vt 0.056619 0.061119
vt 0.385758 0.061119
vt 0.010049 0.061119
vt 0.056619 0.077104
vt 0.103273 0.111926
vt 0.056619 0.111926
vt 0.478982 0.077104
vt 0.432412 0.077104
vt 0.385758 0.077104
vt 0.010049 0.077104
vt 0.338891 0.077104
vt 0.854775 0.077104
vt 0.808121 0.077104
vt 0.291782 0.077104
vt 0.666879 0.077104
vt 0.619612 0.077104
vt 0.761254 0.077104
vt 0.244515 0.077104
vt 0.572503 0.077104
vt 0.714145 0.077104
vt 0.197249 0.077104
vt 0.525636 0.077104
vt 0.010049 0.111926
vt 0.056619 0.136413
vt 0.010049 0.136413
vt 0.432412 0.111926
vt 0.385758 0.111926
vt 0.338891 0.111926
vt 0.854775 0.111926
vt 0.808121 0.111926
vt 0.291782 0.111926
vt 0.666879 0.111926
vt 0.619612 0.111926
vt 0.761254 0.111926
vt 0.244515 0.111926
vt 0.572503 0.111926
vt 0.714145 0.111926
vt 0.197249 0.111926
vt 0.525636 0.111926
vt 0.150140 0.111926
vt 0.478982 0.111926
vt 0.808121 0.136413
vt 0.854775 0.136413
vt 0.854775 0.163637
vt 0.808121 0.163637
vt 0.385758 0.136413
vt 0.338891 0.136413
vt 0.291782 0.136413
vt 0.666879 0.136413
vt 0.619612 0.136413
vt 0.761254 0.136413
vt 0.244515 0.136413
vt 0.572503 0.136413
vt 0.714145 0.136413
vt 0.197249 0.136413
vt 0.525636 0.136413
vt 0.150140 0.136413
vt 0.478982 0.136413
vt 0.103273 0.136413
vt 0.432412 0.136413
vt 0.385758 0.163637
vt 0.432412 0.163637
vt 0.432412 0.210113
vt 0.385758 0.210113
vt 0.338891 0.163637
vt 0.291782 0.163637
vt 0.666879 0.163637
vt 0.619612 0.163637
vt 0.761254 0.163637
vt 0.244515 0.163637
vt 0.572503 0.163637
vt 0.714145 0.163637
vt 0.197249 0.163637
vt 0.525636 0.163637
vt 0.150140 0.163637
vt 0.478982 0.163637
vt 0.103273 0.163637
vt 0.056619 0.163637
vt 0.010049 0.163637
vt 0.146976 0.225306
vt 0.166431 0.225306
vt 0.166431 0.246639
vt 0.146976 0.246639
vt 0.056619 0.210113
vt 0.010049 0.210113
vt 0.338891 0.210113
vt 0.854775 0.210113
vt 0.808121 0.210113
vt 0.291782 0.210113
vt 0.666879 0.210113
vt 0.619612 0.210113
vt 0.761254 0.210113
vt 0.244515 0.210113
vt 0.572503 0.210113
vt 0.714145 0.210113
vt 0.197249 0.210113
vt 0.525636 0.210113
vt 0.150140 0.210113
vt 0.478982 0.210113
vt 0.103273 0.210113
vt 0.127420 0.246639
vt 0.146976 0.267220
vt 0.127420 0.267220
vt 0.341760 0.225306
vt 0.361126 0.225306
vt 0.361126 0.246639
vt 0.341760 0.246639
vt 0.127420 0.225306
vt 0.263507 0.225306
vt 0.283128 0.225306
vt 0.283128 0.246639
vt 0.263507 0.246639
vt 0.322304 0.225306
vt 0.322304 0.246639
vt 0.107799 0.225306
vt 0.107799 0.246639
vt 0.243951 0.225306
vt 0.243951 0.246639
vt 0.302749 0.225306
vt 0.302749 0.246639
vt 0.088178 0.225306
vt 0.088178 0.246639
vt 0.224496 0.225306
vt 0.224496 0.246639
vt 0.068623 0.225306
vt 0.068623 0.246639
vt 0.205129 0.225306
vt 0.205129 0.246639
vt 0.049167 0.225306
vt 0.049167 0.246639
vt 0.185798 0.225306
vt 0.185798 0.246639
vt 0.029801 0.225306
vt 0.029801 0.246639
vt 0.010469 0.225306
vt 0.010469 0.246639
vt 0.221978 0.291073
vt 0.265167 0.291073
vt 0.265167 0.354453
vt 0.221978 0.354453
vt 0.283128 0.267220
vt 0.263507 0.267220
vt 0.341760 0.267220
vt 0.322304 0.267220
vt 0.107799 0.267220
vt 0.243951 0.267220
vt 0.302749 0.267220
vt 0.088178 0.267220
vt 0.224496 0.267220
vt 0.068623 0.267220
vt 0.205129 0.267220
vt 0.049167 0.267220
vt 0.185798 0.267220
vt 0.029801 0.267220
vt 0.166431 0.267220
vt 0.010469 0.267220
vt 0.361126 0.267220
vt 0.178789 0.374748
vt 0.221978 0.374748
vt 0.221978 0.409675
vt 0.178789 0.409675
vt 0.521674 0.291073
vt 0.564720 0.291073
vt 0.564720 0.354453
vt 0.521674 0.354453
vt 0.651098 0.291073
vt 0.694144 0.291073
vt 0.694144 0.354453
vt 0.651098 0.354453
vt 0.178789 0.291073
vt 0.178789 0.354453
vt 0.478849 0.291073
vt 0.478849 0.354453
vt 0.607909 0.291073
vt 0.607909 0.354453
vt 0.135744 0.291073
vt 0.135744 0.354453
vt 0.436220 0.291073
vt 0.436220 0.354453
vt 0.092919 0.291073
vt 0.092919 0.354453
vt 0.393667 0.291073
vt 0.393667 0.354453
vt 0.050290 0.291073
vt 0.050290 0.354453
vt 0.351038 0.291073
vt 0.351038 0.354453
vt 0.007737 0.291073
vt 0.007737 0.354453
vt 0.308213 0.291073
vt 0.308213 0.354453
vt 0.736969 0.291073
vt 0.779599 0.291073
vt 0.779599 0.354453
vt 0.736969 0.354453
vt 0.135744 0.453559
vt 0.178789 0.453559
vt 0.178789 0.493856
vt 0.135744 0.493856
vt 0.478849 0.374748
vt 0.521674 0.374748
vt 0.521674 0.409675
vt 0.478849 0.409675
vt 0.607909 0.374748
vt 0.651098 0.374748
vt 0.651098 0.409675
vt 0.607909 0.409675
vt 0.135744 0.374748
vt 0.135744 0.409675
vt 0.436220 0.374748
vt 0.436220 0.409675
vt 0.092919 0.374748
vt 0.092919 0.409675
vt 0.393667 0.374748
vt 0.393667 0.409675
vt 0.050290 0.374748
vt 0.050290 0.409675
vt 0.351038 0.374748
vt 0.351038 0.409675
vt 0.007737 0.374748
vt 0.007737 0.409675
vt 0.308213 0.374748
vt 0.308213 0.409675
vt 0.736969 0.374748
vt 0.779599 0.374748
vt 0.779599 0.409675
vt 0.736969 0.409675
vt 0.265167 0.374748
vt 0.265167 0.409675
vt 0.564720 0.374748
vt 0.564720 0.409675
vt 0.694144 0.374748
vt 0.694144 0.409675
vt 0.092919 0.493856
vt 0.135744 0.565396
vt 0.092919 0.565396
vt 0.436220 0.453559
vt 0.478849 0.453559
vt 0.478849 0.493856
vt 0.436220 0.493856
vt 0.092919 0.453559
vt 0.393667 0.453559
vt 0.393667 0.493856
vt 0.050290 0.453559
vt 0.050290 0.493856
vt 0.351038 0.453559
vt 0.351038 0.493856
vt 0.007737 0.453559
vt 0.007737 0.493856
vt 0.308213 0.453559
vt 0.308213 0.493856
vt 0.736969 0.453559
vt 0.779599 0.453559
vt 0.779599 0.493856
vt 0.736969 0.493856
vt 0.265167 0.453559
vt 0.265167 0.493856
vt 0.564720 0.453559
vt 0.607909 0.453559
vt 0.607909 0.493856
vt 0.564720 0.493856
vt 0.694144 0.453559
vt 0.694144 0.493856
vt 0.221978 0.453559
vt 0.221978 0.493856
vt 0.521674 0.453559
vt 0.521674 0.493856
vt 0.651098 0.453559
vt 0.651098 0.493856
vt 0.050290 0.630386
vt 0.092919 0.630386
vt 0.092919 0.631736
vt 0.050290 0.631736
vt 0.436220 0.565396
vt 0.393667 0.565396
vt 0.050290 0.565396
vt 0.351038 0.565396
vt 0.007737 0.565396
vt 0.308213 0.565396
vt 0.779599 0.565396
vt 0.736969 0.565396
vt 0.265167 0.565396
vt 0.607909 0.565396
vt 0.564720 0.565396
vt 0.694144 0.565396
vt 0.221978 0.565396
vt 0.521674 0.565396
vt 0.651098 0.565396
vt 0.178789 0.565396
vt 0.478849 0.565396
vt 0.007984 0.639711
vt 0.028842 0.639711
vt 0.028842 0.643202
vt 0.007984 0.643202
vt 0.351038 0.630386
vt 0.393667 0.630386
vt 0.393667 0.631736
vt 0.351038 0.631736
vt 0.007737 0.630386
vt 0.007737 0.631736
vt 0.308213 0.630386
vt 0.308213 0.631736
vt 0.736969 0.630386
vt 0.779599 0.630386
vt 0.779599 0.631736
vt 0.736969 0.631736
vt 0.265167 0.630386
vt 0.265167 0.631736
vt 0.564720 0.630386
vt 0.607909 0.630386
vt 0.607909 0.631736
vt 0.564720 0.631736
vt 0.694144 0.630386
vt 0.694144 0.631736
vt 0.221978 0.630386
vt 0.221978 0.631736
vt 0.521674 0.630386
vt 0.521674 0.631736
vt 0.651098 0.630386
vt 0.651098 0.631736
vt 0.178789 0.630386
vt 0.178789 0.631736
vt 0.478849 0.630386
vt 0.478849 0.631736
vt 0.135744 0.630386
vt 0.135744 0.631736
vt 0.436220 0.630386
vt 0.436220 0.631736
vt 0.365433 0.644473
vt 0.386329 0.644473
vt 0.386329 0.648983
vt 0.365433 0.648983
vt 0.155269 0.639711
vt 0.176261 0.639711
vt 0.176261 0.643202
vt 0.155269 0.643202
vt 0.365433 0.639711
vt 0.386329 0.639711
vt 0.386329 0.643202
vt 0.365433 0.643202
vt 0.134170 0.639711
vt 0.134170 0.643202
vt 0.281002 0.639711
vt 0.302172 0.639711
vt 0.302172 0.643202
vt 0.281002 0.643202
vt 0.344442 0.639711
vt 0.344442 0.643202
vt 0.113000 0.639711
vt 0.113000 0.643202
vt 0.259902 0.639711
vt 0.259902 0.643202
vt 0.323342 0.639711
vt 0.323342 0.643202
vt 0.091829 0.639711
vt 0.091829 0.643202
vt 0.238910 0.639711
vt 0.238910 0.643202
vt 0.070730 0.639711
vt 0.070730 0.643202
vt 0.218015 0.639711
vt 0.218015 0.643202
vt 0.049738 0.639711
vt 0.049738 0.643202
vt 0.197157 0.639711
vt 0.197157 0.643202
vt 0.281002 0.648983
vt 0.302172 0.648983
vt 0.302172 0.669133
vt 0.281002 0.669133
vt 0.134170 0.644473
vt 0.155269 0.644473
vt 0.155269 0.648983
vt 0.134170 0.648983
vt 0.281002 0.644473
vt 0.302172 0.644473
vt 0.344442 0.644473
vt 0.344442 0.648983
vt 0.113000 0.644473
vt 0.113000 0.648983
vt 0.259902 0.644473
vt 0.259902 0.648983
vt 0.323342 0.644473
vt 0.323342 0.648983
vt 0.091829 0.644473
vt 0.091829 0.648983
vt 0.238910 0.644473
vt 0.238910 0.648983
vt 0.070730 0.644473
vt 0.070730 0.648983
vt 0.218015 0.644473
vt 0.218015 0.648983
vt 0.049738 0.644473
vt 0.049738 0.648983
vt 0.197157 0.644473
vt 0.197157 0.648983
vt 0.028842 0.644473
vt 0.028842 0.648983
vt 0.176261 0.644473
vt 0.176261 0.648983
vt 0.007984 0.644473
vt 0.007984 0.648983
vt 0.259902 0.669133
vt 0.281002 0.688200
vt 0.259902 0.688200
vt 0.365433 0.669133
vt 0.344442 0.669133
vt 0.134170 0.669133
vt 0.113000 0.669133
vt 0.323342 0.669133
vt 0.091829 0.669133
vt 0.238910 0.669133
vt 0.070730 0.669133
vt 0.218015 0.669133
vt 0.049738 0.669133
vt 0.197157 0.669133
vt 0.028842 0.669133
vt 0.176261 0.669133
vt 0.007984 0.669133
vt 0.155269 0.669133
vt 0.386329 0.669133
vt 0.238910 0.688200
vt 0.259902 0.706663
vt 0.238910 0.706663
vt 0.344442 0.688200
vt 0.323342 0.688200
vt 0.113000 0.688200
vt 0.091829 0.688200
vt 0.302172 0.688200
vt 0.070730 0.688200
vt 0.218015 0.688200
vt 0.049738 0.688200
vt 0.197157 0.688200
vt 0.028842 0.688200
vt 0.176261 0.688200
vt 0.007984 0.688200
vt 0.155269 0.688200
vt 0.386329 0.688200
vt 0.365433 0.688200
vt 0.134170 0.688200
vt 0.218015 0.719259
vt 0.238910 0.719259
vt 0.238910 0.724657
vt 0.218015 0.724657
vt 0.323342 0.706663
vt 0.302172 0.706663
vt 0.091829 0.706663
vt 0.070730 0.706663
vt 0.218015 0.706663
vt 0.049738 0.706663
vt 0.197157 0.706663
vt 0.028842 0.706663
vt 0.176261 0.706663
vt 0.007984 0.706663
vt 0.155269 0.706663
vt 0.386329 0.706663
vt 0.365433 0.706663
vt 0.134170 0.706663
vt 0.281002 0.706663
vt 0.344442 0.706663
vt 0.113000 0.706663
vt 0.197157 0.727762
vt 0.218015 0.727762
vt 0.218015 0.741867
vt 0.197157 0.741867
vt 0.049738 0.719259
vt 0.070730 0.719259
vt 0.070730 0.724657
vt 0.049738 0.724657
vt 0.197157 0.719259
vt 0.197157 0.724657
vt 0.028842 0.719259
vt 0.028842 0.724657
vt 0.176261 0.719259
vt 0.176261 0.724657
vt 0.007984 0.719259
vt 0.007984 0.724657
vt 0.155269 0.719259
vt 0.155269 0.724657
vt 0.365433 0.719259
vt 0.386329 0.719259
vt 0.386329 0.724657
vt 0.365433 0.724657
vt 0.134170 0.719259
vt 0.134170 0.724657
vt 0.281002 0.719259
vt 0.302172 0.719259
vt 0.302172 0.724657
vt 0.281002 0.724657
vt 0.344442 0.719259
vt 0.344442 0.724657
vt 0.113000 0.719259
vt 0.113000 0.724657
vt 0.259902 0.719259
vt 0.259902 0.724657
vt 0.323342 0.719259
vt 0.323342 0.724657
vt 0.091829 0.719259
vt 0.091829 0.724657
vt 0.176261 0.741867
vt 0.197157 0.765605
vt 0.176261 0.765605
vt 0.028842 0.727762
vt 0.049738 0.727762
vt 0.049738 0.741867
vt 0.028842 0.741867
vt 0.176261 0.727762
vt 0.007984 0.727762
vt 0.007984 0.741867
vt 0.155269 0.727762
vt 0.155269 0.741867
vt 0.365433 0.727762
vt 0.386329 0.727762
vt 0.386329 0.741867
vt 0.365433 0.741867
vt 0.134170 0.727762
vt 0.134170 0.741867
vt 0.281002 0.727762
vt 0.302172 0.727762
vt 0.302172 0.741867
vt 0.281002 0.741867
vt 0.344442 0.727762
vt 0.344442 0.741867
vt 0.113000 0.727762
vt 0.113000 0.741867
vt 0.259902 0.727762
vt 0.259902 0.741867
vt 0.323342 0.727762
vt 0.323342 0.741867
vt 0.091829 0.727762
vt 0.091829 0.741867
vt 0.238910 0.727762
vt 0.238910 0.741867
vt 0.070730 0.727762
vt 0.070730 0.741867
vt 0.155269 0.765605
vt 0.176261 0.775801
vt 0.155269 0.775801
vt 0.028842 0.765605
vt 0.007984 0.765605
vt 0.386329 0.765605
vt 0.365433 0.765605
vt 0.134170 0.765605
vt 0.302172 0.765605
vt 0.281002 0.765605
vt 0.344442 0.765605
vt 0.113000 0.765605
vt 0.259902 0.765605
vt 0.323342 0.765605
vt 0.091829 0.765605
vt 0.238910 0.765605
vt 0.070730 0.765605
vt 0.218015 0.765605
vt 0.049738 0.765605
vt 0.134170 0.797589
vt 0.155269 0.797589
vt 0.155269 0.799099
vt 0.134170 0.799099
vt 0.386329 0.775801
vt 0.365433 0.775801
vt 0.134170 0.775801
vt 0.302172 0.775801
vt 0.281002 0.775801
vt 0.344442 0.775801
vt 0.113000 0.775801
vt 0.259902 0.775801
vt 0.323342 0.775801
vt 0.091829 0.775801
vt 0.238910 0.775801
vt 0.070730 0.775801
vt 0.218015 0.775801
vt 0.049738 0.775801
vt 0.197157 0.775801
vt 0.028842 0.775801
vt 0.007984 0.775801
vt 0.113000 0.800366
vt 0.134170 0.800366
vt 0.134170 0.806697
vt 0.113000 0.806697
vt 0.281002 0.797589
vt 0.302172 0.797589
vt 0.302172 0.799099
vt 0.281002 0.799099
vt 0.344442 0.797589
vt 0.365433 0.797589
vt 0.365433 0.799099
vt 0.344442 0.799099
vt 0.113000 0.797589
vt 0.113000 0.799099
vt 0.259902 0.797589
vt 0.259902 0.799099
vt 0.323342 0.797589
vt 0.323342 0.799099
vt 0.091829 0.797589
vt 0.091829 0.799099
vt 0.238910 0.797589
vt 0.238910 0.799099
vt 0.070730 0.797589
vt 0.070730 0.799099
vt 0.218015 0.797589
vt 0.218015 0.799099
vt 0.049738 0.797589
vt 0.049738 0.799099
vt 0.197157 0.797589
vt 0.197157 0.799099
vt 0.028842 0.797589
vt 0.028842 0.799099
vt 0.176261 0.797589
vt 0.176261 0.799099
vt 0.007984 0.797589
vt 0.007984 0.799099
vt 0.386329 0.797589
vt 0.386329 0.799099
vt 0.078856 0.823172
vt 0.096851 0.823172
vt 0.096851 0.830746
vt 0.078856 0.830746
vt 0.259902 0.800366
vt 0.281002 0.800366
vt 0.281002 0.806697
vt 0.259902 0.806697
vt 0.323342 0.800366
vt 0.344442 0.800366
vt 0.344442 0.806697
vt 0.323342 0.806697
vt 0.091829 0.800366
vt 0.091829 0.806697
vt 0.238910 0.800366
vt 0.238910 0.806697
vt 0.302172 0.800366
vt 0.302172 0.806697
vt 0.070730 0.800366
vt 0.070730 0.806697
vt 0.218015 0.800366
vt 0.218015 0.806697
vt 0.049738 0.800366
vt 0.049738 0.806697
vt 0.197157 0.800366
vt 0.197157 0.806697
vt 0.028842 0.800366
vt 0.028842 0.806697
vt 0.176261 0.800366
vt 0.176261 0.806697
vt 0.007984 0.800366
vt 0.007984 0.806697
vt 0.155269 0.800366
vt 0.155269 0.806697
vt 0.365433 0.800366
vt 0.386329 0.800366
vt 0.386329 0.806697
vt 0.365433 0.806697
vt 0.060921 0.830746
vt 0.078856 0.841756
vt 0.060921 0.841756
vt 0.203876 0.823172
vt 0.221719 0.823172
vt 0.221719 0.830746
vt 0.203876 0.830746
vt 0.257649 0.823172
vt 0.275644 0.823172
vt 0.275644 0.830746
vt 0.257649 0.830746
vt 0.060921 0.823172
vt 0.186114 0.823172
vt 0.186114 0.830746
vt 0.043078 0.823172
vt 0.043078 0.830746
vt 0.168385 0.823172
vt 0.168385 0.830746
vt 0.025316 0.823172
vt 0.025316 0.830746
vt 0.150623 0.823172
vt 0.150623 0.830746
vt 0.007587 0.823172
vt 0.007587 0.830746
vt 0.132780 0.823172
vt 0.132780 0.830746
vt 0.311421 0.823172
vt 0.329183 0.823172
vt 0.329183 0.830746
vt 0.311421 0.830746
vt 0.114845 0.823172
vt 0.114845 0.830746
vt 0.239654 0.823172
vt 0.239654 0.830746
vt 0.293579 0.823172
vt 0.293579 0.830746
vt 0.043078 0.869279
vt 0.060921 0.869279
vt 0.060921 0.872517
vt 0.043078 0.872517
vt 0.203876 0.841756
vt 0.186114 0.841756
vt 0.043078 0.841756
vt 0.168385 0.841756
vt 0.025316 0.841756
vt 0.150623 0.841756
vt 0.007587 0.841756
vt 0.132780 0.841756
vt 0.329183 0.841756
vt 0.311421 0.841756
vt 0.114845 0.841756
vt 0.257649 0.841756
vt 0.239654 0.841756
vt 0.293579 0.841756
vt 0.096851 0.841756
vt 0.221719 0.841756
vt 0.275644 0.841756
vt 0.025316 0.872517
vt 0.043078 0.894009
vt 0.025316 0.894009
vt 0.168385 0.869279
vt 0.186114 0.869279
vt 0.186114 0.872517
vt 0.168385 0.872517
vt 0.025316 0.869279
vt 0.150623 0.869279
vt 0.150623 0.872517
vt 0.007587 0.869279
vt 0.007587 0.872517
vt 0.132780 0.869279
vt 0.132780 0.872517
vt 0.311421 0.869279
vt 0.329183 0.869279
vt 0.329183 0.872517
vt 0.311421 0.872517
vt 0.114845 0.869279
vt 0.114845 0.872517
vt 0.239654 0.869279
vt 0.257649 0.869279
vt 0.257649 0.872517
vt 0.239654 0.872517
vt 0.293579 0.869279
vt 0.293579 0.872517
vt 0.096851 0.869279
vt 0.096851 0.872517
vt 0.221719 0.869279
vt 0.221719 0.872517
vt 0.275644 0.869279
vt 0.275644 0.872517
vt 0.078856 0.869279
vt 0.078856 0.872517
vt 0.203876 0.869279
vt 0.203876 0.872517
vt 0.007587 0.894009
vt 0.025316 0.913541
vt 0.007587 0.913541
vt 0.168385 0.894009
vt 0.150623 0.894009
vt 0.132780 0.894009
vt 0.329183 0.894009
vt 0.311421 0.894009
vt 0.114845 0.894009
vt 0.257649 0.894009
vt 0.239654 0.894009
vt 0.293579 0.894009
vt 0.096851 0.894009
vt 0.221719 0.894009
vt 0.275644 0.894009
vt 0.078856 0.894009
vt 0.203876 0.894009
vt 0.060921 0.894009
vt 0.186114 0.894009
vt 0.311421 0.913541
vt 0.329183 0.913541
vt 0.329183 0.970250
vt 0.311421 0.970250
vt 0.150623 0.913541
vt 0.132780 0.913541
vt 0.114845 0.913541
vt 0.257649 0.913541
vt 0.239654 0.913541
vt 0.293579 0.913541
vt 0.096851 0.913541
vt 0.221719 0.913541
vt 0.275644 0.913541
vt 0.078856 0.913541
vt 0.203876 0.913541
vt 0.060921 0.913541
vt 0.186114 0.913541
vt 0.043078 0.913541
vt 0.168385 0.913541
vt 0.864532 0.456036
vt 0.866112 0.465153
vt 0.864526 0.474268
vt 0.859965 0.482283
vt 0.852980 0.488231
vt 0.844412 0.491394
vt 0.835296 0.491391
vt 0.826731 0.488222
vt 0.819750 0.482269
vt 0.815194 0.474251
vt 0.813615 0.465135
vt 0.815201 0.456019
vt 0.819761 0.448004
vt 0.826747 0.442057
vt 0.835314 0.438894
vt 0.844430 0.438897
vt 0.852995 0.442066
vt 0.859977 0.448018
vt 0.132780 0.970250
vt 0.114845 0.970250
vt 0.257649 0.970250
vt 0.239654 0.970250
vt 0.293579 0.970250
vt 0.096851 0.970250
vt 0.221719 0.970250
vt 0.275644 0.970250
vt 0.078856 0.970250
vt 0.203876 0.970250
vt 0.060921 0.970250
vt 0.186114 0.970250
vt 0.043078 0.970250
vt 0.168385 0.970250
vt 0.025316 0.970250
vt 0.150623 0.970250
vt 0.007587 0.970250
vt 0.092919 0.359156
vt 0.050290 0.359156
vt 0.265167 0.369783
vt 0.308213 0.369783
vt 0.135744 0.359156
vt 0.564720 0.369783
vt 0.607909 0.369783
vt 0.178789 0.359156
vt 0.178789 0.369783
vt 0.221978 0.369783
vt 0.694144 0.369783
vt 0.736969 0.369783
vt 0.221978 0.359156
vt 0.478849 0.369783
vt 0.521674 0.369783
vt 0.265167 0.359156
vt 0.651098 0.369783
vt 0.308213 0.359156
vt 0.135744 0.369783
vt 0.351038 0.359156
vt 0.436220 0.369783
vt 0.651098 0.359156
vt 0.694144 0.359156
vt 0.521674 0.359156
vt 0.564720 0.359156
vt 0.736969 0.359156
vt 0.607909 0.359156
vt 0.779599 0.359156
vt 0.779599 0.369783
vt 0.351038 0.369783
vt 0.007737 0.359156
vt 0.050290 0.369783
vt 0.007737 0.369783
vt 0.393667 0.359156
vt 0.393667 0.369783
vt 0.092919 0.369783
vt 0.436220 0.359156
vt 0.478849 0.359156
vt 0.837455 0.374311
vt 0.847475 0.376052
vt 0.856286 0.381061
vt 0.862826 0.388737
vt 0.866305 0.398152
vt 0.866305 0.408172
vt 0.862826 0.417587
vt 0.856286 0.425262
vt 0.847475 0.430272
vt 0.837455 0.432012
vt 0.827436 0.430272
vt 0.818624 0.425262
vt 0.812085 0.417587
vt 0.808605 0.408172
vt 0.808605 0.398152
vt 0.812085 0.388737
vt 0.818624 0.381061
vt 0.827436 0.376052
vt 0.275644 0.813622
vt 0.293579 0.813622
vt 0.221719 0.813622
vt 0.239654 0.813622
vt 0.096851 0.813622
vt 0.114845 0.813622
vt 0.311421 0.813622
vt 0.257649 0.813622
vt 0.132780 0.813622
vt 0.329183 0.813622
vt 0.150623 0.813622
vt 0.007587 0.813622
vt 0.025316 0.813622
vt 0.168385 0.813622
vt 0.043078 0.813622
vt 0.186114 0.813622
vt 0.060921 0.813622
vt 0.203876 0.813622
vt 0.078856 0.813622
s 1
usemtl Material.001
f 1/1/1 2/2/2 4/3/3 3/4/4
f 3/4/4 4/3/3 6/5/5 5/6/6
f 5/6/6 6/5/5 8/7/7 7/8/8
f 7/8/8 8/7/7 10/9/9 9/10/10
f 9/10/10 10/9/9 12/11/11 11/12/12
f 11/12/12 12/11/11 14/13/13 13/14/14
f 13/14/14 14/13/13 16/15/15 15/16/16
f 15/16/16 16/15/15 18/17/17 17/18/18
f 17/18/18 18/17/17 20/19/19 19/20/20
f 19/20/20 20/19/19 22/21/21 21/22/22
f 21/22/22 22/21/21 24/23/23 23/24/24
f 23/24/24 24/23/23 26/25/25 25/26/26
f 25/26/26 26/25/25 28/27/27 27/28/28
f 27/28/28 28/27/27 30/29/29 29/30/30
f 29/30/30 30/29/29 32/31/31 31/32/32
f 32/31/31 30/29/29 51/33/33 52/34/34
f 31/32/32 32/31/31 34/35/35 33/36/36
f 33/36/36 34/35/35 36/37/37 35/38/38
f 1/39/1 3/40/4 5/41/6 7/42/8 9/43/10 11/44/12 13/45/14 15/46/16 17/47/18 19/48/20 21/49/22 23/50/24 25/51/26 27/52/28 29/53/30 31/54/32 33/55/36 35/56/38
f 43/57/39 42/58/40 60/59/41 61/60/42
f 8/7/7 6/5/5 39/61/43 40/62/44
f 18/17/17 16/15/15 44/63/45 45/64/46
f 4/3/3 2/2/2 38/65/47 37/66/48
f 28/27/27 26/25/25 49/67/49 50/68/50
f 2/69/2 36/37/37 54/70/51 38/71/47
f 14/13/13 12/11/11 42/58/40 43/57/39
f 24/23/23 22/21/21 47/72/52 48/73/53
f 34/35/35 32/31/31 52/34/34 53/74/54
f 10/9/9 8/7/7 40/62/44 41/75/55
f 20/19/19 18/17/17 45/64/46 46/76/56
f 30/29/29 28/27/27 50/68/50 51/33/33
f 6/5/5 4/3/3 37/66/48 39/61/43
f 16/15/15 14/13/13 43/57/39 44/63/45
f 26/25/25 24/23/23 48/73/53 49/67/49
f 36/37/37 34/35/35 53/74/54 54/70/51
f 12/11/11 10/9/9 41/75/55 42/58/40
f 22/21/21 20/19/19 46/76/56 47/72/52
f 51/33/33 50/68/50 68/77/57 69/78/58
f 44/63/45 43/57/39 61/60/42 62/79/59
f 52/34/34 51/33/33 69/78/58 70/80/60
f 45/64/46 44/63/45 62/79/59 63/81/61
f 37/66/48 38/65/47 56/82/62 55/83/63
f 53/74/54 52/34/34 70/80/60 71/84/64
f 46/76/56 45/64/46 63/81/61 64/85/65
f 39/61/43 37/66/48 55/83/63 57/86/66
f 54/70/51 53/74/54 71/84/64 72/87/67
f 47/72/52 46/76/56 64/85/65 65/88/68
f 40/62/44 39/61/43 57/86/66 58/89/69
f 38/71/47 54/70/51 72/87/67 56/90/62
f 48/73/53 47/72/52 65/88/68 66/91/70
f 41/75/55 40/62/44 58/89/69 59/92/71
f 49/67/49 48/73/53 66/91/70 67/93/72
f 42/58/40 41/75/55 59/92/71 60/59/41
f 50/68/50 49/67/49 67/93/72 68/77/57
f 55/94/63 56/95/62 72/96/67 71/97/64 70/98/60 69/99/58 68/100/57 67/101/72 66/102/70 65/103/68 64/104/65 63/105/61 62/106/59 61/107/42 60/108/41 59/109/71 58/110/69 57/111/66
f 35/38/38 36/37/37 2/69/2 1/112/1
f 126/113/73 123/114/74 105/115/75 108/116/76
f 125/117/77 122/118/78 104/119/79 107/120/80
f 124/121/81 121/122/82 103/123/83 106/124/84
f 123/114/74 120/125/85 102/126/86 105/115/75
f 122/118/78 111/127/87 93/128/88 104/119/79
f 121/122/82 119/129/89 101/130/90 103/123/83
f 120/125/85 118/131/91 100/132/92 102/126/86
f 119/129/89 117/133/93 99/134/94 101/130/90
f 118/131/91 116/135/95 98/136/96 100/132/92
f 117/133/93 115/137/97 97/138/98 99/134/94
f 116/135/95 114/139/99 96/140/100 98/136/96
f 115/137/97 113/141/101 95/142/102 97/138/98
f 114/139/99 112/143/103 94/144/104 96/140/100
f 113/145/101 110/146/105 92/147/106 95/148/102
f 112/143/103 109/149/107 91/150/108 94/144/104
f 111/127/87 126/113/73 108/116/76 93/128/88
f 110/146/105 125/117/77 107/120/80 92/147/106
f 109/149/107 124/121/81 106/124/84 91/150/108
f 83/151/109 82/152/110 124/153/81 109/154/107
f 76/155/111 75/156/112 125/157/77 110/158/105
f 74/159/113 90/160/114 126/161/73 111/162/87
f 84/163/115 83/151/109 109/154/107 112/164/103
f 77/165/116 76/155/111 110/158/105 113/166/101
f 85/167/117 84/163/115 112/164/103 114/168/99
f 78/169/118 77/170/116 113/171/101 115/172/97
f 86/173/119 85/167/117 114/168/99 116/174/95
f 79/175/120 78/169/118 115/172/97 117/176/93
f 87/177/121 86/173/119 116/174/95 118/178/91
f 80/179/122 79/175/120 117/176/93 119/180/89
f 88/181/123 87/177/121 118/178/91 120/182/85
f 81/183/124 80/179/122 119/180/89 121/184/82
f 73/185/125 74/159/113 111/162/87 122/186/78
f 89/187/126 88/181/123 120/182/85 123/188/74
f 82/152/110 81/183/124 121/184/82 124/153/81
f 75/156/112 73/185/125 122/186/78 125/157/77
f 90/160/114 89/187/126 123/188/74 126/161/73
f 164/189/127 165/190/128 166/191/129 159/192/130
f 162/193/131 163/194/132 167/195/133 158/196/134
f 160/197/135 161/198/136 168/199/137 157/200/138
f 159/192/130 166/191/129 169/201/139 156/202/140
f 158/196/134 167/195/133 170/203/141 147/204/142
f 157/200/138 168/199/137 171/205/143 155/206/144
f 156/202/140 169/201/139 172/207/145 154/208/146
f 155/206/144 171/205/143 173/209/147 153/210/148
f 154/208/146 172/207/145 174/211/149 152/212/150
f 153/210/148 173/209/147 175/213/151 151/214/152
f 152/212/150 174/211/149 176/215/153 150/216/154
f 151/214/152 175/213/151 177/217/155 149/218/156
f 150/216/154 176/215/153 178/219/157 148/220/158
f 149/221/156 177/222/155 179/223/159 146/224/160
f 148/220/158 178/219/157 180/225/161 145/226/162
f 147/204/142 170/203/141 165/190/128 164/189/127
f 146/224/160 179/223/159 163/194/132 162/193/131
f 145/226/162 180/225/161 161/198/136 160/197/135
f 137/227/163 145/226/162 160/197/135 136/228/164
f 130/229/165 146/224/160 162/193/131 129/230/166
f 128/231/167 147/204/142 164/189/127 144/232/168
f 138/233/169 148/220/158 145/226/162 137/227/163
f 131/234/170 149/221/156 146/224/160 130/229/165
f 139/235/171 150/216/154 148/220/158 138/233/169
f 132/236/172 151/214/152 149/218/156 131/237/170
f 140/238/173 152/212/150 150/216/154 139/235/171
f 133/239/174 153/210/148 151/214/152 132/236/172
f 141/240/175 154/208/146 152/212/150 140/238/173
f 134/241/176 155/206/144 153/210/148 133/239/174
f 142/242/177 156/202/140 154/208/146 141/240/175
f 135/243/178 157/200/138 155/206/144 134/241/176
f 127/244/179 158/196/134 147/204/142 128/231/167
f 143/245/180 159/192/130 156/202/140 142/242/177
f 136/228/164 160/197/135 157/200/138 135/243/178
f 129/230/166 162/193/131 158/196/134 127/244/179
f 144/232/168 164/189/127 159/192/130 143/245/180
f 102/126/86 169/201/139 166/191/129 105/115/75
f 106/124/84 161/198/136 180/225/161 91/150/108
f 87/177/121 141/240/175 140/238/173 86/173/119
f 93/128/88 170/203/141 167/195/133 104/119/79
f 73/185/125 127/244/179 128/231/167 74/159/113
f 88/181/123 142/242/177 141/240/175 87/177/121
f 101/130/90 171/205/143 168/199/137 103/123/83
f 75/156/112 129/230/166 127/244/179 73/185/125
f 89/187/126 143/245/180 142/242/177 88/181/123
f 100/132/92 172/207/145 169/201/139 102/126/86
f 76/155/111 130/229/165 129/230/166 75/156/112
f 90/160/114 144/232/168 143/245/180 89/187/126
f 99/134/94 173/209/147 171/205/143 101/130/90
f 77/165/116 131/234/170 130/229/165 76/155/111
f 74/159/113 128/231/167 144/232/168 90/160/114
f 98/136/96 174/211/149 172/207/145 100/132/92
f 78/169/118 132/236/172 131/237/170 77/170/116
f 97/138/98 175/213/151 173/209/147 99/134/94
f 79/175/120 133/239/174 132/236/172 78/169/118
f 96/140/100 176/215/153 174/211/149 98/136/96
f 80/179/122 134/241/176 133/239/174 79/175/120
f 95/142/102 177/217/155 175/213/151 97/138/98
f 81/183/124 135/243/178 134/241/176 80/179/122
f 94/144/104 178/219/157 176/215/153 96/140/100
f 82/152/110 136/228/164 135/243/178 81/183/124
f 92/147/106 179/223/159 177/222/155 95/148/102
f 83/151/109 137/227/163 136/228/164 82/152/110
f 105/115/75 166/191/129 165/190/128 108/116/76
f 91/150/108 180/225/161 178/219/157 94/144/104
f 84/163/115 138/233/169 137/227/163 83/151/109
f 104/119/79 167/195/133 163/194/132 107/120/80
f 108/116/76 165/190/128 170/203/141 93/128/88
f 85/167/117 139/235/171 138/233/169 84/163/115
f 103/123/83 168/199/137 161/198/136 106/124/84
f 107/120/80 163/194/132 179/223/159 92/147/106
f 86/173/119 140/238/173 139/235/171 85/167/117
f 234/246/181 216/247/182 213/248/183 231/249/184
f 233/250/185 215/251/186 212/252/187 230/253/188
f 232/254/189 214/255/190 211/256/191 229/257/192
f 231/249/184 213/248/183 210/258/193 228/259/194
f 230/253/188 212/252/187 201/260/195 219/261/196
f 229/257/192 211/256/191 209/262/197 227/263/198
f 228/259/194 210/258/193 208/264/199 226/265/200
f 227/263/198 209/262/197 207/266/201 225/267/202
f 226/268/200 208/269/199 206/270/203 224/271/204
f 225/267/202 207/266/201 205/272/205 223/273/206
f 224/271/204 206/270/203 204/274/207 222/275/208
f 223/273/206 205/272/205 203/276/209 221/277/210
f 222/275/208 204/274/207 202/278/211 220/279/212
f 221/277/210 203/276/209 200/280/213 218/281/214
f 220/279/212 202/278/211 199/282/215 217/283/216
f 219/261/196 201/260/195 216/247/182 234/246/181
f 218/281/214 200/280/213 215/251/186 233/250/185
f 217/283/216 199/282/215 214/255/190 232/254/189
f 191/284/217 217/285/216 232/286/189 190/287/218
f 184/288/219 218/289/214 233/290/185 183/291/220
f 182/292/221 219/293/196 234/294/181 198/295/222
f 192/296/223 220/297/212 217/285/216 191/284/217
f 185/298/224 221/299/210 218/289/214 184/288/219
f 193/300/225 222/301/208 220/297/212 192/296/223
f 186/302/226 223/303/206 221/299/210 185/298/224
f 194/304/227 224/305/204 222/301/208 193/300/225
f 187/306/228 225/307/202 223/303/206 186/302/226
f 195/308/229 226/309/200 224/305/204 194/304/227
f 188/310/230 227/311/198 225/307/202 187/306/228
f 196/312/231 228/313/194 226/314/200 195/315/229
f 189/316/232 229/317/192 227/311/198 188/310/230
f 181/318/233 230/319/188 219/293/196 182/292/221
f 197/320/234 231/321/184 228/313/194 196/312/231
f 190/287/218 232/286/189 229/317/192 189/316/232
f 183/291/220 233/290/185 230/319/188 181/318/233
f 198/295/222 234/294/181 231/321/184 197/320/234
f 272/322/235 267/323/236 274/324/237 273/325/238
f 270/326/239 266/327/240 275/328/241 271/329/242
f 268/330/243 265/331/244 276/332/245 269/333/246
f 267/323/236 264/334/247 277/335/248 274/324/237
f 266/327/240 255/336/249 278/337/250 275/328/241
f 265/331/244 263/338/251 279/339/252 276/332/245
f 264/334/247 262/340/253 280/341/254 277/335/248
f 263/338/251 261/342/255 281/343/256 279/339/252
f 262/344/253 260/345/257 282/346/258 280/347/254
f 261/342/255 259/348/259 283/349/260 281/343/256
f 260/345/257 258/350/261 284/351/262 282/346/258
f 259/348/259 257/352/263 285/353/264 283/349/260
f 258/350/261 256/354/265 286/355/266 284/351/262
f 257/352/263 254/356/267 287/357/268 285/353/264
f 256/354/265 253/358/269 288/359/270 286/355/266
f 255/336/249 272/322/235 273/325/238 278/337/250
f 254/356/267 270/326/239 271/329/242 287/357/268
f 253/358/269 268/330/243 269/333/246 288/359/270
f 245/360/271 244/361/272 268/330/243 253/358/269
f 238/362/273 237/363/274 270/326/239 254/356/267
f 236/364/275 252/365/276 272/322/235 255/336/249
f 246/366/277 245/360/271 253/358/269 256/354/265
f 239/367/278 238/362/273 254/356/267 257/352/263
f 247/368/279 246/366/277 256/354/265 258/350/261
f 240/369/280 239/367/278 257/352/263 259/348/259
f 248/370/281 247/368/279 258/350/261 260/345/257
f 241/371/282 240/369/280 259/348/259 261/342/255
f 249/372/283 248/370/281 260/345/257 262/344/253
f 242/373/284 241/371/282 261/342/255 263/338/251
f 250/374/285 249/375/283 262/340/253 264/334/247
f 243/376/286 242/373/284 263/338/251 265/331/244
f 235/377/287 236/364/275 255/336/249 266/327/240
f 251/378/288 250/374/285 264/334/247 267/323/236
f 244/361/272 243/376/286 265/331/244 268/330/243
f 237/363/274 235/377/287 266/327/240 270/326/239
f 252/365/276 251/378/288 267/323/236 272/322/235
f 210/258/193 213/248/183 274/324/237 277/335/248
f 214/255/190 199/282/215 288/359/270 269/333/246
f 195/308/229 194/304/227 248/370/281 249/372/283
f 201/260/195 212/252/187 275/328/241 278/337/250
f 181/318/233 182/292/221 236/364/275 235/377/287
f 196/312/231 195/315/229 249/375/283 250/374/285
f 209/262/197 211/256/191 276/332/245 279/339/252
f 183/291/220 181/318/233 235/377/287 237/363/274
f 197/320/234 196/312/231 250/374/285 251/378/288
f 208/264/199 210/258/193 277/335/248 280/341/254
f 184/288/219 183/291/220 237/363/274 238/362/273
f 198/295/222 197/320/234 251/378/288 252/365/276
f 207/266/201 209/262/197 279/339/252 281/343/256
f 185/298/224 184/288/219 238/362/273 239/367/278
f 182/292/221 198/295/222 252/365/276 236/364/275
f 206/270/203 208/269/199 280/347/254 282/346/258
f 186/302/226 185/298/224 239/367/278 240/369/280
f 205/272/205 207/266/201 281/343/256 283/349/260
f 187/306/228 186/302/226 240/369/280 241/371/282
f 204/274/207 206/270/203 282/346/258 284/351/262
f 188/310/230 187/306/228 241/371/282 242/373/284
f 203/276/209 205/272/205 283/349/260 285/353/264
f 189/316/232 188/310/230 242/373/284 243/376/286
f 202/278/211 204/274/207 284/351/262 286/355/266
f 190/287/218 189/316/232 243/376/286 244/361/272
f 200/280/213 203/276/209 285/353/264 287/357/268
f 191/284/217 190/287/218 244/361/272 245/360/271
f 213/248/183 216/247/182 273/325/238 274/324/237
f 199/282/215 202/278/211 286/355/266 288/359/270
f 192/296/223 191/284/217 245/360/271 246/366/277
f 212/252/187 215/251/186 271/329/242 275/328/241
f 216/247/182 201/260/195 278/337/250 273/325/238
f 193/300/225 192/296/223 246/366/277 247/368/279
f 211/256/191 214/255/190 269/333/246 276/332/245
f 215/251/186 200/280/213 287/357/268 271/329/242
f 194/304/227 193/300/225 247/368/279 248/370/281
f 392/379/289 398/380/290 399/381/291 393/382/292
f 399/381/291 400/383/293 394/384/294 393/382/292
f 354/385/295 349/386/296 343/387/297 348/388/298
f 333/389/299 339/390/300 340/391/301 334/392/302
f 396/393/303 402/394/304 397/395/305 391/396/306
f 336/397/307 331/398/308 325/399/309 330/400/310
f 362/401/311 368/402/312 369/403/313 363/404/314
f 341/405/315 342/406/316 336/397/307 335/407/317
f 374/408/318 375/409/319 369/403/313 368/402/312
f 359/410/320 365/411/321 366/412/322 360/413/323
f 376/414/324 382/415/325 383/416/326 377/417/327
f 325/399/309 326/418/328 320/419/329 319/420/330
f 304/421/331 310/422/332 311/423/333 305/424/334
f 343/387/297 349/386/296 350/425/335 344/426/336
f 348/388/298 343/387/297 337/427/337 342/406/316
f 356/428/338 357/429/339 351/430/340 350/425/335
f 427/431/341 433/432/342 438/433/343 432/434/344
f 337/427/337 338/435/345 332/436/346 331/398/308
f 363/404/314 369/403/313 370/437/347 364/438/348
f 301/439/349 306/440/350 312/441/351 307/442/352
f 369/403/313 375/409/319 376/414/324 370/437/347
f 315/443/353 316/444/354 310/422/332 309/445/355
f 310/422/332 316/444/354 317/446/356 311/423/333
f 381/447/357 387/448/358 388/449/359 382/415/325
f 388/449/359 389/450/360 383/416/326 382/415/325
f 327/451/361 333/389/299 334/392/302 328/452/362
f 358/453/363 359/454/320 353/455/364 352/456/365
f 348/388/298 347/457/366 353/458/364 354/385/295
f 328/452/362 334/392/302 335/459/317 329/460/367
f 393/382/292 394/384/294 388/449/359 387/448/358
f 394/384/294 395/461/368 389/450/360 388/449/359
f 385/462/369 391/396/306 392/379/289 386/463/370
f 346/464/371 347/465/366 341/466/315 340/391/301
f 296/467/372 297/468/373 291/469/374 290/470/375
f 386/463/370 392/379/289 393/382/292 387/448/358
f 378/471/376 373/472/377 367/473/378 372/474/379
f 332/436/346 338/435/345 339/390/300 333/389/299
f 395/475/368 396/393/303 390/476/380 389/477/360
f 317/478/356 318/479/381 312/441/351 311/480/333
f 345/481/382 344/426/336 350/425/335 351/430/340
f 385/462/369 386/463/370 380/482/383 379/483/384
f 386/463/370 387/448/358 381/447/357 380/482/383
f 351/430/340 352/456/365 346/464/371 345/481/382
f 326/418/328 332/436/346 333/389/299 327/451/361
f 305/484/334 311/480/333 312/441/351 306/440/350
f 376/414/324 377/417/327 371/485/385 370/437/347
f 377/486/327 378/471/376 372/474/379 371/487/385
f 356/428/338 362/401/311 363/404/314 357/429/339
f 298/488/386 297/468/373 303/489/387 304/421/331
f 299/490/388 298/488/386 304/421/331 305/424/334
f 295/491/389 300/492/390 306/440/350 301/439/349
f 358/453/363 352/456/365 351/430/340 357/429/339
f 303/489/387 297/468/373 296/467/372 302/493/391
f 323/494/392 329/495/367 330/400/310 324/496/393
f 301/439/349 307/442/352 308/497/394 302/493/391
f 325/399/309 331/398/308 332/436/346 326/418/328
f 299/498/388 305/484/334 306/440/350 300/492/390
f 390/476/380 385/462/369 379/483/384 384/499/395
f 328/452/362 329/460/367 323/500/392 322/501/396
f 327/451/361 328/452/362 322/501/396 321/502/397
f 397/395/305 398/380/290 392/379/289 391/396/306
f 335/407/317 336/397/307 330/400/310 329/495/367
f 324/496/393 319/420/330 313/503/398 318/479/381
f 343/387/297 344/426/336 338/435/345 337/427/337
f 314/504/399 313/503/398 319/420/330 320/419/329
f 364/438/348 365/505/321 359/454/320 358/453/363
f 316/444/354 315/443/353 321/502/397 322/501/396
f 389/477/360 390/476/380 384/499/395 383/506/326
f 316/444/354 322/501/396 323/500/392 317/446/356
f 360/413/323 355/507/400 349/386/296 354/385/295
f 330/400/310 325/399/309 319/420/330 324/496/393
f 314/504/399 320/419/329 321/502/397 315/443/353
f 349/386/296 355/507/400 356/428/338 350/425/335
f 308/497/394 307/442/352 313/503/398 314/504/399
f 379/483/384 380/482/383 374/408/318 373/472/377
f 308/497/394 309/445/355 303/489/387 302/493/391
f 377/486/327 383/506/326 384/499/395 378/471/376
f 320/419/329 326/418/328 327/451/361 321/502/397
f 384/499/395 379/483/384 373/472/377 378/471/376
f 339/390/300 345/481/382 346/464/371 340/391/301
f 375/409/319 381/447/357 382/415/325 376/414/324
f 294/508/401 300/492/390 295/491/389 289/509/402
f 394/384/294 400/383/293 401/510/403 395/461/368
f 323/494/392 324/496/393 318/479/381 317/478/356
f 360/413/323 366/412/322 361/511/404 355/507/400
f 309/445/355 310/422/332 304/421/331 303/489/387
f 359/410/320 360/413/323 354/385/295 353/458/364
f 298/488/386 299/490/388 293/512/405 292/513/406
f 289/509/402 295/491/389 296/467/372 290/470/375
f 356/428/338 355/507/400 361/511/404 362/401/311
f 395/475/368 401/514/403 402/394/304 396/393/303
f 314/504/399 315/443/353 309/445/355 308/497/394
f 293/515/405 299/498/388 300/492/390 294/508/401
f 352/456/365 353/455/364 347/465/366 346/464/371
f 291/469/374 297/468/373 298/488/386 292/513/406
f 338/435/345 344/426/336 345/481/382 339/390/300
f 366/412/322 372/474/379 367/473/378 361/511/404
f 367/473/378 368/402/312 362/401/311 361/511/404
f 357/429/339 363/404/314 364/438/348 358/453/363
f 365/411/321 371/487/385 372/474/379 366/412/322
f 364/438/348 370/437/347 371/485/385 365/505/321
f 367/473/378 373/472/377 374/408/318 368/402/312
f 347/457/366 348/388/298 342/406/316 341/405/315
f 380/482/383 381/447/357 375/409/319 374/408/318
f 390/476/380 396/393/303 391/396/306 385/462/369
f 397/395/305 402/394/304 408/516/407 403/517/408
f 398/380/290 397/395/305 403/517/408 404/518/409
f 399/381/291 398/380/290 404/518/409 405/519/410
f 400/383/293 399/381/291 405/519/410 406/520/411
f 401/510/403 400/383/293 406/520/411 407/521/412
f 402/394/304 401/514/403 407/522/412 408/516/407
f 456/523/413 451/524/414 457/525/415 462/526/416
f 519/527/417 518/528/418 512/529/419 513/530/420
f 514/531/421 520/532/422 519/527/417 513/530/420
f 453/533/423 459/534/424 458/535/425 452/536/426
f 455/537/427 456/523/413 462/526/416 461/538/428
f 517/539/429 522/540/430 516/541/431 511/542/432
f 455/543/427 461/544/428 460/545/433 454/546/434
f 465/547/435 464/548/436 458/535/425 459/534/424
f 440/549/437 446/550/438 445/551/439 439/552/440
f 483/553/441 489/554/442 488/555/443 482/556/444
f 477/557/445 476/558/446 470/559/447 471/560/448
f 460/545/433 461/544/428 467/561/449 466/562/450
f 464/548/436 463/563/451 457/525/415 458/535/425
f 489/554/442 495/564/452 494/565/453 488/555/443
f 480/566/454 486/567/455 485/568/456 479/569/457
f 497/570/458 503/571/459 502/572/460 496/573/461
f 452/536/426 451/524/414 445/551/439 446/550/438
f 431/574/462 430/575/463 424/576/464 425/577/465
f 464/548/436 465/547/435 471/560/448 470/559/447
f 483/553/441 482/556/444 476/558/446 477/557/445
f 460/545/433 459/534/424 453/533/423 454/546/434
f 484/578/466 490/579/467 489/554/442 483/553/441
f 421/580/468 427/431/341 432/434/344 426/581/469
f 496/573/461 495/564/452 489/554/442 490/579/467
f 430/575/463 436/582/470 435/583/471 429/584/472
f 437/585/473 436/582/470 430/575/463 431/574/462
f 508/586/474 507/587/475 501/588/476 502/572/460
f 509/589/477 508/586/474 502/572/460 503/571/459
f 454/546/434 453/533/423 447/590/478 448/591/479
f 479/592/457 478/593/480 472/594/481 473/595/482
f 463/563/451 469/596/483 474/597/484 468/598/485
f 449/599/486 455/543/427 454/546/434 448/591/479
f 514/531/421 513/530/420 507/587/475 508/586/474
f 515/600/487 514/531/421 508/586/474 509/589/477
f 506/601/488 512/529/419 511/542/432 505/602/489
f 411/603/374 417/604/490 416/605/491 410/606/492
f 513/530/420 512/529/419 506/601/488 507/587/475
f 487/607/493 493/608/494 498/609/495 492/610/496
f 453/533/423 452/536/426 446/550/438 447/590/478
f 510/611/497 516/541/431 515/612/487 509/613/477
f 432/434/344 438/433/343 437/614/473 431/615/462
f 439/552/440 445/551/439 450/616/498 444/617/499
f 506/601/488 505/602/489 499/618/500 500/619/501
f 501/588/476 507/587/475 506/601/488 500/619/501
f 466/562/450 472/594/481 471/560/448 465/547/435
f 431/615/462 425/620/465 426/581/469 432/434/344
f 497/570/458 496/573/461 490/579/467 491/621/502
f 498/609/495 497/622/458 491/623/502 492/610/496
f 486/567/455 480/566/454 475/624/503 481/625/504
f 467/561/449 473/595/482 472/594/481 466/562/450
f 423/626/505 417/604/490 418/627/506 424/576/464
f 464/548/436 470/559/447 469/596/483 463/563/451
f 419/628/507 425/577/465 424/576/464 418/627/506
f 415/629/508 421/580/468 426/581/469 420/630/509
f 440/549/437 441/631/510 447/590/478 446/550/438
f 422/632/511 416/605/491 417/604/490 423/626/505
f 422/632/511 428/633/512 427/431/341 421/580/468
f 419/634/507 420/630/509 426/581/469 425/620/465
f 505/602/489 510/611/497 504/635/513 499/618/500
f 512/529/419 518/528/418 517/539/429 511/542/432
f 483/553/441 477/557/445 478/593/480 484/578/466
f 485/636/456 484/578/466 478/593/480 479/592/457
f 476/558/446 482/556/444 481/625/504 475/624/503
f 433/432/342 439/552/440 444/617/499 438/433/343
f 452/536/426 458/535/425 457/525/415 451/524/414
f 434/637/514 440/549/437 439/552/440 433/432/342
f 468/598/485 467/638/449 461/538/428 462/526/416
f 436/582/470 442/639/515 441/631/510 435/583/471
f 510/611/497 509/613/477 503/640/459 504/635/513
f 443/641/516 442/639/515 436/582/470 437/585/473
f 443/641/516 449/599/486 448/591/479 442/639/515
f 449/642/486 443/643/516 444/617/499 450/616/498
f 434/637/514 435/583/471 441/631/510 440/549/437
f 470/559/447 476/558/446 475/624/503 469/596/483
f 428/633/512 434/637/514 433/432/342 427/431/341
f 500/619/501 499/618/500 493/608/494 494/565/453
f 429/584/472 428/633/512 422/632/511 423/626/505
f 504/635/513 503/640/459 497/622/458 498/609/495
f 499/618/500 504/635/513 498/609/495 493/608/494
f 496/573/461 502/572/460 501/588/476 495/564/452
f 409/644/517 415/629/508 420/630/509 414/645/401
f 515/600/487 521/646/518 520/532/422 514/531/421
f 444/617/499 443/643/516 437/614/473 438/433/343
f 469/596/483 475/624/503 480/566/454 474/597/484
f 477/557/445 471/560/448 472/594/481 478/593/480
f 424/576/464 430/575/463 429/584/472 423/626/505
f 460/545/433 466/562/450 465/547/435 459/534/424
f 413/647/519 419/628/507 418/627/506 412/648/520
f 450/616/498 456/523/413 455/537/427 449/642/486
f 416/605/491 415/629/508 409/644/517 410/606/492
f 468/598/485 462/526/416 457/525/415 463/563/451
f 516/541/431 522/540/430 521/649/518 515/612/487
f 435/583/471 434/637/514 428/633/512 429/584/472
f 414/645/401 420/630/509 419/634/507 413/650/519
f 418/627/506 417/604/490 411/603/374 412/648/520
f 480/566/454 479/569/457 473/651/482 474/597/484
f 487/607/493 492/610/496 486/567/455 481/625/504
f 445/551/439 451/524/414 456/523/413 450/616/498
f 482/556/444 488/555/443 487/607/493 481/625/504
f 486/567/455 492/610/496 491/623/502 485/568/456
f 485/636/456 491/621/502 490/579/467 484/578/466
f 494/565/453 493/608/494 487/607/493 488/555/443
f 473/651/482 467/638/449 468/598/485 474/597/484
f 495/564/452 501/588/476 500/619/501 494/565/453
f 505/602/489 511/542/432 516/541/431 510/611/497
f 517/539/429 523/652/521 528/653/522 522/540/430
f 518/528/418 524/654/523 523/652/521 517/539/429
f 519/527/417 525/655/524 524/654/523 518/528/418
f 520/532/422 526/656/525 525/655/524 519/527/417
f 521/646/518 527/657/526 526/656/525 520/532/422
f 522/540/430 528/653/522 527/658/526 521/649/518
f 336/397/307 342/406/316 337/427/337 331/398/308
f 422/632/511 421/580/468 415/629/508 416/605/491
f 295/491/389 301/439/349 302/493/391 296/467/372
f 312/441/351 318/479/381 313/503/398 307/442/352
f 447/590/478 441/631/510 442/639/515 448/591/479
f 341/466/315 335/459/317 334/392/302 340/391/301
f 545/659/527 536/660/528 535/661/529 547/662/530
f 542/663/531 530/664/532 529/665/533 544/666/534
f 551/667/535 538/668/536 540/669/537 550/670/538
f 555/671/539 537/672/540 539/673/541 554/674/542
f 532/675/543 543/676/544 541/677/545 531/678/546
f 553/679/547 543/680/544 542/681/531 556/682/548
f 534/683/549 548/684/550 546/685/551 533/686/552
f 549/687/553 547/688/530 546/689/551 552/690/554
f 537/672/540 549/687/553 552/690/554 539/673/541
f 545/691/527 551/667/535 550/670/538 548/692/550
f 538/668/536 553/679/547 556/682/548 540/669/537
f 541/693/545 555/671/539 554/674/542 544/694/534
f 531/695/546 541/693/545 544/694/534 529/696/533
f 535/697/529 536/698/528 534/699/549 533/700/552
f 552/701/554 550/702/538 540/703/537 539/704/541
f 555/705/539 553/706/547 538/707/536 537/708/540
f 543/680/544 532/695/543 530/696/532 542/681/531
f 554/709/542 556/710/548 542/663/531 544/666/534
f 547/688/530 535/699/529 533/698/552 546/689/551
f 549/711/553 551/712/535 545/659/527 547/662/530
f 537/708/540 538/707/536 551/712/535 549/711/553
f 546/685/551 548/684/550 550/702/538 552/701/554
f 539/704/541 540/703/537 556/710/548 554/709/542
f 541/677/545 543/676/544 553/706/547 555/705/539
f 536/713/528 545/691/527 548/692/550 534/714/549
f 530/697/532 532/700/543 531/715/546 529/716/533
f 558/717/555 564/718/556 563/719/557 557/720/558
f 646/721/559 645/722/560 639/723/561 640/724/562
f 639/723/561 645/722/560 644/725/563 638/726/564
f 595/727/565 601/728/566 600/729/567 594/730/568
f 694/731/569 693/732/570 687/733/571 688/734/572
f 685/735/573 691/736/574 690/737/575 684/738/576
f 633/739/577 639/723/561 638/726/564 632/740/578
f 706/741/579 562/742/580 561/743/581 705/744/582
f 680/745/583 686/746/584 685/747/573 679/748/585
f 685/735/573 684/738/576 678/749/586 679/750/585
f 690/737/575 689/751/587 683/752/588 684/738/576
f 570/753/589 569/754/590 563/719/557 564/718/556
f 697/755/591 703/756/592 702/757/593 696/758/594
f 697/755/591 696/758/594 690/737/575 691/736/574
f 698/759/595 697/760/591 691/761/574 692/762/596
f 587/763/597 592/764/598 586/765/599 581/766/600
f 706/741/579 705/744/582 699/767/601 700/768/602
f 701/769/603 557/720/558 562/742/580 706/741/579
f 631/770/580 637/771/604 636/772/605 630/773/606
f 586/765/599 585/774/607 579/775/608 580/776/609
f 654/777/610 660/778/611 659/779/612 653/780/613
f 590/781/614 589/782/615 583/783/616 584/784/617
f 591/785/618 590/781/614 584/784/617 585/774/607
f 655/786/599 661/787/619 660/778/611 654/777/610
f 576/788/620 575/789/621 569/754/590 570/753/589
f 699/767/601 705/744/582 704/790/622 698/759/595
f 648/791/623 654/777/610 653/780/613 647/792/624
f 563/719/557 569/754/590 574/793/625 568/794/626
f 676/795/627 682/796/566 681/797/628 675/798/629
f 588/799/630 587/763/597 581/766/600 582/800/631
f 673/801/632 679/750/585 678/749/586 672/802/633
f 659/779/612 664/803/634 658/804/616 653/780/613
f 698/759/595 704/790/622 703/805/592 697/760/591
f 651/806/635 657/807/636 656/808/637 650/809/638
f 702/757/593 701/769/603 695/810/639 696/758/594
f 608/811/640 614/812/641 613/813/569 607/814/572
f 563/719/557 568/794/626 562/742/580 557/720/558
f 592/764/598 591/785/618 585/774/607 586/765/599
f 628/815/592 634/816/642 633/739/577 627/817/643
f 575/789/621 580/776/609 574/793/625 569/754/590
f 648/791/623 647/792/624 641/818/644 642/819/645
f 645/722/560 651/806/635 650/809/638 644/725/563
f 577/820/646 583/821/616 582/800/631 576/788/620
f 593/822/647 598/823/648 592/764/598 587/763/597
f 623/824/649 628/815/592 622/825/650 617/826/651
f 686/746/584 692/762/596 691/761/574 685/747/573
f 640/724/562 639/723/561 633/739/577 634/816/642
f 588/799/630 594/730/568 593/822/647 587/763/597
f 612/827/652 611/828/653 605/829/654 606/830/655
f 619/831/656 625/832/657 624/833/658 618/834/659
f 624/833/658 623/824/649 617/826/651 618/834/659
f 621/835/660 627/817/643 626/836/661 620/837/662
f 626/836/661 625/838/657 619/839/656 620/837/662
f 616/840/574 622/825/650 621/835/660 615/841/663
f 677/842/664 682/796/566 676/795/627 671/843/665
f 631/770/580 630/773/606 624/833/658 625/832/657
f 630/773/606 629/844/666 623/824/649 624/833/658
f 627/817/643 633/739/577 632/740/578 626/836/661
f 629/844/666 635/845/667 640/724/562 634/816/642
f 612/827/652 618/834/659 617/826/651 611/828/653
f 604/846/585 610/847/573 609/848/668 603/849/669
f 574/793/625 580/776/609 579/775/608 573/850/670
f 658/804/616 664/803/634 663/851/671 657/807/636
f 578/852/672 577/853/646 571/854/559 572/855/673
f 662/856/674 661/857/619 655/858/599 656/808/637
f 575/789/621 581/766/600 586/765/599 580/776/609
f 650/809/638 649/859/609 643/860/625 644/725/563
f 619/831/656 618/834/659 612/827/652 613/861/569
f 610/847/573 616/840/574 615/841/663 609/848/668
f 621/835/660 620/837/662 614/812/641 615/841/663
f 614/812/641 620/837/662 619/839/656 613/813/569
f 571/862/559 577/820/646 576/788/620 570/753/589
f 595/727/565 594/730/568 588/799/630 589/863/615
f 628/815/592 627/817/643 621/835/660 622/825/650
f 617/826/651 622/825/650 616/840/574 611/828/653
f 611/828/653 616/840/574 610/847/573 605/829/654
f 663/851/671 662/856/674 656/808/637 657/807/636
f 630/773/606 636/772/605 635/845/667 629/844/666
f 695/810/639 701/769/603 706/741/579 700/768/602
f 607/864/572 606/830/655 600/729/567 601/728/566
f 600/729/567 606/830/655 605/829/654 599/865/675
f 597/866/676 596/867/677 590/781/614 591/785/618
f 592/764/598 598/823/648 597/866/676 591/785/618
f 652/868/646 651/806/635 645/722/560 646/721/559
f 687/733/571 686/746/584 680/745/583 681/797/628
f 603/849/669 602/869/678 596/867/677 597/866/676
f 605/829/654 610/847/573 604/846/585 599/865/675
f 623/824/649 629/844/666 634/816/642 628/815/592
f 598/823/648 604/846/585 603/849/669 597/866/676
f 632/740/578 638/726/564 637/870/604 631/871/580
f 681/797/628 680/745/583 674/872/679 675/798/629
f 609/848/668 608/811/640 602/869/678 603/849/669
f 590/781/614 596/867/677 595/873/565 589/782/615
f 607/864/572 613/861/569 612/827/652 606/830/655
f 602/869/678 608/811/640 607/814/572 601/874/566
f 632/740/578 631/871/580 625/838/657 626/836/661
f 589/863/615 588/799/630 582/800/631 583/821/616
f 565/875/680 571/862/559 570/753/589 564/718/556
f 693/732/570 699/767/601 698/759/595 692/762/596
f 567/876/681 573/850/670 572/855/673 566/877/682
f 568/794/626 567/876/681 561/743/581 562/742/580
f 559/878/683 565/875/680 564/718/556 558/717/555
f 655/786/599 654/777/610 648/791/623 649/879/609
f 653/780/613 658/804/616 652/868/646 647/792/624
f 582/800/631 581/766/600 575/789/621 576/788/620
f 573/850/670 579/775/608 578/852/672 572/855/673
f 584/784/617 583/783/616 577/853/646 578/852/672
f 599/865/675 604/846/585 598/823/648 593/822/647
f 659/779/612 665/880/684 670/881/685 664/803/634
f 660/778/611 666/882/686 665/880/684 659/779/612
f 661/787/619 667/883/687 666/882/686 660/778/611
f 662/856/674 668/884/688 667/885/687 661/857/619
f 663/851/671 669/886/689 668/884/688 662/856/674
f 664/803/634 670/881/685 669/886/689 663/851/671
f 665/887/684 671/843/665 676/795/627 670/888/685
f 666/889/686 672/802/633 671/843/665 665/887/684
f 667/890/687 673/801/632 672/802/633 666/889/686
f 668/891/688 674/872/679 673/892/632 667/893/687
f 669/894/689 675/798/629 674/872/679 668/891/688
f 670/888/685 676/795/627 675/798/629 669/894/689
f 615/841/663 614/812/641 608/811/640 609/848/668
f 561/743/581 567/876/681 566/877/682 560/895/690
f 704/790/622 560/895/690 559/896/683 703/805/592
f 703/756/592 559/878/683 558/717/555 702/757/593
f 568/794/626 574/793/625 573/850/670 567/876/681
f 650/809/638 656/808/637 655/858/599 649/859/609
f 700/768/602 699/767/601 693/732/570 694/731/569
f 705/744/582 561/743/581 560/895/690 704/790/622
f 687/733/571 693/732/570 692/762/596 686/746/584
f 702/757/593 558/717/555 557/720/558 701/769/603
f 602/869/678 601/874/566 595/873/565 596/867/677
f 643/897/625 649/879/609 648/791/623 642/819/645
f 688/734/572 687/733/571 681/797/628 682/796/566
f 642/819/645 641/818/644 635/845/667 636/772/605
f 643/897/625 642/819/645 636/772/605 637/771/604
f 638/726/564 644/725/563 643/860/625 637/870/604
f 689/751/587 694/731/569 688/734/572 683/752/588
f 683/752/588 688/734/572 682/796/566 677/842/664
f 678/749/586 684/738/576 683/752/588 677/842/664
f 635/845/667 641/818/644 646/721/559 640/724/562
f 674/872/679 680/745/583 679/748/585 673/892/632
f 566/877/682 565/898/680 559/896/683 560/895/690
f 672/802/633 678/749/586 677/842/664 671/843/665
f 585/774/607 584/784/617 578/852/672 579/775/608
f 689/751/587 695/810/639 700/768/602 694/731/569
f 641/818/644 647/792/624 652/868/646 646/721/559
f 658/804/616 657/807/636 651/806/635 652/868/646
f 566/877/682 572/855/673 571/854/559 565/898/680
f 696/758/594 695/810/639 689/751/587 690/737/575
f 594/730/568 600/729/567 599/865/675 593/822/647
f 857/899/691 863/900/692 868/901/693 862/902/694
f 710/903/695 860/904/696 859/905/697 709/906/698
f 711/907/699 861/908/700 860/904/696 710/903/695
f 708/909/701 858/910/702 857/899/691 707/911/703
f 709/912/698 859/913/697 858/910/702 708/909/701
f 712/914/704 862/902/694 861/908/700 711/907/699
f 732/915/705 733/916/706 727/917/707 726/918/708
f 781/919/709 782/920/710 776/921/711 775/922/712
f 838/923/713 833/924/714 827/925/715 832/926/716
f 765/927/717 766/928/718 760/929/719 759/930/720
f 840/931/721 841/932/722 835/933/723 834/934/724
f 751/935/725 752/936/726 746/937/727 745/938/728
f 774/939/729 775/940/712 769/941/730 768/942/731
f 728/943/732 722/944/733 721/945/734 727/946/707
f 846/947/735 847/948/736 841/932/722 840/931/721
f 841/949/722 847/950/736 848/951/737 842/952/738
f 771/953/739 772/954/740 766/928/718 765/927/717
f 714/955/741 720/956/742 721/957/734 715/958/743
f 718/959/744 724/960/745 719/961/746 713/962/747
f 724/960/745 723/963/748 729/964/749 730/965/750
f 717/966/751 716/967/752 722/944/733 723/963/748
f 713/962/747 719/961/746 720/956/742 714/955/741
f 722/944/733 716/967/752 715/968/743 721/945/734
f 803/969/753 804/970/754 798/971/755 797/972/756
f 733/973/706 734/974/757 728/943/732 727/946/707
f 762/975/758 761/976/759 767/977/760 768/942/731
f 747/978/761 753/979/762 754/980/763 748/981/764
f 722/944/733 728/943/732 729/964/749 723/963/748
f 721/957/734 720/956/742 726/918/708 727/917/707
f 720/956/742 719/961/746 725/982/765 726/918/708
f 742/983/766 748/981/764 743/984/767 737/985/768
f 791/986/769 792/987/770 786/988/771 785/989/772
f 772/954/740 767/977/760 761/976/759 766/928/718
f 799/990/773 800/991/774 794/992/775 793/993/776
f 792/987/770 793/994/776 787/995/777 786/988/771
f 732/915/705 726/918/708 725/982/765 731/996/778
f 735/997/779 736/998/780 730/965/750 729/964/749
f 725/982/765 730/965/750 736/998/780 731/996/778
f 749/999/781 750/1000/782 744/1001/783 743/984/767
f 814/1002/784 820/1003/785 815/1004/786 809/1005/787
f 748/981/764 754/980/763 749/999/781 743/984/767
f 800/991/774 806/1006/788 807/1007/789 801/1008/790
f 757/1009/791 758/1010/792 752/936/726 751/935/725
f 794/992/775 795/1011/793 789/1012/794 788/1013/795
f 771/953/739 777/1014/796 778/1015/797 772/954/740
f 767/977/760 772/954/740 778/1015/797 773/1016/798
f 749/999/781 755/1017/799 756/1018/800 750/1000/782
f 731/996/778 737/985/768 738/1019/801 732/915/705
f 738/1019/801 739/1020/802 733/916/706 732/915/705
f 739/1021/802 740/1022/803 734/974/757 733/973/706
f 741/1023/804 742/983/766 736/998/780 735/997/779
f 735/997/779 734/974/757 740/1022/803 741/1023/804
f 781/919/709 787/1024/777 788/1013/795 782/920/710
f 801/1008/790 807/1007/789 808/1025/805 802/1026/806
f 838/923/713 844/1027/807 839/1028/808 833/924/714
f 805/1029/809 806/1006/788 800/991/774 799/990/773
f 763/1030/810 764/1031/811 758/1010/792 757/1009/791
f 743/984/767 744/1001/783 738/1019/801 737/985/768
f 738/1019/801 744/1001/783 745/1032/728 739/1020/802
f 741/1023/804 747/978/761 748/981/764 742/983/766
f 740/1022/803 739/1021/802 745/938/728 746/937/727
f 746/937/727 747/978/761 741/1023/804 740/1022/803
f 715/968/743 716/967/752 710/903/695 709/906/698
f 775/922/712 776/921/711 770/1033/812 769/1034/730
f 758/1010/792 759/930/720 753/979/762 752/936/726
f 767/977/760 773/1016/798 774/939/729 768/942/731
f 836/1035/813 842/952/738 843/1036/814 837/1037/815
f 842/952/738 848/951/737 849/1038/816 843/1036/814
f 762/975/758 756/1018/800 755/1017/799 761/976/759
f 808/1025/805 803/969/753 797/972/756 802/1026/806
f 783/1039/817 784/1040/818 778/1015/797 777/1014/796
f 844/1027/807 850/1041/819 845/1042/820 839/1028/808
f 830/1043/821 831/1044/822 825/1045/823 824/1046/824
f 833/924/714 839/1028/808 840/931/721 834/934/724
f 828/1047/825 834/934/724 835/933/723 829/1048/826
f 827/925/715 833/924/714 834/934/724 828/1047/825
f 763/1049/810 762/975/758 768/942/731 769/941/730
f 827/925/715 828/1047/825 822/1050/827 821/1051/828
f 837/1037/815 843/1036/814 844/1027/807 838/923/713
f 773/1016/798 778/1015/797 784/1040/818 779/1052/829
f 813/1053/830 819/1054/831 820/1003/785 814/1002/784
f 708/909/701 714/955/741 715/958/743 709/912/698
f 713/962/747 714/955/741 708/909/701 707/911/703
f 773/1016/798 779/1052/829 780/1055/832 774/939/729
f 812/1056/833 818/1057/834 819/1054/831 813/1053/830
f 832/926/716 827/925/715 821/1051/828 826/1058/835
f 776/921/711 782/920/710 783/1039/817 777/1014/796
f 798/971/755 804/970/754 805/1059/809 799/1060/773
f 803/969/753 809/1005/787 810/1061/836 804/970/754
f 815/1004/786 816/1062/837 810/1061/836 809/1005/787
f 831/1044/822 832/926/716 826/1058/835 825/1045/823
f 823/1063/838 824/1046/824 818/1057/834 817/1064/839
f 818/1057/834 824/1046/824 825/1045/823 819/1054/831
f 756/1018/800 762/975/758 763/1049/810 757/1065/791
f 805/1029/809 811/1066/840 812/1056/833 806/1006/788
f 820/1003/785 826/1058/835 821/1051/828 815/1004/786
f 770/1033/812 764/1031/811 763/1030/810 769/1034/730
f 823/1063/838 829/1067/826 830/1043/821 824/1046/824
f 792/987/770 798/971/755 799/1060/773 793/994/776
f 796/1068/841 791/986/769 785/989/772 790/1069/842
f 810/1061/836 811/1070/840 805/1059/809 804/970/754
f 755/1017/799 760/929/719 766/928/718 761/976/759
f 711/907/699 717/966/751 718/959/744 712/914/704
f 758/1010/792 764/1031/811 765/927/717 759/930/720
f 822/1050/827 823/1071/838 817/1072/839 816/1062/837
f 784/1040/818 790/1069/842 785/989/772 779/1052/829
f 750/1000/782 756/1018/800 757/1065/791 751/1073/725
f 829/1067/826 835/1074/723 836/1035/813 830/1043/821
f 825/1045/823 826/1058/835 820/1003/785 819/1054/831
f 808/1025/805 814/1002/784 809/1005/787 803/969/753
f 752/936/726 753/979/762 747/978/761 746/937/727
f 800/991/774 801/1008/790 795/1011/793 794/992/775
f 843/1036/814 849/1038/816 850/1041/819 844/1027/807
f 813/1053/830 814/1002/784 808/1025/805 807/1007/789
f 812/1056/833 813/1053/830 807/1007/789 806/1006/788
f 801/1008/790 802/1026/806 796/1068/841 795/1011/793
f 760/929/719 754/980/763 753/979/762 759/930/720
f 810/1061/836 816/1062/837 817/1072/839 811/1070/840
f 782/920/710 788/1013/795 789/1012/794 783/1039/817
f 796/1068/841 802/1026/806 797/972/756 791/986/769
f 835/1074/723 841/949/722 842/952/738 836/1035/813
f 718/959/744 713/962/747 707/911/703 712/914/704
f 815/1004/786 821/1051/828 822/1050/827 816/1062/837
f 836/1035/813 837/1037/815 831/1044/822 830/1043/821
f 837/1037/815 838/923/713 832/926/716 831/1044/822
f 779/1052/829 785/989/772 786/988/771 780/1055/832
f 786/988/771 787/995/777 781/1075/709 780/1055/832
f 760/929/719 755/1017/799 749/999/781 754/980/763
f 797/972/756 798/971/755 792/987/770 791/986/769
f 845/1042/820 846/947/735 840/931/721 839/1028/808
f 789/1012/794 795/1011/793 796/1068/841 790/1069/842
f 787/1024/777 793/993/776 794/992/775 788/1013/795
f 710/903/695 716/967/752 717/966/751 711/907/699
f 817/1064/839 818/1057/834 812/1056/833 811/1066/840
f 828/1047/825 829/1048/826 823/1071/838 822/1050/827
f 783/1039/817 789/1012/794 790/1069/842 784/1040/818
f 845/1042/820 850/1041/819 856/1076/843 851/1077/844
f 846/947/735 845/1042/820 851/1077/844 852/1078/845
f 847/948/736 846/947/735 852/1078/845 853/1079/846
f 848/951/737 847/950/736 853/1080/846 854/1081/847
f 849/1038/816 848/951/737 854/1081/847 855/1082/848
f 850/1041/819 849/1038/816 855/1082/848 856/1076/843
f 866/1083/849 865/1084/850 859/905/697 860/904/696
f 861/908/700 867/1085/851 866/1083/849 860/904/696
f 864/1086/852 863/900/692 857/899/691 858/910/702
f 859/913/697 865/1087/850 864/1086/852 858/910/702
f 862/902/694 868/901/693 867/1085/851 861/908/700
f 707/911/703 857/899/691 862/902/694 712/914/704
f 906/1088/853 905/1089/854 899/1090/855 900/1091/856
f 945/1092/857 944/1093/858 938/1094/859 939/1095/860
f 942/1096/861 941/1097/862 935/1098/863 936/1099/864
f 977/1100/865 983/1101/866 988/1102/867 982/1103/868
f 877/1104/869 871/1105/870 872/1106/871 878/1107/872
f 985/1108/873 991/1109/874 990/1110/875 984/1111/876
f 897/1112/877 903/1113/878 902/1114/879 896/1115/880
f 926/1116/881 932/1117/882 931/1118/883 925/1119/884
f 925/1120/884 931/1121/883 930/1122/885 924/1123/886
f 991/1109/874 997/1124/887 996/1125/888 990/1110/875
f 992/1126/889 998/1127/890 997/1128/887 991/1129/874
f 928/1130/891 927/1131/892 921/1132/893 922/1133/894
f 892/1134/895 886/1135/896 881/1136/897 887/1137/898
f 880/1138/899 886/1135/896 885/1139/900 879/1140/901
f 919/1141/902 918/1142/903 912/1143/904 913/1144/905
f 951/1145/906 957/1146/907 956/1147/908 950/1148/909
f 913/1144/905 912/1143/904 906/1088/853 907/1149/910
f 890/1150/911 884/1151/912 885/1139/900 891/1152/913
f 875/1153/914 876/1154/915 882/1155/916 881/1136/897
f 951/1145/906 950/1148/909 944/1093/858 945/1092/857
f 929/1156/917 935/1098/863 940/1157/918 934/1158/919
f 895/1159/920 901/1160/921 900/1091/856 894/1161/922
f 900/1091/856 899/1090/855 893/1162/923 894/1161/922
f 964/1163/924 958/1164/925 953/1165/926 959/1166/927
f 954/1167/928 953/1165/926 947/1168/929 948/1169/930
f 917/1170/931 923/1171/932 928/1130/891 922/1133/894
f 949/1172/933 955/1173/934 954/1167/928 948/1169/930
f 874/1174/935 873/1175/936 867/1085/851 868/901/693
f 909/1176/937 915/1177/938 914/1178/939 908/1179/940
f 924/1123/886 930/1122/885 929/1156/917 923/1171/932
f 892/1134/895 898/1180/941 897/1112/877 891/1152/913
f 914/1178/939 920/1181/942 919/1182/902 913/1183/905
f 973/1184/943 972/1185/944 966/1186/945 967/1187/946
f 910/1188/947 916/1189/948 915/1177/938 909/1176/937
f 910/1188/947 904/1190/949 899/1090/855 905/1089/854
f 905/1089/854 911/1191/950 916/1189/948 910/1188/947
f 933/1192/951 939/1095/860 938/1094/859 932/1117/882
f 888/1193/952 887/1137/898 881/1136/897 882/1155/916
f 947/1168/929 952/1194/953 946/1195/954 941/1097/862
f 875/1153/914 880/1138/899 874/1174/935 869/1196/955
f 954/1167/928 960/1197/956 959/1166/927 953/1165/926
f 927/1131/892 933/1192/951 932/1117/882 926/1116/881
f 901/1198/921 902/1114/879 908/1179/940 907/1199/910
f 969/1200/957 968/1201/958 962/1202/959 963/1203/960
f 867/1085/851 873/1175/936 872/1106/871 866/1083/849
f 964/1163/924 970/1204/961 969/1200/957 963/1203/960
f 877/1104/869 878/1107/872 884/1151/912 883/1205/962
f 965/1206/963 971/1207/964 976/1208/965 970/1204/961
f 866/1083/849 872/1106/871 871/1105/870 865/1084/850
f 903/1113/878 909/1176/937 908/1179/940 902/1114/879
f 940/1157/918 939/1095/860 933/1192/951 934/1158/919
f 873/1175/936 879/1140/901 878/1107/872 872/1106/871
f 987/1209/966 993/1210/967 992/1126/889 986/1211/968
f 993/1210/967 999/1212/969 998/1127/890 992/1126/889
f 960/1197/956 954/1167/928 955/1173/934 961/1213/970
f 943/1214/971 949/1172/933 948/1169/930 942/1096/861
f 889/1215/972 895/1159/920 894/1161/922 888/1193/952
f 995/1216/973 1000/1217/974 994/1218/975 989/1219/976
f 981/1220/977 980/1221/978 974/1222/979 975/1223/980
f 990/1110/875 989/1219/976 983/1101/866 984/1111/876
f 979/1224/981 985/1108/873 984/1111/876 978/1225/982
f 978/1225/982 984/1111/876 983/1101/866 977/1100/865
f 919/1141/902 925/1120/884 924/1123/886 918/1142/903
f 978/1225/982 977/1100/865 971/1207/964 972/1185/944
f 876/1154/915 875/1153/914 869/1196/955 870/1226/983
f 988/1102/867 994/1218/975 993/1210/967 987/1209/966
f 943/1214/971 942/1096/861 936/1099/864 937/1227/984
f 892/1134/895 891/1152/913 885/1139/900 886/1135/896
f 952/1194/953 951/1145/906 945/1092/857 946/1195/954
f 871/1228/870 870/1226/983 864/1086/852 865/1087/850
f 864/1086/852 870/1226/983 869/1196/955 863/900/692
f 944/1093/858 943/1229/971 937/1230/984 938/1094/859
f 891/1152/913 897/1112/877 896/1115/880 890/1150/911
f 912/1143/904 918/1142/903 917/1170/931 911/1191/950
f 977/1100/865 982/1103/868 976/1208/965 971/1207/964
f 946/1195/954 945/1092/857 939/1095/860 940/1157/918
f 934/1158/919 933/1192/951 927/1131/892 928/1130/891
f 893/1162/923 887/1137/898 888/1193/952 894/1161/922
f 968/1201/958 967/1231/946 961/1232/970 962/1202/959
f 887/1137/898 893/1162/923 898/1180/941 892/1134/895
f 982/1103/868 981/1220/977 975/1223/980 976/1208/965
f 968/1201/958 974/1222/979 973/1233/943 967/1231/946
f 975/1223/980 974/1222/979 968/1201/958 969/1200/957
f 961/1213/970 967/1187/946 966/1186/945 960/1197/956
f 959/1166/927 965/1206/963 970/1204/961 964/1163/924
f 919/1182/902 920/1181/942 926/1116/881 925/1119/884
f 980/1221/978 979/1234/981 973/1233/943 974/1222/979
f 953/1165/926 958/1164/925 952/1194/953 947/1168/929
f 875/1153/914 881/1136/897 886/1135/896 880/1138/899
f 938/1094/859 937/1230/984 931/1118/883 932/1117/882
f 906/1088/853 900/1091/856 901/1160/921 907/1149/910
f 877/1235/869 883/1236/962 882/1155/916 876/1154/915
f 917/1170/931 918/1142/903 924/1123/886 923/1171/932
f 916/1189/948 922/1133/894 921/1132/893 915/1177/938
f 890/1150/911 896/1115/880 895/1237/920 889/1238/972
f 986/1211/968 985/1239/873 979/1234/981 980/1221/978
f 970/1204/961 976/1208/965 975/1223/980 969/1200/957
f 917/1170/931 922/1133/894 916/1189/948 911/1191/950
f 994/1218/975 1000/1217/974 999/1212/969 993/1210/967
f 876/1154/915 870/1226/983 871/1228/870 877/1235/869
f 956/1147/908 957/1146/907 963/1203/960 962/1202/959
f 898/1180/941 904/1190/949 903/1113/878 897/1112/877
f 929/1156/917 934/1158/919 928/1130/891 923/1171/932
f 906/1088/853 912/1143/904 911/1191/950 905/1089/854
f 936/1099/864 935/1098/863 929/1156/917 930/1122/885
f 986/1211/968 992/1126/889 991/1129/874 985/1239/873
f 944/1093/858 950/1148/909 949/1240/933 943/1229/971
f 869/1196/955 874/1174/935 868/901/693 863/900/692
f 972/1185/944 971/1207/964 965/1206/963 966/1186/945
f 987/1209/966 986/1211/968 980/1221/978 981/1220/977
f 988/1102/867 987/1209/966 981/1220/977 982/1103/868
f 961/1232/970 955/1241/934 956/1147/908 962/1202/959
f 996/1125/888 995/1216/973 989/1219/976 990/1110/875
f 899/1090/855 904/1190/949 898/1180/941 893/1162/923
f 921/1132/893 920/1181/942 914/1178/939 915/1177/938
f 958/1164/925 957/1146/907 951/1145/906 952/1194/953
f 956/1147/908 955/1241/934 949/1240/933 950/1148/909
f 902/1114/879 901/1198/921 895/1237/920 896/1115/880
f 973/1184/943 979/1224/981 978/1225/982 972/1185/944
f 983/1101/866 989/1219/976 994/1218/975 988/1102/867
f 889/1215/972 888/1193/952 882/1155/916 883/1236/962
f 937/1227/984 936/1099/864 930/1122/885 931/1121/883
f 995/1216/973 1001/1242/985 1006/1243/986 1000/1217/974
f 996/1125/888 1002/1244/987 1001/1242/985 995/1216/973
f 997/1124/887 1003/1245/988 1002/1244/987 996/1125/888
f 998/1127/890 1004/1246/989 1003/1247/988 997/1128/887
f 999/1212/969 1005/1248/990 1004/1246/989 998/1127/890
f 1000/1217/974 1006/1243/986 1005/1248/990 999/1212/969
f 935/1098/863 941/1097/862 946/1195/954 940/1157/918
f 724/960/745 718/959/744 717/966/751 723/963/748
f 742/983/766 737/985/768 731/996/778 736/998/780
f 750/1000/782 751/1073/725 745/1032/728 744/1001/783
f 771/953/739 765/927/717 764/1031/811 770/1033/812
f 770/1033/812 776/921/711 777/1014/796 771/953/739
f 780/1055/832 781/1075/709 775/940/712 774/939/729
f 913/1183/905 907/1199/910 908/1179/940 914/1178/939
f 910/1188/947 909/1176/937 903/1113/878 904/1190/949
f 926/1116/881 920/1181/942 921/1132/893 927/1131/892
f 948/1169/930 947/1168/929 941/1097/862 942/1096/861
f 964/1163/924 963/1203/960 957/1146/907 958/1164/925
f 966/1186/945 965/1206/963 959/1166/927 960/1197/956
f 890/1150/911 889/1238/972 883/1205/962 884/1151/912
f 874/1174/935 880/1138/899 879/1140/901 873/1175/936
f 879/1140/901 885/1139/900 884/1151/912 878/1107/872
f 730/965/750 725/982/765 719/961/746 724/960/745
f 734/974/757 735/997/779 729/964/749 728/943/732
f 1060/1249/991 1042/1250/992 1039/1251/993 1057/1252/994
f 1059/1253/995 1041/1254/996 1038/1255/997 1056/1256/998
f 1058/1257/999 1040/1258/1000 1037/1259/1001 1055/1260/1002
f 1057/1252/994 1039/1251/993 1036/1261/1003 1054/1262/1004
f 1056/1256/998 1038/1255/997 1027/1263/1005 1045/1264/1006
f 1055/1260/1002 1037/1259/1001 1035/1265/1007 1053/1266/1008
f 1054/1262/1004 1036/1261/1003 1034/1267/1009 1052/1268/1010
f 1053/1266/1008 1035/1265/1007 1033/1269/1011 1051/1270/1012
f 1052/1268/1010 1034/1267/1009 1032/1271/1013 1050/1272/1014
f 1051/1270/1012 1033/1269/1011 1031/1273/1015 1049/1274/1016
f 1050/1272/1014 1032/1271/1013 1030/1275/1017 1048/1276/1018
f 1049/1274/1016 1031/1273/1015 1029/1277/1019 1047/1278/1020
f 1048/1276/1018 1030/1275/1017 1028/1279/1021 1046/1280/1022
f 1047/1278/1020 1029/1277/1019 1026/1281/1023 1044/1282/1024
f 1046/1280/1022 1028/1279/1021 1025/1283/1025 1043/1284/1026
f 1045/1285/1006 1027/1286/1005 1042/1250/992 1060/1249/991
f 1044/1282/1024 1026/1281/1023 1041/1254/996 1059/1253/995
f 1043/1284/1026 1025/1283/1025 1040/1258/1000 1058/1257/999
f 1017/1287/1027 1043/1288/1026 1058/1289/999 1016/1290/1028
f 1010/1291/1029 1044/1292/1024 1059/1293/995 1009/1294/1030
f 1008/1295/1031 1045/1296/1006 1060/1297/991 1024/1298/1032
f 1018/1299/1033 1046/1300/1022 1043/1288/1026 1017/1287/1027
f 1011/1301/1034 1047/1302/1020 1044/1292/1024 1010/1291/1029
f 1019/1303/1035 1048/1304/1018 1046/1300/1022 1018/1299/1033
f 1012/1305/1036 1049/1306/1016 1047/1302/1020 1011/1301/1034
f 1020/1307/1037 1050/1308/1014 1048/1304/1018 1019/1303/1035
f 1013/1309/1038 1051/1310/1012 1049/1306/1016 1012/1305/1036
f 1021/1311/1039 1052/1312/1010 1050/1308/1014 1020/1307/1037
f 1014/1313/1040 1053/1314/1008 1051/1310/1012 1013/1309/1038
f 1022/1315/1041 1054/1316/1004 1052/1312/1010 1021/1311/1039
f 1015/1317/1042 1055/1318/1002 1053/1314/1008 1014/1313/1040
f 1007/1319/1043 1056/1320/998 1045/1321/1006 1008/1322/1031
f 1023/1323/1044 1057/1324/994 1054/1316/1004 1022/1315/1041
f 1016/1290/1028 1058/1289/999 1055/1318/1002 1015/1317/1042
f 1009/1294/1030 1059/1293/995 1056/1320/998 1007/1319/1043
f 1024/1298/1032 1060/1297/991 1057/1324/994 1023/1323/1044
f 1098/1325/1045 1093/1326/1046 1100/1327/1047 1099/1328/1048
f 1096/1329/1049 1092/1330/1050 1101/1331/1051 1097/1332/1052
f 1094/1333/1053 1091/1334/1054 1102/1335/1055 1095/1336/1056
f 1093/1326/1046 1090/1337/1057 1103/1338/1058 1100/1327/1047
f 1092/1330/1050 1081/1339/1059 1104/1340/1060 1101/1331/1051
f 1091/1334/1054 1089/1341/1061 1105/1342/1062 1102/1335/1055
f 1090/1337/1057 1088/1343/1063 1106/1344/1064 1103/1338/1058
f 1089/1341/1061 1087/1345/1065 1107/1346/1066 1105/1342/1062
f 1088/1343/1063 1086/1347/1067 1108/1348/1068 1106/1344/1064
f 1087/1345/1065 1085/1349/1069 1109/1350/1070 1107/1346/1066
f 1086/1347/1067 1084/1351/1071 1110/1352/1072 1108/1348/1068
f 1085/1349/1069 1083/1353/1073 1111/1354/1074 1109/1350/1070
f 1084/1351/1071 1082/1355/1075 1112/1356/1076 1110/1352/1072
f 1083/1353/1073 1080/1357/1077 1113/1358/1078 1111/1354/1074
f 1082/1355/1075 1079/1359/1079 1114/1360/1080 1112/1356/1076
f 1081/1361/1059 1098/1325/1045 1099/1328/1048 1104/1362/1060
f 1080/1357/1077 1096/1329/1049 1097/1332/1052 1113/1358/1078
f 1079/1359/1079 1094/1333/1053 1095/1336/1056 1114/1360/1080
f 1071/1363/1081 1070/1364/1082 1094/1333/1053 1079/1359/1079
f 1064/1365/1083 1063/1366/1084 1096/1329/1049 1080/1357/1077
f 1062/1367/1085 1078/1368/1086 1098/1325/1045 1081/1361/1059
f 1072/1369/1087 1071/1363/1081 1079/1359/1079 1082/1355/1075
f 1065/1370/1088 1064/1365/1083 1080/1357/1077 1083/1353/1073
f 1073/1371/1089 1072/1369/1087 1082/1355/1075 1084/1351/1071
f 1066/1372/1090 1065/1370/1088 1083/1353/1073 1085/1349/1069
f 1074/1373/1091 1073/1371/1089 1084/1351/1071 1086/1347/1067
f 1067/1374/1092 1066/1372/1090 1085/1349/1069 1087/1345/1065
f 1075/1375/1093 1074/1373/1091 1086/1347/1067 1088/1343/1063
f 1068/1376/1094 1067/1374/1092 1087/1345/1065 1089/1341/1061
f 1076/1377/1095 1075/1375/1093 1088/1343/1063 1090/1337/1057
f 1069/1378/1096 1068/1376/1094 1089/1341/1061 1091/1334/1054
f 1061/1379/1097 1062/1380/1085 1081/1339/1059 1092/1330/1050
f 1077/1381/1098 1076/1377/1095 1090/1337/1057 1093/1326/1046
f 1070/1364/1082 1069/1378/1096 1091/1334/1054 1094/1333/1053
f 1063/1366/1084 1061/1379/1097 1092/1330/1050 1096/1329/1049
f 1078/1368/1086 1077/1381/1098 1093/1326/1046 1098/1325/1045
f 1036/1261/1003 1039/1251/993 1100/1327/1047 1103/1338/1058
f 1040/1258/1000 1025/1283/1025 1114/1360/1080 1095/1336/1056
f 1021/1311/1039 1020/1307/1037 1074/1373/1091 1075/1375/1093
f 1027/1263/1005 1038/1255/997 1101/1331/1051 1104/1340/1060
f 1007/1319/1043 1008/1322/1031 1062/1380/1085 1061/1379/1097
f 1022/1315/1041 1021/1311/1039 1075/1375/1093 1076/1377/1095
f 1035/1265/1007 1037/1259/1001 1102/1335/1055 1105/1342/1062
f 1009/1294/1030 1007/1319/1043 1061/1379/1097 1063/1366/1084
f 1023/1323/1044 1022/1315/1041 1076/1377/1095 1077/1381/1098
f 1034/1267/1009 1036/1261/1003 1103/1338/1058 1106/1344/1064
f 1010/1291/1029 1009/1294/1030 1063/1366/1084 1064/1365/1083
f 1024/1298/1032 1023/1323/1044 1077/1381/1098 1078/1368/1086
f 1033/1269/1011 1035/1265/1007 1105/1342/1062 1107/1346/1066
f 1011/1301/1034 1010/1291/1029 1064/1365/1083 1065/1370/1088
f 1008/1295/1031 1024/1298/1032 1078/1368/1086 1062/1367/1085
f 1032/1271/1013 1034/1267/1009 1106/1344/1064 1108/1348/1068
f 1012/1305/1036 1011/1301/1034 1065/1370/1088 1066/1372/1090
f 1031/1273/1015 1033/1269/1011 1107/1346/1066 1109/1350/1070
f 1013/1309/1038 1012/1305/1036 1066/1372/1090 1067/1374/1092
f 1030/1275/1017 1032/1271/1013 1108/1348/1068 1110/1352/1072
f 1014/1313/1040 1013/1309/1038 1067/1374/1092 1068/1376/1094
f 1029/1277/1019 1031/1273/1015 1109/1350/1070 1111/1354/1074
f 1015/1317/1042 1014/1313/1040 1068/1376/1094 1069/1378/1096
f 1028/1279/1021 1030/1275/1017 1110/1352/1072 1112/1356/1076
f 1016/1290/1028 1015/1317/1042 1069/1378/1096 1070/1364/1082
f 1026/1281/1023 1029/1277/1019 1111/1354/1074 1113/1358/1078
f 1017/1287/1027 1016/1290/1028 1070/1364/1082 1071/1363/1081
f 1039/1251/993 1042/1250/992 1099/1328/1048 1100/1327/1047
f 1025/1283/1025 1028/1279/1021 1112/1356/1076 1114/1360/1080
f 1018/1299/1033 1017/1287/1027 1071/1363/1081 1072/1369/1087
f 1038/1255/997 1041/1254/996 1097/1332/1052 1101/1331/1051
f 1042/1250/992 1027/1286/1005 1104/1362/1060 1099/1328/1048
f 1019/1303/1035 1018/1299/1033 1072/1369/1087 1073/1371/1089
f 1037/1259/1001 1040/1258/1000 1095/1336/1056 1102/1335/1055
f 1041/1254/996 1026/1281/1023 1113/1358/1078 1097/1332/1052
f 1020/1307/1037 1019/1303/1035 1073/1371/1089 1074/1373/1091
f 1115/1382/1099 1116/1383/1100 1118/1384/1101 1117/1385/1102
f 1117/1385/1102 1118/1384/1101 1120/1386/1103 1119/1387/1104
f 1119/1387/1104 1120/1386/1103 1122/1388/1105 1121/1389/1106
f 1121/1389/1106 1122/1388/1105 1124/1390/1107 1123/1391/1108
f 1123/1391/1108 1124/1390/1107 1126/1392/1109 1125/1393/1110
f 1125/1393/1110 1126/1392/1109 1128/1394/1111 1127/1395/1112
f 1127/1395/1112 1128/1394/1111 1130/1396/1113 1129/1397/1114
f 1129/1397/1114 1130/1396/1113 1132/1398/1115 1131/1399/1116
f 1131/1399/1116 1132/1398/1115 1134/1400/1117 1133/1401/1118
f 1133/1401/1118 1134/1400/1117 1136/1402/1119 1135/1403/1120
f 1135/1403/1120 1136/1402/1119 1138/1404/1121 1137/1405/1122
f 1137/1405/1122 1138/1404/1121 1140/1406/1123 1139/1407/1124
f 1139/1407/1124 1140/1406/1123 1142/1408/1125 1141/1409/1126
f 1141/1409/1126 1142/1408/1125 1144/1410/1127 1143/1411/1128
f 1143/1412/1128 1144/1413/1127 1146/1414/1129 1145/1415/1130
f 1145/1415/1130 1146/1414/1129 1148/1416/1131 1147/1417/1132
f 1140/1406/1123 1138/1404/1121 1162/1418/1133 1163/1419/1134
f 1147/1417/1132 1148/1416/1131 1150/1420/1135 1149/1421/1136
f 1149/1421/1136 1150/1420/1135 1116/1383/1100 1115/1382/1099
f 1163/1419/1134 1162/1418/1133 1180/1422/1137 1181/1423/1138
f 1150/1420/1135 1148/1416/1131 1167/1424/1139 1168/1425/1140
f 1126/1392/1109 1124/1390/1107 1155/1426/1141 1156/1427/1142
f 1136/1402/1119 1134/1400/1117 1160/1428/1143 1161/1429/1144
f 1146/1414/1129 1144/1413/1127 1165/1430/1145 1166/1431/1146
f 1122/1388/1105 1120/1386/1103 1153/1432/1147 1154/1433/1148
f 1132/1398/1115 1130/1396/1113 1158/1434/1149 1159/1435/1150
f 1118/1384/1101 1116/1383/1100 1152/1436/1151 1151/1437/1152
f 1142/1408/1125 1140/1406/1123 1163/1419/1134 1164/1438/1153
f 1116/1383/1100 1150/1420/1135 1168/1425/1140 1152/1436/1151
f 1128/1394/1111 1126/1392/1109 1156/1427/1142 1157/1439/1154
f 1138/1404/1121 1136/1402/1119 1161/1429/1144 1162/1418/1133
f 1148/1416/1131 1146/1414/1129 1166/1431/1146 1167/1424/1139
f 1124/1390/1107 1122/1388/1105 1154/1433/1148 1155/1426/1141
f 1134/1400/1117 1132/1398/1115 1159/1435/1150 1160/1428/1143
f 1144/1410/1127 1142/1408/1125 1164/1438/1153 1165/1440/1145
f 1120/1386/1103 1118/1384/1101 1151/1437/1152 1153/1432/1147
f 1130/1396/1113 1128/1394/1111 1157/1439/1154 1158/1434/1149
f 1182/1441/1155 1181/1423/1138 1199/1442/1156 1200/1443/1157
f 1156/1427/1142 1155/1426/1141 1173/1444/1158 1174/1445/1159
f 1164/1438/1153 1163/1419/1134 1181/1423/1138 1182/1441/1155
f 1157/1439/1154 1156/1427/1142 1174/1445/1159 1175/1446/1160
f 1165/1440/1145 1164/1438/1153 1182/1441/1155 1183/1447/1161
f 1158/1434/1149 1157/1439/1154 1175/1446/1160 1176/1448/1162
f 1166/1431/1146 1165/1430/1145 1183/1449/1161 1184/1450/1163
f 1159/1435/1150 1158/1434/1149 1176/1448/1162 1177/1451/1164
f 1151/1437/1152 1152/1436/1151 1170/1452/1165 1169/1453/1166
f 1167/1424/1139 1166/1431/1146 1184/1450/1163 1185/1454/1167
f 1160/1428/1143 1159/1435/1150 1177/1451/1164 1178/1455/1168
f 1153/1432/1147 1151/1437/1152 1169/1453/1166 1171/1456/1169
f 1168/1425/1140 1167/1424/1139 1185/1454/1167 1186/1457/1170
f 1161/1429/1144 1160/1428/1143 1178/1455/1168 1179/1458/1171
f 1154/1433/1148 1153/1432/1147 1171/1456/1169 1172/1459/1172
f 1152/1436/1151 1168/1425/1140 1186/1457/1170 1170/1452/1165
f 1162/1418/1133 1161/1429/1144 1179/1458/1171 1180/1422/1137
f 1155/1426/1141 1154/1433/1148 1172/1459/1172 1173/1444/1158
f 1201/1460/1173 1200/1443/1157 1218/1461/1174 1219/1462/1175
f 1175/1446/1160 1174/1445/1159 1192/1463/1176 1193/1464/1177
f 1183/1447/1161 1182/1441/1155 1200/1443/1157 1201/1460/1173
f 1176/1448/1162 1175/1446/1160 1193/1464/1177 1194/1465/1178
f 1184/1450/1163 1183/1449/1161 1201/1466/1173 1202/1467/1179
f 1177/1451/1164 1176/1448/1162 1194/1465/1178 1195/1468/1180
f 1169/1453/1166 1170/1452/1165 1188/1469/1181 1187/1470/1182
f 1185/1454/1167 1184/1450/1163 1202/1467/1179 1203/1471/1183
f 1178/1455/1168 1177/1451/1164 1195/1468/1180 1196/1472/1184
f 1171/1456/1169 1169/1453/1166 1187/1470/1182 1189/1473/1185
f 1186/1457/1170 1185/1454/1167 1203/1471/1183 1204/1474/1186
f 1179/1458/1171 1178/1455/1168 1196/1472/1184 1197/1475/1187
f 1172/1459/1172 1171/1456/1169 1189/1473/1185 1190/1476/1188
f 1170/1452/1165 1186/1457/1170 1204/1474/1186 1188/1469/1181
f 1180/1422/1137 1179/1458/1171 1197/1475/1187 1198/1477/1189
f 1173/1444/1158 1172/1459/1172 1190/1476/1188 1191/1478/1190
f 1181/1423/1138 1180/1422/1137 1198/1477/1189 1199/1442/1156
f 1174/1445/1159 1173/1444/1158 1191/1478/1190 1192/1463/1176
f 1220/1479/1191 1219/1480/1175 1237/1481/1192 1238/1482/1193
f 1194/1465/1178 1193/1464/1177 1211/1483/1194 1212/1484/1195
f 1202/1467/1179 1201/1466/1173 1219/1480/1175 1220/1479/1191
f 1195/1468/1180 1194/1465/1178 1212/1484/1195 1213/1485/1196
f 1187/1470/1182 1188/1469/1181 1206/1486/1197 1205/1487/1198
f 1203/1471/1183 1202/1467/1179 1220/1479/1191 1221/1488/1199
f 1196/1472/1184 1195/1468/1180 1213/1485/1196 1214/1489/1200
f 1189/1473/1185 1187/1470/1182 1205/1487/1198 1207/1490/1201
f 1204/1474/1186 1203/1471/1183 1221/1488/1199 1222/1491/1202
f 1197/1475/1187 1196/1472/1184 1214/1489/1200 1215/1492/1203
f 1190/1476/1188 1189/1473/1185 1207/1490/1201 1208/1493/1204
f 1188/1469/1181 1204/1474/1186 1222/1491/1202 1206/1486/1197
f 1198/1477/1189 1197/1475/1187 1215/1492/1203 1216/1494/1205
f 1191/1478/1190 1190/1476/1188 1208/1493/1204 1209/1495/1206
f 1199/1442/1156 1198/1477/1189 1216/1494/1205 1217/1496/1207
f 1192/1463/1176 1191/1478/1190 1209/1495/1206 1210/1497/1208
f 1200/1443/1157 1199/1442/1156 1217/1496/1207 1218/1461/1174
f 1193/1464/1177 1192/1463/1176 1210/1497/1208 1211/1483/1194
f 1229/1498/1209 1228/1499/1210 1246/1500/1211 1247/1501/1212
f 1213/1485/1196 1212/1484/1195 1230/1502/1213 1231/1503/1214
f 1205/1487/1198 1206/1486/1197 1224/1504/1215 1223/1505/1216
f 1221/1488/1199 1220/1479/1191 1238/1482/1193 1239/1506/1217
f 1214/1489/1200 1213/1485/1196 1231/1503/1214 1232/1507/1218
f 1207/1490/1201 1205/1487/1198 1223/1505/1216 1225/1508/1219
f 1222/1491/1202 1221/1488/1199 1239/1506/1217 1240/1509/1220
f 1215/1492/1203 1214/1489/1200 1232/1507/1218 1233/1510/1221
f 1208/1493/1204 1207/1490/1201 1225/1508/1219 1226/1511/1222
f 1206/1486/1197 1222/1491/1202 1240/1509/1220 1224/1504/1215
f 1216/1494/1205 1215/1492/1203 1233/1510/1221 1234/1512/1223
f 1209/1495/1206 1208/1493/1204 1226/1511/1222 1227/1513/1224
f 1217/1496/1207 1216/1494/1205 1234/1512/1223 1235/1514/1225
f 1210/1497/1208 1209/1495/1206 1227/1513/1224 1228/1499/1210
f 1218/1461/1174 1217/1496/1207 1235/1514/1225 1236/1515/1226
f 1211/1483/1194 1210/1497/1208 1228/1499/1210 1229/1498/1209
f 1219/1462/1175 1218/1461/1174 1236/1515/1226 1237/1516/1192
f 1212/1484/1195 1211/1483/1194 1229/1498/1209 1230/1502/1213
f 1248/1517/1227 1247/1518/1212 1265/1519/1228 1266/1520/1229
f 1237/1516/1192 1236/1515/1226 1254/1521/1230 1255/1522/1231
f 1230/1502/1213 1229/1498/1209 1247/1501/1212 1248/1523/1227
f 1238/1482/1193 1237/1481/1192 1255/1524/1231 1256/1525/1232
f 1231/1503/1214 1230/1502/1213 1248/1523/1227 1249/1526/1233
f 1223/1505/1216 1224/1504/1215 1242/1527/1234 1241/1528/1235
f 1239/1506/1217 1238/1482/1193 1256/1525/1232 1257/1529/1236
f 1232/1507/1218 1231/1503/1214 1249/1526/1233 1250/1530/1237
f 1225/1508/1219 1223/1505/1216 1241/1528/1235 1243/1531/1238
f 1240/1509/1220 1239/1506/1217 1257/1529/1236 1258/1532/1239
f 1233/1510/1221 1232/1507/1218 1250/1530/1237 1251/1533/1240
f 1226/1511/1222 1225/1508/1219 1243/1531/1238 1244/1534/1241
f 1224/1504/1215 1240/1509/1220 1258/1532/1239 1242/1527/1234
f 1234/1512/1223 1233/1510/1221 1251/1533/1240 1252/1535/1242
f 1227/1513/1224 1226/1511/1222 1244/1534/1241 1245/1536/1243
f 1235/1514/1225 1234/1512/1223 1252/1535/1242 1253/1537/1244
f 1228/1499/1210 1227/1513/1224 1245/1536/1243 1246/1500/1211
f 1236/1515/1226 1235/1514/1225 1253/1537/1244 1254/1521/1230
f 1267/1538/1245 1266/1520/1229 1284/1539/1246 1285/1540/1247
f 1256/1541/1232 1255/1542/1231 1273/1543/1248 1274/1544/1249
f 1249/1545/1233 1248/1517/1227 1266/1520/1229 1267/1538/1245
f 1241/1546/1235 1242/1547/1234 1260/1548/1250 1259/1549/1251
f 1257/1550/1236 1256/1541/1232 1274/1544/1249 1275/1551/1252
f 1250/1552/1237 1249/1545/1233 1267/1538/1245 1268/1553/1253
f 1243/1554/1238 1241/1546/1235 1259/1549/1251 1261/1555/1254
f 1258/1556/1239 1257/1550/1236 1275/1551/1252 1276/1557/1255
f 1251/1558/1240 1250/1552/1237 1268/1553/1253 1269/1559/1256
f 1244/1560/1241 1243/1554/1238 1261/1555/1254 1262/1561/1257
f 1242/1547/1234 1258/1556/1239 1276/1557/1255 1260/1548/1250
f 1252/1562/1242 1251/1558/1240 1269/1559/1256 1270/1563/1258
f 1245/1564/1243 1244/1560/1241 1262/1561/1257 1263/1565/1259
f 1253/1566/1244 1252/1562/1242 1270/1563/1258 1271/1567/1260
f 1246/1568/1211 1245/1564/1243 1263/1565/1259 1264/1569/1261
f 1254/1570/1230 1253/1566/1244 1271/1567/1260 1272/1571/1262
f 1247/1518/1212 1246/1568/1211 1264/1569/1261 1265/1519/1228
f 1255/1572/1231 1254/1570/1230 1272/1571/1262 1273/1573/1248
f 1286/1574/1263 1285/1575/1247 1303/1576/1264 1304/1577/1265
f 1259/1549/1251 1260/1548/1250 1278/1578/1266 1277/1579/1267
f 1275/1551/1252 1274/1544/1249 1292/1580/1268 1293/1581/1269
f 1268/1553/1253 1267/1538/1245 1285/1540/1247 1286/1582/1263
f 1261/1555/1254 1259/1549/1251 1277/1579/1267 1279/1583/1270
f 1276/1557/1255 1275/1551/1252 1293/1581/1269 1294/1584/1271
f 1269/1559/1256 1268/1553/1253 1286/1582/1263 1287/1585/1272
f 1262/1561/1257 1261/1555/1254 1279/1583/1270 1280/1586/1273
f 1260/1548/1250 1276/1557/1255 1294/1584/1271 1278/1578/1266
f 1270/1563/1258 1269/1559/1256 1287/1585/1272 1288/1587/1274
f 1263/1565/1259 1262/1561/1257 1280/1586/1273 1281/1588/1275
f 1271/1567/1260 1270/1563/1258 1288/1587/1274 1289/1589/1276
f 1264/1569/1261 1263/1565/1259 1281/1588/1275 1282/1590/1277
f 1272/1571/1262 1271/1567/1260 1289/1589/1276 1290/1591/1278
f 1265/1519/1228 1264/1569/1261 1282/1590/1277 1283/1592/1279
f 1273/1573/1248 1272/1571/1262 1290/1591/1278 1291/1593/1280
f 1266/1520/1229 1265/1519/1228 1283/1592/1279 1284/1539/1246
f 1274/1544/1249 1273/1543/1248 1291/1594/1280 1292/1580/1268
f 1692/1595/1281 1691/1596/1282 1322/1597/1283 1323/1598/1284
f 1279/1599/1270 1277/1600/1267 1295/1601/1285 1297/1602/1286
f 1294/1603/1271 1293/1604/1269 1311/1605/1287 1312/1606/1288
f 1287/1607/1272 1286/1574/1263 1304/1577/1265 1305/1608/1289
f 1280/1609/1273 1279/1599/1270 1297/1602/1286 1298/1610/1290
f 1278/1611/1266 1294/1603/1271 1312/1606/1288 1296/1612/1291
f 1288/1613/1274 1287/1607/1272 1305/1608/1289 1306/1614/1292
f 1281/1615/1275 1280/1609/1273 1298/1610/1290 1299/1616/1293
f 1289/1617/1276 1288/1613/1274 1306/1614/1292 1307/1618/1294
f 1282/1619/1277 1281/1615/1275 1299/1616/1293 1300/1620/1295
f 1290/1621/1278 1289/1617/1276 1307/1618/1294 1308/1622/1296
f 1283/1623/1279 1282/1619/1277 1300/1620/1295 1301/1624/1297
f 1291/1625/1280 1290/1621/1278 1308/1622/1296 1309/1626/1298
f 1284/1627/1246 1283/1623/1279 1301/1624/1297 1302/1628/1299
f 1292/1629/1268 1291/1630/1280 1309/1631/1298 1310/1632/1300
f 1285/1575/1247 1284/1627/1246 1302/1628/1299 1303/1576/1264
f 1277/1600/1267 1278/1611/1266 1296/1612/1291 1295/1601/1285
f 1293/1604/1269 1292/1629/1268 1310/1632/1300 1311/1605/1287
f 1746/1633/1301 1745/1634/1302 1341/1635/1303 1342/1636/1304
f 1694/1637/1305 1693/1638/1306 1315/1639/1307 1316/1640/1308
f 1696/1641/1309 1695/1642/1310 1330/1643/1311 1314/1644/1312
f 1697/1645/1313 1692/1595/1281 1323/1598/1284 1324/1646/1314
f 1698/1647/1315 1694/1637/1305 1316/1640/1308 1317/1648/1316
f 1699/1649/1317 1697/1645/1313 1324/1646/1314 1325/1650/1318
f 1700/1651/1319 1698/1647/1315 1317/1648/1316 1318/1652/1320
f 1701/1653/1321 1699/1649/1317 1325/1650/1318 1326/1654/1322
f 1702/1655/1323 1700/1651/1319 1318/1652/1320 1319/1656/1324
f 1703/1657/1325 1701/1653/1321 1326/1654/1322 1327/1658/1326
f 1704/1659/1327 1702/1655/1323 1319/1656/1324 1320/1660/1328
f 1705/1661/1329 1703/1662/1325 1327/1663/1326 1328/1664/1330
f 1706/1665/1331 1704/1659/1327 1320/1660/1328 1321/1666/1332
f 1707/1667/1333 1696/1641/1309 1314/1644/1312 1313/1668/1334
f 1708/1669/1335 1705/1661/1329 1328/1664/1330 1329/1670/1336
f 1691/1596/1282 1706/1665/1331 1321/1666/1332 1322/1597/1283
f 1693/1638/1306 1707/1667/1333 1313/1668/1334 1315/1639/1307
f 1695/1642/1310 1708/1669/1335 1329/1670/1336 1330/1643/1311
f 1343/1671/1337 1342/1636/1304 1360/1672/1338 1361/1673/1339
f 1748/1674/1340 1747/1675/1341 1334/1676/1342 1335/1677/1343
f 1749/1678/1344 1746/1633/1301 1342/1636/1304 1343/1671/1337
f 1750/1679/1345 1748/1674/1340 1335/1677/1343 1336/1680/1346
f 1751/1681/1347 1749/1678/1344 1343/1671/1337 1344/1682/1348
f 1752/1683/1349 1750/1679/1345 1336/1680/1346 1337/1684/1350
f 1753/1685/1351 1751/1681/1347 1344/1682/1348 1345/1686/1352
f 1754/1687/1353 1752/1683/1349 1337/1684/1350 1338/1688/1354
f 1755/1689/1355 1753/1690/1351 1345/1691/1352 1346/1692/1356
f 1756/1693/1357 1754/1687/1353 1338/1688/1354 1339/1694/1358
f 1758/1695/1359 1757/1696/1360 1332/1697/1361 1331/1698/1362
f 1759/1699/1363 1755/1689/1355 1346/1692/1356 1347/1700/1364
f 1760/1701/1365 1756/1693/1357 1339/1694/1358 1340/1702/1366
f 1761/1703/1367 1758/1695/1359 1331/1698/1362 1333/1704/1368
f 1762/1705/1369 1759/1699/1363 1347/1700/1364 1348/1706/1370
f 1745/1634/1302 1760/1701/1365 1340/1702/1366 1341/1635/1303
f 1747/1675/1341 1761/1703/1367 1333/1704/1368 1334/1676/1342
f 1757/1696/1360 1762/1705/1369 1348/1706/1370 1332/1697/1361
f 1764/1707/1371 1763/1708/1372 1379/1709/1373 1380/1710/1374
f 1336/1680/1346 1335/1677/1343 1353/1711/1375 1354/1712/1376
f 1344/1682/1348 1343/1671/1337 1361/1673/1339 1362/1713/1377
f 1337/1684/1350 1336/1680/1346 1354/1712/1376 1355/1714/1378
f 1345/1686/1352 1344/1682/1348 1362/1713/1377 1363/1715/1379
f 1338/1688/1354 1337/1684/1350 1355/1714/1378 1356/1716/1380
f 1346/1692/1356 1345/1691/1352 1363/1717/1379 1364/1718/1381
f 1339/1694/1358 1338/1688/1354 1356/1716/1380 1357/1719/1382
f 1331/1698/1362 1332/1697/1361 1350/1720/1383 1349/1721/1384
f 1347/1700/1364 1346/1692/1356 1364/1718/1381 1365/1722/1385
f 1340/1702/1366 1339/1694/1358 1357/1719/1382 1358/1723/1386
f 1333/1704/1368 1331/1698/1362 1349/1721/1384 1351/1724/1387
f 1348/1706/1370 1347/1700/1364 1365/1722/1385 1366/1725/1388
f 1341/1635/1303 1340/1702/1366 1358/1723/1386 1359/1726/1389
f 1334/1676/1342 1333/1704/1368 1351/1724/1387 1352/1727/1390
f 1332/1697/1361 1348/1706/1370 1366/1725/1388 1350/1720/1383
f 1342/1636/1304 1341/1635/1303 1359/1726/1389 1360/1672/1338
f 1335/1677/1343 1334/1676/1342 1352/1727/1390 1353/1711/1375
f 1381/1728/1391 1380/1729/1374 1398/1730/1392 1399/1731/1393
f 1766/1732/1394 1765/1733/1395 1372/1734/1396 1373/1735/1397
f 1767/1736/1398 1764/1707/1371 1380/1710/1374 1381/1737/1391
f 1768/1738/1399 1766/1732/1394 1373/1735/1397 1374/1739/1400
f 1769/1740/1401 1767/1741/1398 1381/1742/1391 1382/1743/1402
f 1770/1744/1403 1768/1738/1399 1374/1739/1400 1375/1745/1404
f 1772/1746/1405 1771/1747/1406 1368/1748/1407 1367/1749/1408
f 1773/1750/1409 1769/1740/1401 1382/1743/1402 1383/1751/1410
f 1774/1752/1411 1770/1744/1403 1375/1745/1404 1376/1753/1412
f 1775/1754/1413 1772/1746/1405 1367/1749/1408 1369/1755/1414
f 1776/1756/1415 1773/1750/1409 1383/1751/1410 1384/1757/1416
f 1777/1758/1417 1774/1752/1411 1376/1753/1412 1377/1759/1418
f 1778/1760/1419 1775/1754/1413 1369/1755/1414 1370/1761/1420
f 1771/1747/1406 1776/1756/1415 1384/1757/1416 1368/1748/1407
f 1779/1762/1421 1777/1758/1417 1377/1759/1418 1378/1763/1422
f 1780/1764/1423 1778/1760/1419 1370/1761/1420 1371/1765/1424
f 1763/1708/1372 1779/1762/1421 1378/1763/1422 1379/1709/1373
f 1765/1733/1395 1780/1764/1423 1371/1765/1424 1372/1734/1396
f 1782/1766/1425 1781/1767/1426 1417/1768/1427 1418/1769/1428
f 1374/1770/1400 1373/1771/1397 1391/1772/1429 1392/1773/1430
f 1382/1774/1402 1381/1775/1391 1399/1776/1393 1400/1777/1431
f 1375/1778/1404 1374/1770/1400 1392/1773/1430 1393/1779/1432
f 1367/1780/1408 1368/1781/1407 1386/1782/1433 1385/1783/1434
f 1383/1784/1410 1382/1774/1402 1400/1777/1431 1401/1785/1435
f 1376/1786/1412 1375/1778/1404 1393/1779/1432 1394/1787/1436
f 1369/1788/1414 1367/1780/1408 1385/1783/1434 1387/1789/1437
f 1384/1790/1416 1383/1784/1410 1401/1785/1435 1402/1791/1438
f 1377/1792/1418 1376/1786/1412 1394/1787/1436 1395/1793/1439
f 1370/1794/1420 1369/1788/1414 1387/1789/1437 1388/1795/1440
f 1368/1781/1407 1384/1790/1416 1402/1791/1438 1386/1782/1433
f 1378/1796/1422 1377/1792/1418 1395/1793/1439 1396/1797/1441
f 1371/1798/1424 1370/1794/1420 1388/1795/1440 1389/1799/1442
f 1379/1800/1373 1378/1796/1422 1396/1797/1441 1397/1801/1443
f 1372/1802/1396 1371/1798/1424 1389/1799/1442 1390/1803/1444
f 1380/1729/1374 1379/1800/1373 1397/1801/1443 1398/1730/1392
f 1373/1771/1397 1372/1802/1396 1390/1803/1444 1391/1772/1429
f 1403/1804/1445 1404/1805/1446 1422/1806/1447 1421/1807/1448
f 1784/1808/1449 1783/1809/1450 1410/1810/1451 1411/1811/1452
f 1786/1812/1453 1785/1813/1454 1404/1805/1446 1403/1804/1445
f 1787/1814/1455 1782/1766/1425 1418/1769/1428 1419/1815/1456
f 1788/1816/1457 1784/1808/1449 1411/1811/1452 1412/1817/1458
f 1789/1818/1459 1786/1812/1453 1403/1804/1445 1405/1819/1460
f 1790/1820/1461 1787/1814/1455 1419/1815/1456 1420/1821/1462
f 1791/1822/1463 1788/1816/1457 1412/1817/1458 1413/1823/1464
f 1792/1824/1465 1789/1818/1459 1405/1819/1460 1406/1825/1466
f 1785/1813/1454 1790/1820/1461 1420/1821/1462 1404/1805/1446
f 1793/1826/1467 1791/1822/1463 1413/1823/1464 1414/1827/1468
f 1794/1828/1469 1792/1824/1465 1406/1825/1466 1407/1829/1470
f 1795/1830/1471 1793/1826/1467 1414/1827/1468 1415/1831/1472
f 1796/1832/1473 1794/1828/1469 1407/1829/1470 1408/1833/1474
f 1797/1834/1475 1795/1830/1471 1415/1831/1472 1416/1835/1476
f 1798/1836/1477 1796/1832/1473 1408/1833/1474 1409/1837/1478
f 1781/1838/1426 1797/1834/1475 1416/1835/1476 1417/1839/1427
f 1783/1809/1450 1798/1836/1477 1409/1837/1478 1410/1810/1451
f 1423/1840/1479 1421/1807/1448 1439/1841/1480 1441/1842/1481
f 1419/1815/1456 1418/1769/1428 1436/1843/1482 1437/1844/1483
f 1412/1817/1458 1411/1811/1452 1429/1845/1484 1430/1846/1485
f 1405/1819/1460 1403/1804/1445 1421/1807/1448 1423/1840/1479
f 1420/1821/1462 1419/1815/1456 1437/1844/1483 1438/1847/1486
f 1413/1823/1464 1412/1817/1458 1430/1846/1485 1431/1848/1487
f 1406/1825/1466 1405/1819/1460 1423/1840/1479 1424/1849/1488
f 1404/1805/1446 1420/1821/1462 1438/1847/1486 1422/1806/1447
f 1414/1827/1468 1413/1823/1464 1431/1848/1487 1432/1850/1489
f 1407/1829/1470 1406/1825/1466 1424/1849/1488 1425/1851/1490
f 1415/1831/1472 1414/1827/1468 1432/1850/1489 1433/1852/1491
f 1408/1833/1474 1407/1829/1470 1425/1851/1490 1426/1853/1492
f 1416/1835/1476 1415/1831/1472 1433/1852/1491 1434/1854/1493
f 1409/1837/1478 1408/1833/1474 1426/1853/1492 1427/1855/1494
f 1417/1839/1427 1416/1835/1476 1434/1854/1493 1435/1856/1495
f 1410/1810/1451 1409/1837/1478 1427/1855/1494 1428/1857/1496
f 1418/1769/1428 1417/1768/1427 1435/1858/1495 1436/1843/1482
f 1411/1811/1452 1410/1810/1451 1428/1857/1496 1429/1845/1484
f 1442/1859/1497 1441/1842/1481 1459/1860/1498 1460/1861/1499
f 1438/1847/1486 1437/1844/1483 1455/1862/1500 1456/1863/1501
f 1431/1848/1487 1430/1846/1485 1448/1864/1502 1449/1865/1503
f 1424/1849/1488 1423/1840/1479 1441/1842/1481 1442/1859/1497
f 1422/1806/1447 1438/1847/1486 1456/1863/1501 1440/1866/1504
f 1432/1850/1489 1431/1848/1487 1449/1865/1503 1450/1867/1505
f 1425/1851/1490 1424/1849/1488 1442/1859/1497 1443/1868/1506
f 1433/1852/1491 1432/1850/1489 1450/1867/1505 1451/1869/1507
f 1426/1853/1492 1425/1851/1490 1443/1868/1506 1444/1870/1508
f 1434/1854/1493 1433/1852/1491 1451/1869/1507 1452/1871/1509
f 1427/1855/1494 1426/1853/1492 1444/1870/1508 1445/1872/1510
f 1435/1856/1495 1434/1854/1493 1452/1871/1509 1453/1873/1511
f 1428/1857/1496 1427/1855/1494 1445/1872/1510 1446/1874/1512
f 1436/1843/1482 1435/1858/1495 1453/1875/1511 1454/1876/1513
f 1429/1845/1484 1428/1857/1496 1446/1874/1512 1447/1877/1514
f 1421/1807/1448 1422/1806/1447 1440/1866/1504 1439/1841/1480
f 1437/1844/1483 1436/1843/1482 1454/1876/1513 1455/1862/1500
f 1430/1846/1485 1429/1845/1484 1447/1877/1514 1448/1864/1502
f 1800/1878/1515 1799/1879/1516 1478/1880/1517 1479/1881/1518
f 1440/1866/1504 1456/1863/1501 1474/1882/1519 1458/1883/1520
f 1450/1867/1505 1449/1865/1503 1467/1884/1521 1468/1885/1522
f 1443/1868/1506 1442/1859/1497 1460/1861/1499 1461/1886/1523
f 1451/1869/1507 1450/1867/1505 1468/1885/1522 1469/1887/1524
f 1444/1870/1508 1443/1868/1506 1461/1886/1523 1462/1888/1525
f 1452/1871/1509 1451/1869/1507 1469/1887/1524 1470/1889/1526
f 1445/1872/1510 1444/1870/1508 1462/1888/1525 1463/1890/1527
f 1453/1873/1511 1452/1871/1509 1470/1889/1526 1471/1891/1528
f 1446/1874/1512 1445/1872/1510 1463/1890/1527 1464/1892/1529
f 1454/1876/1513 1453/1875/1511 1471/1893/1528 1472/1894/1530
f 1447/1877/1514 1446/1874/1512 1464/1892/1529 1465/1895/1531
f 1439/1841/1480 1440/1866/1504 1458/1883/1520 1457/1896/1532
f 1455/1862/1500 1454/1876/1513 1472/1894/1530 1473/1897/1533
f 1448/1864/1502 1447/1877/1514 1465/1895/1531 1466/1898/1534
f 1441/1842/1481 1439/1841/1480 1457/1896/1532 1459/1860/1498
f 1456/1863/1501 1455/1862/1500 1473/1897/1533 1474/1882/1519
f 1449/1865/1503 1448/1864/1502 1466/1898/1534 1467/1884/1521
f 1818/1899/1535 1817/1900/1536 1497/1901/1537 1498/1902/1538
f 1802/1903/1539 1801/1904/1540 1486/1905/1541 1487/1906/1542
f 1803/1907/1543 1800/1878/1515 1479/1881/1518 1480/1908/1544
f 1804/1909/1545 1802/1903/1539 1487/1906/1542 1488/1910/1546
f 1805/1911/1547 1803/1907/1543 1480/1908/1544 1481/1912/1548
f 1806/1913/1549 1804/1909/1545 1488/1910/1546 1489/1914/1550
f 1807/1915/1551 1805/1911/1547 1481/1912/1548 1482/1916/1552
f 1808/1917/1553 1806/1918/1549 1489/1919/1550 1490/1920/1554
f 1809/1921/1555 1807/1915/1551 1482/1916/1552 1483/1922/1556
f 1811/1923/1557 1810/1924/1558 1476/1925/1559 1475/1926/1560
f 1812/1927/1561 1808/1917/1553 1490/1920/1554 1491/1928/1562
f 1813/1929/1563 1809/1921/1555 1483/1922/1556 1484/1930/1564
f 1814/1931/1565 1811/1923/1557 1475/1926/1560 1477/1932/1566
f 1815/1933/1567 1812/1927/1561 1491/1928/1562 1492/1934/1568
f 1816/1935/1569 1813/1929/1563 1484/1930/1564 1485/1936/1570
f 1799/1879/1516 1814/1931/1565 1477/1932/1566 1478/1880/1517
f 1810/1924/1558 1815/1933/1567 1492/1934/1568 1476/1925/1559
f 1801/1904/1540 1816/1935/1569 1485/1936/1570 1486/1905/1541
f 1499/1937/1571 1498/1902/1538 1516/1938/1572 1517/1939/1573
f 1820/1940/1574 1819/1941/1575 1505/1942/1576 1506/1943/1577
f 1821/1944/1578 1818/1899/1535 1498/1902/1538 1499/1937/1571
f 1822/1945/1579 1820/1940/1574 1506/1943/1577 1507/1946/1580
f 1823/1947/1581 1821/1944/1578 1499/1937/1571 1500/1948/1582
f 1824/1949/1583 1822/1950/1579 1507/1951/1580 1508/1952/1584
f 1825/1953/1585 1823/1947/1581 1500/1948/1582 1501/1954/1586
f 1827/1955/1587 1826/1956/1588 1494/1957/1589 1493/1958/1590
f 1828/1959/1591 1824/1949/1583 1508/1952/1584 1509/1960/1592
f 1829/1961/1593 1825/1953/1585 1501/1954/1586 1502/1962/1594
f 1830/1963/1595 1827/1955/1587 1493/1958/1590 1495/1964/1596
f 1831/1965/1597 1828/1959/1591 1509/1960/1592 1510/1966/1598
f 1832/1967/1599 1829/1961/1593 1502/1962/1594 1503/1968/1600
f 1833/1969/1601 1830/1963/1595 1495/1964/1596 1496/1970/1602
f 1826/1956/1588 1831/1965/1597 1510/1966/1598 1494/1957/1589
f 1834/1971/1603 1832/1967/1599 1503/1968/1600 1504/1972/1604
f 1817/1900/1536 1833/1969/1601 1496/1970/1602 1497/1901/1537
f 1819/1941/1575 1834/1971/1603 1504/1972/1604 1505/1942/1576
f 1518/1973/1605 1517/1939/1573 1535/1974/1606 1536/1975/1607
f 1507/1946/1580 1506/1943/1577 1524/1976/1608 1525/1977/1609
f 1500/1948/1582 1499/1937/1571 1517/1939/1573 1518/1973/1605
f 1508/1952/1584 1507/1951/1580 1525/1978/1609 1526/1979/1610
f 1501/1954/1586 1500/1948/1582 1518/1973/1605 1519/1980/1611
f 1493/1958/1590 1494/1957/1589 1512/1981/1612 1511/1982/1613
f 1509/1960/1592 1508/1952/1584 1526/1979/1610 1527/1983/1614
f 1502/1962/1594 1501/1954/1586 1519/1980/1611 1520/1984/1615
f 1495/1964/1596 1493/1958/1590 1511/1982/1613 1513/1985/1616
f 1510/1966/1598 1509/1960/1592 1527/1983/1614 1528/1986/1617
f 1503/1968/1600 1502/1962/1594 1520/1984/1615 1521/1987/1618
f 1496/1970/1602 1495/1964/1596 1513/1985/1616 1514/1988/1619
f 1494/1957/1589 1510/1966/1598 1528/1986/1617 1512/1981/1612
f 1504/1972/1604 1503/1968/1600 1521/1987/1618 1522/1989/1620
f 1497/1901/1537 1496/1970/1602 1514/1988/1619 1515/1990/1621
f 1505/1942/1576 1504/1972/1604 1522/1989/1620 1523/1991/1622
f 1498/1902/1538 1497/1901/1537 1515/1990/1621 1516/1938/1572
f 1506/1943/1577 1505/1942/1576 1523/1991/1622 1524/1976/1608
f 1854/1992/1623 1853/1993/1624 1554/1994/1625 1555/1995/1626
f 1526/1979/1610 1525/1978/1609 1543/1996/1627 1544/1997/1628
f 1519/1980/1611 1518/1973/1605 1536/1975/1607 1537/1998/1629
f 1511/1982/1613 1512/1981/1612 1530/1999/1630 1529/2000/1631
f 1527/1983/1614 1526/1979/1610 1544/1997/1628 1545/2001/1632
f 1520/1984/1615 1519/1980/1611 1537/1998/1629 1538/2002/1633
f 1513/1985/1616 1511/1982/1613 1529/2000/1631 1531/2003/1634
f 1528/1986/1617 1527/1983/1614 1545/2001/1632 1546/2004/1635
f 1521/1987/1618 1520/1984/1615 1538/2002/1633 1539/2005/1636
f 1514/1988/1619 1513/1985/1616 1531/2003/1634 1532/2006/1637
f 1512/1981/1612 1528/1986/1617 1546/2004/1635 1530/1999/1630
f 1522/1989/1620 1521/1987/1618 1539/2005/1636 1540/2007/1638
f 1515/1990/1621 1514/1988/1619 1532/2006/1637 1533/2008/1639
f 1523/1991/1622 1522/1989/1620 1540/2007/1638 1541/2009/1640
f 1516/1938/1572 1515/1990/1621 1533/2008/1639 1534/2010/1641
f 1524/1976/1608 1523/1991/1622 1541/2009/1640 1542/2011/1642
f 1517/1939/1573 1516/1938/1572 1534/2010/1641 1535/1974/1606
f 1525/1977/1609 1524/1976/1608 1542/2011/1642 1543/2012/1627
f 1836/2013/1643 1835/2014/1643 1573/2015/1644 1574/2016/1645
f 1856/2017/1646 1855/2018/1647 1548/2019/1648 1547/2020/1649
f 1858/2021/1650 1857/2022/1651 1562/2023/1652 1563/2024/1653
f 1859/2025/1654 1854/1992/1623 1555/1995/1626 1556/2026/1655
f 1860/2027/1656 1856/2017/1646 1547/2020/1649 1549/2028/1657
f 1861/2029/1658 1858/2021/1650 1563/2024/1653 1564/2030/1659
f 1862/2031/1660 1859/2025/1654 1556/2026/1655 1557/2032/1661
f 1863/2033/1662 1860/2027/1656 1549/2028/1657 1550/2034/1663
f 1855/2018/1647 1861/2029/1658 1564/2030/1659 1548/2019/1648
f 1864/2035/1664 1862/2031/1660 1557/2032/1661 1558/2036/1665
f 1865/2037/1666 1863/2033/1662 1550/2034/1663 1551/2038/1667
f 1866/2039/1668 1864/2035/1664 1558/2036/1665 1559/2040/1669
f 1867/2041/1670 1865/2037/1666 1551/2038/1667 1552/2042/1671
f 1868/2043/1672 1866/2039/1668 1559/2040/1669 1560/2044/1673
f 1869/2045/1674 1867/2041/1670 1552/2042/1671 1553/2046/1675
f 1870/2047/1676 1868/2043/1672 1560/2044/1673 1561/2048/1677
f 1853/1993/1624 1869/2045/1674 1553/2046/1675 1554/1994/1625
f 1857/2022/1651 1870/2049/1676 1561/2050/1677 1562/2023/1652
f 1890/2051/1678 1889/2052/1679 1592/2053/1680 1593/2054/1681
f 1838/2055/1643 1837/2056/1643 1565/2057/1682 1567/2058/1683
f 1840/2059/1643 1839/2060/1643 1581/2061/1684 1582/2062/1685
f 1841/2063/1643 1836/2013/1643 1574/2016/1645 1575/2064/1686
f 1842/2065/1643 1838/2055/1643 1567/2058/1683 1568/2066/1687
f 1843/2067/1643 1840/2059/1643 1582/2062/1685 1566/2068/1688
f 1844/2069/1643 1841/2063/1643 1575/2064/1686 1576/2070/1689
f 1845/2071/1643 1842/2065/1643 1568/2066/1687 1569/2072/1690
f 1846/2073/1643 1844/2069/1643 1576/2070/1689 1577/2074/1691
f 1847/2075/1643 1845/2071/1643 1569/2072/1690 1570/2076/1692
f 1848/2077/1643 1846/2073/1643 1577/2074/1691 1578/2078/1693
f 1849/2079/1643 1847/2075/1643 1570/2076/1692 1571/2080/1694
f 1850/2081/1643 1848/2077/1643 1578/2078/1693 1579/2082/1695
f 1851/2083/1643 1849/2079/1643 1571/2080/1694 1572/2084/1696
f 1852/2085/1643 1850/2086/1643 1579/2087/1695 1580/2088/1697
f 1835/2014/1643 1851/2083/1643 1572/2084/1696 1573/2015/1644
f 1837/2056/1643 1843/2067/1643 1566/2068/1688 1565/2057/1682
f 1839/2060/1643 1852/2085/1643 1580/2088/1697 1581/2061/1684
f 1594/2089/1698 1593/2054/1681 1611/2090/1699 1612/2091/1700
f 1892/2092/1701 1891/2093/1702 1585/2094/1703 1586/2095/1704
f 1894/2096/1705 1893/2097/1706 1600/2098/1707 1584/2099/1708
f 1895/2100/1709 1890/2051/1678 1593/2054/1681 1594/2089/1698
f 1896/2101/1710 1892/2092/1701 1586/2095/1704 1587/2102/1711
f 1897/2103/1712 1895/2100/1709 1594/2089/1698 1595/2104/1713
f 1898/2105/1714 1896/2101/1710 1587/2102/1711 1588/2106/1715
f 1899/2107/1716 1897/2103/1712 1595/2104/1713 1596/2108/1717
f 1900/2109/1718 1898/2105/1714 1588/2106/1715 1589/2110/1719
f 1901/2111/1720 1899/2107/1716 1596/2108/1717 1597/2112/1721
f 1902/2113/1722 1900/2109/1718 1589/2110/1719 1590/2114/1723
f 1903/2115/1724 1901/2116/1720 1597/2117/1721 1598/2118/1725
f 1904/2119/1726 1902/2113/1722 1590/2114/1723 1591/2120/1727
f 1905/2121/1728 1894/2096/1705 1584/2099/1708 1583/2122/1729
f 1906/2123/1730 1903/2115/1724 1598/2118/1725 1599/2124/1731
f 1889/2052/1679 1904/2119/1726 1591/2120/1727 1592/2053/1680
f 1891/2093/1702 1905/2121/1728 1583/2122/1729 1585/2094/1703
f 1893/2097/1706 1906/2123/1730 1599/2124/1731 1600/2098/1707
f 1872/2125/1668 1871/2126/1664 1630/2127/1732 1631/2128/1733
f 1587/2102/1711 1586/2095/1704 1604/2129/1734 1605/2130/1735
f 1595/2104/1713 1594/2089/1698 1612/2091/1700 1613/2131/1736
f 1588/2106/1715 1587/2102/1711 1605/2130/1735 1606/2132/1737
f 1596/2108/1717 1595/2104/1713 1613/2131/1736 1614/2133/1738
f 1589/2110/1719 1588/2106/1715 1606/2132/1737 1607/2134/1739
f 1597/2112/1721 1596/2108/1717 1614/2133/1738 1615/2135/1740
f 1590/2114/1723 1589/2110/1719 1607/2134/1739 1608/2136/1741
f 1598/2118/1725 1597/2117/1721 1615/2137/1740 1616/2138/1742
f 1591/2120/1727 1590/2114/1723 1608/2136/1741 1609/2139/1743
f 1583/2122/1729 1584/2099/1708 1602/2140/1744 1601/2141/1745
f 1599/2124/1731 1598/2118/1725 1616/2138/1742 1617/2142/1746
f 1592/2053/1680 1591/2120/1727 1609/2139/1743 1610/2143/1747
f 1585/2094/1703 1583/2122/1729 1601/2141/1745 1603/2144/1748
f 1600/2098/1707 1599/2124/1731 1617/2142/1746 1618/2145/1749
f 1593/2054/1681 1592/2053/1680 1610/2143/1747 1611/2090/1699
f 1586/2095/1704 1585/2094/1703 1603/2144/1748 1604/2129/1734
f 1584/2099/1708 1600/2098/1707 1618/2145/1749 1602/2140/1744
f 1632/2146/1750 1631/2128/1733 1649/2147/1751 1650/2148/1752
f 1874/2149/1670 1873/2150/1666 1623/2151/1753 1624/2152/1754
f 1875/2153/1672 1872/2125/1668 1631/2128/1733 1632/2146/1750
f 1876/2154/1674 1874/2149/1670 1624/2152/1754 1625/2155/1755
f 1877/2156/1676 1875/2153/1672 1632/2146/1750 1633/2157/1756
f 1878/2158/1624 1876/2154/1674 1625/2155/1755 1626/2159/1757
f 1879/2160/1651 1877/2161/1676 1633/2162/1756 1634/2163/1758
f 1880/2164/1623 1878/2158/1624 1626/2159/1757 1627/2165/1759
f 1882/2166/1646 1881/2167/1647 1620/2168/1760 1619/2169/1761
f 1883/2170/1650 1879/2160/1651 1634/2163/1758 1635/2171/1762
f 1884/2172/1654 1880/2164/1623 1627/2165/1759 1628/2173/1763
f 1885/2174/1656 1882/2166/1646 1619/2169/1761 1621/2175/1764
f 1886/2176/1658 1883/2170/1650 1635/2171/1762 1636/2177/1765
f 1887/2178/1660 1884/2172/1654 1628/2173/1763 1629/2179/1766
f 1888/2180/1662 1885/2174/1656 1621/2175/1764 1622/2181/1767
f 1881/2167/1647 1886/2176/1658 1636/2177/1765 1620/2168/1760
f 1871/2126/1664 1887/2178/1660 1629/2179/1766 1630/2127/1732
f 1873/2150/1666 1888/2180/1662 1622/2181/1767 1623/2151/1753
f 1651/2182/1768 1650/2148/1752 1668/2183/1769 1669/2184/1770
f 1625/2155/1755 1624/2152/1754 1642/2185/1771 1643/2186/1772
f 1633/2157/1756 1632/2146/1750 1650/2148/1752 1651/2182/1768
f 1626/2159/1757 1625/2155/1755 1643/2186/1772 1644/2187/1773
f 1634/2163/1758 1633/2162/1756 1651/2188/1768 1652/2189/1774
f 1627/2165/1759 1626/2159/1757 1644/2187/1773 1645/2190/1775
f 1619/2169/1761 1620/2168/1760 1638/2191/1776 1637/2192/1777
f 1635/2171/1762 1634/2163/1758 1652/2189/1774 1653/2193/1778
f 1628/2173/1763 1627/2165/1759 1645/2190/1775 1646/2194/1779
f 1621/2175/1764 1619/2169/1761 1637/2192/1777 1639/2195/1780
f 1636/2177/1765 1635/2171/1762 1653/2193/1778 1654/2196/1781
f 1629/2179/1766 1628/2173/1763 1646/2194/1779 1647/2197/1782
f 1622/2181/1767 1621/2175/1764 1639/2195/1780 1640/2198/1783
f 1620/2168/1760 1636/2177/1765 1654/2196/1781 1638/2191/1776
f 1630/2127/1732 1629/2179/1766 1647/2197/1782 1648/2199/1784
f 1623/2151/1753 1622/2181/1767 1640/2198/1783 1641/2200/1785
f 1631/2128/1733 1630/2127/1732 1648/2199/1784 1649/2147/1751
f 1624/2152/1754 1623/2151/1753 1641/2200/1785 1642/2185/1771
f 1670/2201/1786 1669/2202/1770 1687/2203/1787 1688/2204/1788
f 1644/2187/1773 1643/2186/1772 1661/2205/1789 1662/2206/1790
f 1652/2189/1774 1651/2188/1768 1669/2202/1770 1670/2201/1786
f 1645/2190/1775 1644/2187/1773 1662/2206/1790 1663/2207/1791
f 1637/2192/1777 1638/2191/1776 1656/2208/1792 1655/2209/1793
f 1653/2193/1778 1652/2189/1774 1670/2201/1786 1671/2210/1794
f 1646/2194/1779 1645/2190/1775 1663/2207/1791 1664/2211/1795
f 1639/2195/1780 1637/2192/1777 1655/2209/1793 1657/2212/1796
f 1654/2196/1781 1653/2193/1778 1671/2210/1794 1672/2213/1797
f 1647/2197/1782 1646/2194/1779 1664/2211/1795 1665/2214/1798
f 1640/2198/1783 1639/2195/1780 1657/2212/1796 1658/2215/1799
f 1638/2191/1776 1654/2196/1781 1672/2213/1797 1656/2208/1792
f 1648/2199/1784 1647/2197/1782 1665/2214/1798 1666/2216/1800
f 1641/2200/1785 1640/2198/1783 1658/2215/1799 1659/2217/1801
f 1649/2147/1751 1648/2199/1784 1666/2216/1800 1667/2218/1802
f 1642/2185/1771 1641/2200/1785 1659/2217/1801 1660/2219/1803
f 1650/2148/1752 1649/2147/1751 1667/2218/1802 1668/2183/1769
f 1643/2186/1772 1642/2185/1771 1660/2219/1803 1661/2205/1789
f 1673/2220/1804 1674/2221/1805 1690/2222/1806 1689/2223/1807 1688/2224/1788 1687/2225/1787 1686/2226/1808 1685/2227/1809 1684/2228/1810 1683/2229/1811 1682/2230/1812 1681/2231/1813 1680/2232/1814 1679/2233/1815 1678/2234/1816 1677/2235/1817 1676/2236/1818 1675/2237/1819
f 1663/2207/1791 1662/2206/1790 1680/2238/1814 1681/2239/1813
f 1655/2209/1793 1656/2208/1792 1674/2240/1805 1673/2241/1804
f 1671/2210/1794 1670/2201/1786 1688/2204/1788 1689/2242/1807
f 1664/2211/1795 1663/2207/1791 1681/2239/1813 1682/2243/1812
f 1657/2212/1796 1655/2209/1793 1673/2241/1804 1675/2244/1819
f 1672/2213/1797 1671/2210/1794 1689/2242/1807 1690/2245/1806
f 1665/2214/1798 1664/2211/1795 1682/2243/1812 1683/2246/1811
f 1658/2215/1799 1657/2212/1796 1675/2244/1819 1676/2247/1818
f 1656/2208/1792 1672/2213/1797 1690/2245/1806 1674/2240/1805
f 1666/2216/1800 1665/2214/1798 1683/2246/1811 1684/2248/1810
f 1659/2217/1801 1658/2215/1799 1676/2247/1818 1677/2249/1817
f 1667/2218/1802 1666/2216/1800 1684/2248/1810 1685/2250/1809
f 1660/2219/1803 1659/2217/1801 1677/2249/1817 1678/2251/1816
f 1668/2183/1769 1667/2218/1802 1685/2250/1809 1686/2252/1808
f 1661/2205/1789 1660/2219/1803 1678/2251/1816 1679/2253/1815
f 1669/2184/1770 1668/2183/1769 1686/2252/1808 1687/2254/1787
f 1662/2206/1790 1661/2205/1789 1679/2253/1815 1680/2238/1814
f 1308/1622/1296 1307/1618/1294 1721/2255/1820 1722/2256/1821
f 1704/1659/1327 1706/1665/1331 1739/2257/1822 1737/2258/1823
f 1307/1618/1294 1306/1614/1292 1720/2259/1824 1721/2255/1820
f 1696/1641/1309 1707/1667/1333 1740/2260/1825 1729/2261/1826
f 1306/1614/1292 1305/1608/1289 1719/2262/1827 1720/2259/1824
f 1691/1596/1282 1692/1595/1281 1727/2263/1828 1742/2264/1829
f 1705/1661/1329 1708/1669/1335 1741/2265/1830 1738/2266/1831
f 1305/1608/1289 1304/1577/1265 1718/2267/1832 1719/2262/1827
f 1693/1638/1306 1694/1637/1305 1728/2268/1833 1743/2269/1834
f 1706/1665/1331 1691/1596/1282 1742/2264/1829 1739/2257/1822
f 1304/1577/1265 1303/1576/1264 1717/2270/1835 1718/2267/1832
f 1695/1642/1310 1696/1641/1309 1729/2261/1826 1744/2271/1836
f 1303/1576/1264 1302/1628/1299 1716/2272/1837 1717/2270/1835
f 1707/1667/1333 1693/1638/1306 1743/2269/1834 1740/2260/1825
f 1692/1595/1281 1697/1645/1313 1730/2273/1838 1727/2263/1828
f 1302/1628/1299 1301/1624/1297 1715/2274/1839 1716/2272/1837
f 1708/1669/1335 1695/1642/1310 1744/2271/1836 1741/2265/1830
f 1694/1637/1305 1698/1647/1315 1731/2275/1840 1728/2268/1833
f 1726/2276/1841 1725/2277/1842 1741/2265/1830 1744/2271/1836
f 1711/2278/1843 1709/2279/1844 1740/2260/1825 1743/2269/1834
f 1718/2267/1832 1717/2270/1835 1739/2257/1822 1742/2264/1829
f 1725/2277/1842 1724/2280/1845 1738/2266/1831 1741/2265/1830
f 1709/2279/1844 1710/2281/1846 1729/2261/1826 1740/2260/1825
f 1717/2270/1835 1716/2272/1837 1737/2258/1823 1739/2257/1822
f 1724/2280/1845 1723/2282/1847 1736/2283/1848 1738/2266/1831
f 1716/2272/1837 1715/2274/1839 1735/2284/1849 1737/2258/1823
f 1723/2285/1847 1722/2256/1821 1734/2286/1850 1736/2287/1848
f 1715/2274/1839 1714/2288/1851 1733/2289/1852 1735/2284/1849
f 1722/2256/1821 1721/2255/1820 1732/2290/1853 1734/2286/1850
f 1714/2288/1851 1713/2291/1854 1731/2275/1840 1733/2289/1852
f 1721/2255/1820 1720/2259/1824 1730/2273/1838 1732/2290/1853
f 1713/2291/1854 1712/2292/1855 1728/2268/1833 1731/2275/1840
f 1720/2259/1824 1719/2262/1827 1727/2263/1828 1730/2273/1838
f 1710/2281/1846 1726/2276/1841 1744/2271/1836 1729/2261/1826
f 1712/2292/1855 1711/2278/1843 1743/2269/1834 1728/2268/1833
f 1719/2262/1827 1718/2267/1832 1742/2264/1829 1727/2263/1828
f 1703/1662/1325 1705/1661/1329 1738/2266/1831 1736/2283/1848
f 1702/1655/1323 1704/1659/1327 1737/2258/1823 1735/2284/1849
f 1309/1626/1298 1308/1622/1296 1722/2256/1821 1723/2285/1847
f 1295/1601/1285 1296/1612/1291 1710/2281/1846 1709/2279/1844
f 1701/1653/1321 1703/1657/1325 1736/2287/1848 1734/2286/1850
f 1310/1632/1300 1309/1631/1298 1723/2282/1847 1724/2280/1845
f 1297/1602/1286 1295/1601/1285 1709/2279/1844 1711/2278/1843
f 1700/1651/1319 1702/1655/1323 1735/2284/1849 1733/2289/1852
f 1311/1605/1287 1310/1632/1300 1724/2280/1845 1725/2277/1842
f 1298/1610/1290 1297/1602/1286 1711/2278/1843 1712/2292/1855
f 1699/1649/1317 1701/1653/1321 1734/2286/1850 1732/2290/1853
f 1312/1606/1288 1311/1605/1287 1725/2277/1842 1726/2276/1841
f 1299/1616/1293 1298/1610/1290 1712/2292/1855 1713/2291/1854
f 1698/1647/1315 1700/1651/1319 1733/2289/1852 1731/2275/1840
f 1296/1612/1291 1312/1606/1288 1726/2276/1841 1710/2281/1846
f 1300/1620/1295 1299/1616/1293 1713/2291/1854 1714/2288/1851
f 1697/1645/1313 1699/1649/1317 1732/2290/1853 1730/2273/1838
f 1301/1624/1297 1300/1620/1295 1714/2288/1851 1715/2274/1839
f 1314/1644/1312 1330/1643/1311 1762/1705/1369 1757/1696/1360
f 1316/1640/1308 1315/1639/1307 1761/1703/1367 1747/1675/1341
f 1323/1598/1284 1322/1597/1283 1760/1701/1365 1745/1634/1302
f 1330/1643/1311 1329/1670/1336 1759/1699/1363 1762/1705/1369
f 1315/1639/1307 1313/1668/1334 1758/1695/1359 1761/1703/1367
f 1322/1597/1283 1321/1666/1332 1756/1693/1357 1760/1701/1365
f 1329/1670/1336 1328/1664/1330 1755/1689/1355 1759/1699/1363
f 1313/1668/1334 1314/1644/1312 1757/1696/1360 1758/1695/1359
f 1321/1666/1332 1320/1660/1328 1754/1687/1353 1756/1693/1357
f 1328/1664/1330 1327/1663/1326 1753/1690/1351 1755/1689/1355
f 1320/1660/1328 1319/1656/1324 1752/1683/1349 1754/1687/1353
f 1327/1658/1326 1326/1654/1322 1751/1681/1347 1753/1685/1351
f 1319/1656/1324 1318/1652/1320 1750/1679/1345 1752/1683/1349
f 1326/1654/1322 1325/1650/1318 1749/1678/1344 1751/1681/1347
f 1318/1652/1320 1317/1648/1316 1748/1674/1340 1750/1679/1345
f 1325/1650/1318 1324/1646/1314 1746/1633/1301 1749/1678/1344
f 1317/1648/1316 1316/1640/1308 1747/1675/1341 1748/1674/1340
f 1324/1646/1314 1323/1598/1284 1745/1634/1302 1746/1633/1301
f 1354/1712/1376 1353/1711/1375 1780/1764/1423 1765/1733/1395
f 1361/1673/1339 1360/1672/1338 1779/1762/1421 1763/1708/1372
f 1353/1711/1375 1352/1727/1390 1778/1760/1419 1780/1764/1423
f 1360/1672/1338 1359/1726/1389 1777/1758/1417 1779/1762/1421
f 1350/1720/1383 1366/1725/1388 1776/1756/1415 1771/1747/1406
f 1352/1727/1390 1351/1724/1387 1775/1754/1413 1778/1760/1419
f 1359/1726/1389 1358/1723/1386 1774/1752/1411 1777/1758/1417
f 1366/1725/1388 1365/1722/1385 1773/1750/1409 1776/1756/1415
f 1351/1724/1387 1349/1721/1384 1772/1746/1405 1775/1754/1413
f 1358/1723/1386 1357/1719/1382 1770/1744/1403 1774/1752/1411
f 1365/1722/1385 1364/1718/1381 1769/1740/1401 1773/1750/1409
f 1349/1721/1384 1350/1720/1383 1771/1747/1406 1772/1746/1405
f 1357/1719/1382 1356/1716/1380 1768/1738/1399 1770/1744/1403
f 1364/1718/1381 1363/1717/1379 1767/1741/1398 1769/1740/1401
f 1356/1716/1380 1355/1714/1378 1766/1732/1394 1768/1738/1399
f 1363/1715/1379 1362/1713/1377 1764/1707/1371 1767/1736/1398
f 1355/1714/1378 1354/1712/1376 1765/1733/1395 1766/1732/1394
f 1362/1713/1377 1361/1673/1339 1763/1708/1372 1764/1707/1371
f 1392/1773/1430 1391/1772/1429 1798/1836/1477 1783/1809/1450
f 1399/1731/1393 1398/1730/1392 1797/1834/1475 1781/1838/1426
f 1391/1772/1429 1390/1803/1444 1796/1832/1473 1798/1836/1477
f 1398/1730/1392 1397/1801/1443 1795/1830/1471 1797/1834/1475
f 1390/1803/1444 1389/1799/1442 1794/1828/1469 1796/1832/1473
f 1397/1801/1443 1396/1797/1441 1793/1826/1467 1795/1830/1471
f 1389/1799/1442 1388/1795/1440 1792/1824/1465 1794/1828/1469
f 1396/1797/1441 1395/1793/1439 1791/1822/1463 1793/1826/1467
f 1386/1782/1433 1402/1791/1438 1790/1820/1461 1785/1813/1454
f 1388/1795/1440 1387/1789/1437 1789/1818/1459 1792/1824/1465
f 1395/1793/1439 1394/1787/1436 1788/1816/1457 1791/1822/1463
f 1402/1791/1438 1401/1785/1435 1787/1814/1455 1790/1820/1461
f 1387/1789/1437 1385/1783/1434 1786/1812/1453 1789/1818/1459
f 1394/1787/1436 1393/1779/1432 1784/1808/1449 1788/1816/1457
f 1401/1785/1435 1400/1777/1431 1782/1766/1425 1787/1814/1455
f 1385/1783/1434 1386/1782/1433 1785/1813/1454 1786/1812/1453
f 1393/1779/1432 1392/1773/1430 1783/1809/1450 1784/1808/1449
f 1400/1777/1431 1399/1776/1393 1781/1767/1426 1782/1766/1425
f 1468/1885/1522 1467/1884/1521 1816/1935/1569 1801/1904/1540
f 1458/1883/1520 1474/1882/1519 1815/1933/1567 1810/1924/1558
f 1460/1861/1499 1459/1860/1498 1814/1931/1565 1799/1879/1516
f 1467/1884/1521 1466/1898/1534 1813/1929/1563 1816/1935/1569
f 1474/1882/1519 1473/1897/1533 1812/1927/1561 1815/1933/1567
f 1459/1860/1498 1457/1896/1532 1811/1923/1557 1814/1931/1565
f 1466/1898/1534 1465/1895/1531 1809/1921/1555 1813/1929/1563
f 1473/1897/1533 1472/1894/1530 1808/1917/1553 1812/1927/1561
f 1457/1896/1532 1458/1883/1520 1810/1924/1558 1811/1923/1557
f 1465/1895/1531 1464/1892/1529 1807/1915/1551 1809/1921/1555
f 1472/1894/1530 1471/1893/1528 1806/1918/1549 1808/1917/1553
f 1464/1892/1529 1463/1890/1527 1805/1911/1547 1807/1915/1551
f 1471/1891/1528 1470/1889/1526 1804/1909/1545 1806/1913/1549
f 1463/1890/1527 1462/1888/1525 1803/1907/1543 1805/1911/1547
f 1470/1889/1526 1469/1887/1524 1802/1903/1539 1804/1909/1545
f 1462/1888/1525 1461/1886/1523 1800/1878/1515 1803/1907/1543
f 1469/1887/1524 1468/1885/1522 1801/1904/1540 1802/1903/1539
f 1461/1886/1523 1460/1861/1499 1799/1879/1516 1800/1878/1515
f 1487/1906/1542 1486/1905/1541 1834/1971/1603 1819/1941/1575
f 1479/1881/1518 1478/1880/1517 1833/1969/1601 1817/1900/1536
f 1486/1905/1541 1485/1936/1570 1832/1967/1599 1834/1971/1603
f 1476/1925/1559 1492/1934/1568 1831/1965/1597 1826/1956/1588
f 1478/1880/1517 1477/1932/1566 1830/1963/1595 1833/1969/1601
f 1485/1936/1570 1484/1930/1564 1829/1961/1593 1832/1967/1599
f 1492/1934/1568 1491/1928/1562 1828/1959/1591 1831/1965/1597
f 1477/1932/1566 1475/1926/1560 1827/1955/1587 1830/1963/1595
f 1484/1930/1564 1483/1922/1556 1825/1953/1585 1829/1961/1593
f 1491/1928/1562 1490/1920/1554 1824/1949/1583 1828/1959/1591
f 1475/1926/1560 1476/1925/1559 1826/1956/1588 1827/1955/1587
f 1483/1922/1556 1482/1916/1552 1823/1947/1581 1825/1953/1585
f 1490/1920/1554 1489/1919/1550 1822/1950/1579 1824/1949/1583
f 1482/1916/1552 1481/1912/1548 1821/1944/1578 1823/1947/1581
f 1489/1914/1550 1488/1910/1546 1820/1940/1574 1822/1945/1579
f 1481/1912/1548 1480/1908/1544 1818/1899/1535 1821/1944/1578
f 1488/1910/1546 1487/1906/1542 1819/1941/1575 1820/1940/1574
f 1480/1908/1544 1479/1881/1518 1817/1900/1536 1818/1899/1535
f 1563/2024/1653 1562/2023/1652 1852/2085/1643 1839/2060/1643
f 1547/2020/1649 1548/2019/1648 1843/2067/1643 1837/2056/1643
f 1555/1995/1626 1554/1994/1625 1851/2083/1643 1835/2014/1643
f 1562/2023/1652 1561/2050/1677 1850/2086/1643 1852/2085/1643
f 1554/1994/1625 1553/2046/1675 1849/2079/1643 1851/2083/1643
f 1561/2048/1677 1560/2044/1673 1848/2077/1643 1850/2081/1643
f 1553/2046/1675 1552/2042/1671 1847/2075/1643 1849/2079/1643
f 1560/2044/1673 1559/2040/1669 1846/2073/1643 1848/2077/1643
f 1552/2042/1671 1551/2038/1667 1845/2071/1643 1847/2075/1643
f 1559/2040/1669 1558/2036/1665 1844/2069/1643 1846/2073/1643
f 1551/2038/1667 1550/2034/1663 1842/2065/1643 1845/2071/1643
f 1558/2036/1665 1557/2032/1661 1841/2063/1643 1844/2069/1643
f 1548/2019/1648 1564/2030/1659 1840/2059/1643 1843/2067/1643
f 1550/2034/1663 1549/2028/1657 1838/2055/1643 1842/2065/1643
f 1557/2032/1661 1556/2026/1655 1836/2013/1643 1841/2063/1643
f 1564/2030/1659 1563/2024/1653 1839/2060/1643 1840/2059/1643
f 1549/2028/1657 1547/2020/1649 1837/2056/1643 1838/2055/1643
f 1556/2026/1655 1555/1995/1626 1835/2014/1643 1836/2013/1643
f 1544/1997/1628 1543/1996/1627 1870/2049/1676 1857/2022/1651
f 1536/1975/1607 1535/1974/1606 1869/2045/1674 1853/1993/1624
f 1543/2012/1627 1542/2011/1642 1868/2043/1672 1870/2047/1676
f 1535/1974/1606 1534/2010/1641 1867/2041/1670 1869/2045/1674
f 1542/2011/1642 1541/2009/1640 1866/2039/1668 1868/2043/1672
f 1534/2010/1641 1533/2008/1639 1865/2037/1666 1867/2041/1670
f 1541/2009/1640 1540/2007/1638 1864/2035/1664 1866/2039/1668
f 1533/2008/1639 1532/2006/1637 1863/2033/1662 1865/2037/1666
f 1540/2007/1638 1539/2005/1636 1862/2031/1660 1864/2035/1664
f 1530/1999/1630 1546/2004/1635 1861/2029/1658 1855/2018/1647
f 1532/2006/1637 1531/2003/1634 1860/2027/1656 1863/2033/1662
f 1539/2005/1636 1538/2002/1633 1859/2025/1654 1862/2031/1660
f 1546/2004/1635 1545/2001/1632 1858/2021/1650 1861/2029/1658
f 1531/2003/1634 1529/2000/1631 1856/2017/1646 1860/2027/1656
f 1538/2002/1633 1537/1998/1629 1854/1992/1623 1859/2025/1654
f 1545/2001/1632 1544/1997/1628 1857/2022/1651 1858/2021/1650
f 1529/2000/1631 1530/1999/1630 1855/2018/1647 1856/2017/1646
f 1537/1998/1629 1536/1975/1607 1853/1993/1624 1854/1992/1623
f 1605/2130/1735 1604/2129/1734 1888/2180/1662 1873/2150/1666
f 1612/2091/1700 1611/2090/1699 1887/2178/1660 1871/2126/1664
f 1602/2140/1744 1618/2145/1749 1886/2176/1658 1881/2167/1647
f 1604/2129/1734 1603/2144/1748 1885/2174/1656 1888/2180/1662
f 1611/2090/1699 1610/2143/1747 1884/2172/1654 1887/2178/1660
f 1618/2145/1749 1617/2142/1746 1883/2170/1650 1886/2176/1658
f 1603/2144/1748 1601/2141/1745 1882/2166/1646 1885/2174/1656
f 1610/2143/1747 1609/2139/1743 1880/2164/1623 1884/2172/1654
f 1617/2142/1746 1616/2138/1742 1879/2160/1651 1883/2170/1650
f 1601/2141/1745 1602/2140/1744 1881/2167/1647 1882/2166/1646
f 1609/2139/1743 1608/2136/1741 1878/2158/1624 1880/2164/1623
f 1616/2138/1742 1615/2137/1740 1877/2161/1676 1879/2160/1651
f 1608/2136/1741 1607/2134/1739 1876/2154/1674 1878/2158/1624
f 1615/2135/1740 1614/2133/1738 1875/2153/1672 1877/2156/1676
f 1607/2134/1739 1606/2132/1737 1874/2149/1670 1876/2154/1674
f 1614/2133/1738 1613/2131/1736 1872/2125/1668 1875/2153/1672
f 1606/2132/1737 1605/2130/1735 1873/2150/1666 1874/2149/1670
f 1613/2131/1736 1612/2091/1700 1871/2126/1664 1872/2125/1668
f 1115/2293/1099 1117/2294/1102 1119/2295/1104 1121/2296/1106 1123/2297/1108 1125/2298/1110 1127/2299/1112 1129/2300/1114 1131/2301/1116 1133/2302/1118 1135/2303/1120 1137/2304/1122 1139/2305/1124 1141/2306/1126 1143/2307/1128 1145/2308/1130 1147/2309/1132 1149/2310/1136
f 1582/2311/1685 1581/2312/1684 1906/2123/1730 1893/2097/1706
f 1567/2313/1683 1565/2314/1682 1905/2121/1728 1891/2093/1702
f 1574/2315/1645 1573/2316/1644 1904/2119/1726 1889/2052/1679
f 1581/2312/1684 1580/2317/1697 1903/2115/1724 1906/2123/1730
f 1565/2314/1682 1566/2318/1688 1894/2096/1705 1905/2121/1728
f 1573/2316/1644 1572/2319/1696 1902/2113/1722 1904/2119/1726
f 1580/2317/1697 1579/2320/1695 1901/2116/1720 1903/2115/1724
f 1572/2319/1696 1571/2321/1694 1900/2109/1718 1902/2113/1722
f 1579/2322/1695 1578/2323/1693 1899/2107/1716 1901/2111/1720
f 1571/2321/1694 1570/2324/1692 1898/2105/1714 1900/2109/1718
f 1578/2323/1693 1577/2325/1691 1897/2103/1712 1899/2107/1716
f 1570/2324/1692 1569/2326/1690 1896/2101/1710 1898/2105/1714
f 1577/2325/1691 1576/2327/1689 1895/2100/1709 1897/2103/1712
f 1569/2326/1690 1568/2328/1687 1892/2092/1701 1896/2101/1710
f 1576/2327/1689 1575/2329/1686 1890/2051/1678 1895/2100/1709
f 1566/2318/1688 1582/2311/1685 1893/2097/1706 1894/2096/1705
f 1568/2328/1687 1567/2313/1683 1891/2093/1702 1892/2092/1701
f 1575/2329/1686 1574/2315/1645 1889/2052/1679 1890/2051/1678
