# Blender 5.1.1
# www.blender.org
mtllib tree3.mtl
o tree6
v 0.064787 6.299582 0.028125
v 0.092908 6.299104 -0.000000
v 0.065265 6.327703 -0.000000
v 0.038887 4.673986 0.067500
v 0.064787 6.299582 -0.028125
v 0.106381 4.673044 -0.000000
v 0.019577 3.176391 0.106875
v 0.038887 4.673986 -0.067500
v 0.036666 6.300061 -0.000000
v -0.028606 4.674929 -0.000000
v 0.019577 3.176391 -0.106875
v -0.087292 3.177510 -0.000000
v -0.095319 1.950568 0.103415
v 0.008093 1.949847 0.146250
v 0.001710 0.851349 0.185625
v -0.090067 0.000000 0.217439
v 0.000000 0.000000 0.270000
v -0.137281 0.851834 0.138991
v -0.209669 0.000000 0.209669
v -0.262706 0.000000 0.108816
v -0.168446 0.851943 -0.000000
v -0.232500 0.000000 0.000000
v -0.262706 -0.000000 -0.108816
v -0.138154 1.950867 -0.000000
v -0.137281 0.851834 -0.138991
v -0.209669 -0.000000 -0.209669
v -0.090067 -0.000000 -0.217439
v -0.095319 1.950568 -0.103415
v 0.001710 0.851349 -0.185625
v 0.000000 -0.000000 -0.270000
v 0.116582 -0.000000 -0.281455
v 0.008093 1.949847 -0.146250
v 0.125231 0.850918 -0.123522
v 0.172169 -0.000000 -0.172169
v 0.236189 -0.000000 -0.097833
v 0.111505 1.949124 -0.103415
v 0.202802 0.850647 -0.000000
v 0.307499 0.000000 0.000000
v 0.236189 0.000000 0.097833
v 0.126446 3.175271 -0.000000
v 0.154339 1.948825 -0.000000
v 0.111505 1.949124 0.103415
v 0.125231 0.850918 0.123522
v 0.172169 0.000000 0.172169
v 0.116582 0.000000 0.281455
v 2.166252 4.089246 0.903049
v 2.151795 4.093746 0.915368
v 2.168208 4.103946 0.915439
v 1.710699 3.476088 0.650643
v 2.168294 4.085828 0.922159
v 1.665681 3.496851 0.692873
v 1.118939 3.044070 0.270352
v 1.704197 3.446270 0.708238
v 1.116257 2.993927 0.369783
v 1.065940 3.093816 0.354244
v 0.096945 2.492944 -0.068673
v 0.079070 2.593082 0.067118
v 0.077896 2.371040 0.067118
v 1.203630 4.062578 -2.125201
v 1.214765 4.066992 -2.108967
v 1.216277 4.078033 -2.125542
v 1.022645 3.559182 -1.842334
v 1.223558 4.059435 -2.125478
v 1.055780 3.577104 -1.798405
v 0.666182 3.136146 -1.397381
v 1.075289 3.536297 -1.834761
v 1.022645 3.559182 -1.842333
v 0.738904 3.087136 -1.372532
v 0.717917 3.164843 -1.328278
v 0.298979 2.779429 -0.856630
v 0.413057 2.719785 -0.841226
v 0.389749 2.837017 -0.785234
v -0.049426 2.358987 -0.093648
v 0.088618 2.461691 -0.059770
v 0.087458 2.232194 -0.059771
v -1.733504 4.319180 -1.647411
v -1.716007 4.323380 -1.654435
v -1.731112 4.334154 -1.659060
v -1.375048 3.635125 -1.274720
v -1.729711 4.316453 -1.666154
v -1.319564 3.655696 -1.300241
v -0.872920 3.087972 -0.617733
v -1.352686 3.607975 -1.328784
v -0.820139 3.024143 -0.690464
v -0.775916 3.121192 -0.657124
v -0.087233 2.535886 0.036421
v -0.024714 2.634548 -0.084180
v -0.025890 2.414829 -0.084180
v -1.931172 4.365680 1.517874
v -1.935259 4.369753 1.499184
v -1.942101 4.381018 1.513371
v -1.506927 3.640919 1.219178
v -1.949345 4.363208 1.511073
v -1.523161 3.661615 1.159457
v -0.759711 3.059592 0.810652
v -1.558042 3.614302 1.188444
v -0.824802 2.995585 0.746428
v -0.783608 3.093495 0.707449
v 0.033811 2.485133 0.106548
v -0.076649 2.585963 0.025706
v -0.077822 2.363470 0.025706
v 1.982698 4.880995 -1.209070
v 1.983945 4.884255 -1.192292
v 1.991776 4.894227 -1.203563
v 1.537159 4.178948 -1.005483
v 1.997576 4.878501 -1.200939
v 1.542792 4.193869 -0.950578
v 0.893622 3.650008 -0.736869
v 1.576810 4.153435 -0.973057
v 0.966102 3.607783 -0.686598
v 0.923585 3.691091 -0.653737
v 0.011594 2.983222 -0.094891
v 0.099608 3.070529 -0.012317
v 0.098447 2.875596 -0.012317
v -2.282610 4.940599 0.525016
v -2.278147 4.943734 0.508448
v -2.289145 4.954218 0.516650
v -1.797042 4.194317 0.476692
v -2.294287 4.938330 0.512259
v -1.783881 4.209044 0.421953
v -1.085390 3.626762 0.429946
v -1.825238 4.169093 0.432409
v -1.139270 3.584660 0.357617
v -1.086109 3.668595 0.340016
v -0.008159 2.920589 0.093417
v -0.064658 3.010317 -0.014941
v -0.065825 2.811911 -0.014941
v 1.536635 4.979339 1.893317
v 1.519629 4.982508 1.896799
v 1.532011 4.993316 1.902719
v 1.263992 4.193507 1.485586
v 1.530481 4.977394 1.909739
v 1.208901 4.209465 1.498852
v 0.927612 3.602130 0.827072
v 1.237142 4.169767 1.532354
v 0.886290 3.559701 0.908507
v 0.846565 3.644654 0.868202
v 0.112812 2.878132 -0.019153
v 0.040909 2.968986 0.081337
v 0.039739 2.768270 0.081337
v -0.583184 5.503615 -2.173270
v -0.568165 5.506293 -2.170536
v -0.576262 5.515876 -2.179370
v -0.496406 4.728996 -1.722548
v -0.572808 5.501891 -2.184654
v -0.446878 4.741612 -1.714697
v -0.452706 4.123310 -1.033808
v -0.459574 4.708193 -1.752367
v -0.392909 4.086903 -1.087860
v -0.371950 4.158373 -1.037944
v -0.062491 3.352095 -0.016903
v 0.030702 3.430924 -0.073910
v 0.029553 3.254622 -0.073911
v -1.492601 5.760743 1.617188
v -1.497526 5.763164 1.603428
v -1.500855 5.772499 1.614236
v -0.794222 4.510248 1.023478
v -1.507004 5.759188 1.614095
v -0.816299 4.524614 0.962098
v 0.051253 3.523437 0.077576
v -0.040264 3.599985 0.029165
v -0.041414 3.431482 0.029165
v -0.845564 4.475645 0.998072
v 2.296324 5.844979 -0.193846
v 2.290205 5.846845 -0.180419
v 2.300020 5.856555 -0.185532
v 1.850851 5.009919 -0.177609
v 2.304553 5.843110 -0.181598
v 1.834694 5.025044 -0.133200
v 1.176850 4.338653 -0.142768
v 1.874096 4.994708 -0.136445
v 1.209922 4.304917 -0.072264
v 1.156061 4.371857 -0.067817
v 0.063845 3.508588 -0.072192
v 0.089544 3.584637 0.029132
v 0.088394 3.415465 0.029132
v -2.066813 6.357906 0.229158
v -2.061658 6.359481 0.217185
v -2.070119 6.368159 0.221884
v -1.208213 5.023923 0.165139
v -2.074336 6.356336 0.218513
v -1.191806 5.044164 0.111978
v -0.004318 3.946320 0.064541
v -0.028101 4.013794 -0.024377
v -0.029218 3.864439 -0.024378
v -1.235471 5.003592 0.116535
v 0.268201 6.451032 2.128856
v 0.259936 6.452735 2.122258
v 0.260913 6.461329 2.131946
v 0.201631 5.063892 1.267244
v 0.253125 6.451058 2.130354
v 0.165279 5.087080 1.245272
v 0.093947 3.948279 0.033934
v 0.037292 4.026346 0.069678
v -0.026608 3.949181 0.046349
v 0.133809 5.064309 1.274136
v 0.170181 5.040943 1.296305
v 0.036004 3.854027 0.069678
v 0.261390 6.449355 2.136954
v 1.615490 6.506811 -1.382333
v 1.618127 6.508204 -1.369752
v 1.622120 6.516951 -1.378201
v 0.959951 5.118221 -0.849173
v 1.627615 6.505392 -1.378073
v 0.976559 5.137344 -0.796666
v 0.020858 3.996521 -0.071137
v 0.091269 4.062256 -0.013252
v 0.090159 3.915185 -0.013252
v 1.009785 5.098538 -0.825911
v -1.059657 6.910472 1.419321
v -1.063741 6.911714 1.409345
v -1.065781 6.918983 1.416987
v -0.593093 5.618906 0.855763
v -1.070305 6.909261 1.417629
v -0.614227 5.634303 0.814415
v 0.055607 4.518138 0.057227
v -0.010592 4.574288 0.020366
v -0.011599 4.450870 0.020366
v -0.638442 5.603840 0.844843
v 1.766493 6.727709 0.457542
v 1.758605 6.729012 0.465566
v 1.766795 6.736580 0.464395
v 1.069816 5.464363 0.246948
v 1.769247 6.726419 0.468454
v 1.038919 5.480465 0.284292
v 0.082612 4.398132 -0.041416
v 0.074983 4.456250 0.037691
v 0.073948 4.327402 0.037691
v 1.077808 5.448289 0.294871
v -1.219004 6.701886 -1.122798
v -1.208441 6.703153 -1.126440
v -1.216220 6.710682 -1.129028
v -0.726396 5.472676 -0.648005
v -1.216626 6.700592 -1.133711
v -0.682048 5.487928 -0.667268
v -0.024781 4.419810 0.015716
v 0.018076 4.477096 -0.050872
v 0.017046 4.349193 -0.050872
v -0.712543 5.456913 -0.694267
v 0.403682 7.103375 1.340738
v 0.395796 7.104363 1.338596
v 0.399470 7.109822 1.343405
v 0.087036 4.991069 0.015163
v 0.034436 5.033723 0.038259
v 0.033611 4.940087 0.038258
v 0.397741 7.102425 1.346357
v 0.571992 7.012062 -1.216765
v 0.577104 7.013032 -1.210152
v 0.577102 7.018626 -1.216324
v 0.017928 4.962636 -0.039073
v 0.075649 5.005258 -0.024899
v 0.074812 4.909543 -0.024899
v 0.580296 7.011053 -1.217682
v -1.113416 7.071409 -0.203995
v -1.108668 7.072273 -0.209779
v -1.114032 7.077302 -0.208525
v 0.016813 5.102688 0.030211
v 0.017900 5.141290 -0.022670
v 0.017132 5.055597 -0.022670
v -1.115887 7.070538 -0.211058
v 1.018679 7.295840 0.133753
v 1.015616 7.296429 0.137745
v 1.019198 7.299806 0.136780
v 0.070704 5.494313 -0.020945
v 0.071643 5.520271 0.014615
v 0.071097 5.462642 0.014615
v 1.020495 7.295257 0.138447
v -0.265035 7.305583 -0.786737
v -0.260605 7.306064 -0.786226
v -0.262945 7.309091 -0.788478
v 0.029002 5.587129 -0.004731
v 0.055933 5.609858 -0.021396
v 0.055445 5.558844 -0.021396
v -0.262303 7.305074 -0.790257
v -0.547499 7.182089 0.526901
v -0.548431 7.182628 0.522099
v -0.549979 7.185962 0.525295
v 0.055581 5.517600 0.027119
v 0.029446 5.543069 0.004811
v 0.028915 5.487097 0.004810
v -0.552092 7.181575 0.525214
v -0.155345 7.462137 -0.511432
v -0.153490 7.462311 -0.511252
v -0.154469 7.463610 -0.512139
v 0.049815 6.002297 -0.001755
v 0.060909 6.011778 -0.008941
v 0.060696 5.990491 -0.008941
v -0.154237 7.461950 -0.512929
v 0.336003 7.379736 0.415369
v 0.334153 7.379914 0.415456
v 0.335246 7.381212 0.416172
v 0.070398 6.003775 0.000246
v 0.060728 6.013409 0.008922
v 0.060516 5.992242 0.008922
v 0.335128 7.379572 0.417003
v 2.308988 4.089445 0.430344
v 2.296583 4.092882 0.445019
v 2.312664 4.103436 0.443157
v 1.793859 3.469619 0.332940
v 1.767085 3.499484 0.384247
v 2.314050 4.084962 0.448655
v 1.807573 3.448900 0.393199
v 0.707945 4.065162 -2.334583
v 0.721627 4.068252 -2.320081
v 0.721481 4.079734 -2.336424
v 0.585857 3.557755 -2.018326
v 0.727339 4.060696 -2.337895
v 0.628023 3.580273 -1.985708
v 0.471273 3.124042 -1.453014
v 0.640380 3.539472 -2.025080
v 0.556788 3.094425 -1.463879
v 0.540023 3.172126 -1.417848
v -2.081863 4.321522 -1.173969
v -2.065088 4.324216 -1.183160
v -2.080071 4.335492 -1.186904
v -1.644215 3.632147 -0.893071
v -2.080354 4.317289 -1.192756
v -1.599153 3.658949 -0.930542
v -0.876933 3.068545 -0.551537
v -1.636324 3.611232 -0.953573
v -0.868183 3.034124 -0.655886
v -0.822984 3.131170 -0.623874
v -1.506033 4.365127 1.946492
v -1.512525 4.367636 1.928212
v -1.518433 4.379424 1.942394
v -1.160145 3.635414 1.555651
v -1.524659 4.361090 1.942088
v -1.190068 3.662258 1.504246
v -0.693070 3.039326 0.826207
v -1.219756 3.614941 1.538527
v -1.160144 3.635414 1.555650
v -0.796399 3.005392 0.801105
v -0.756414 3.103306 0.760896
v 1.692315 4.882636 -1.586144
v 1.696323 4.885097 -1.569665
v 1.702622 4.895335 -1.581637
v 1.342950 4.172961 -1.240513
v 1.364063 4.198144 -1.193728
v 1.708195 4.879345 -1.580603
v 1.394490 4.157714 -1.220875
v -2.126996 4.940585 0.985964
v -2.125297 4.942872 0.968756
v -2.135076 4.953640 0.978060
v -1.686327 4.186825 0.772203
v -1.690400 4.212114 0.719951
v -2.140502 4.937468 0.975376
v -1.729793 4.172160 0.736314
v 1.927477 4.978593 1.501534
v 1.911015 4.980572 1.507572
v 1.923554 4.991778 1.512302
v 1.546022 4.186883 1.190022
v 1.499273 4.210850 1.216588
v 1.923872 4.975457 1.518521
v 1.532482 4.171147 1.245166
v -1.076139 5.506465 -1.969358
v -1.060747 5.508147 -1.968652
v -1.069265 5.518061 -1.976689
v -0.858671 4.725649 -1.564361
v -0.811404 4.746020 -1.569341
v -1.067462 5.503746 -1.981910
v -0.829229 4.712604 -1.604877
v -1.087653 5.759477 1.921449
v -1.094509 5.761069 1.908413
v -1.096853 5.770680 1.919238
v -0.658471 4.495722 1.104827
v -0.696775 4.530647 1.062705
v -1.102236 5.757092 1.920409
v -0.723755 4.481674 1.100418
v 1.850561 3.237787 0.656970
v 1.208215 3.566262 -0.479391
v 1.724243 2.150040 0.413951
v 1.081897 2.478514 -0.722410
v 2.276206 2.698579 0.260504
v 1.633860 3.027053 -0.875857
v 1.298598 2.689248 0.810417
v 0.656251 3.017722 -0.325945
v 2.157503 2.864749 -0.421566
v 1.376909 2.088997 -0.204561
v 1.555549 3.627304 0.139120
v 0.774955 2.851553 0.356126
v 0.751203 3.180375 -1.923141
v -0.038354 3.757577 -1.066245
v 0.135069 2.289578 -1.890816
v -0.654487 2.866779 -1.033922
v 0.142448 2.928175 -2.314175
v -0.647107 3.505377 -1.457278
v 0.743823 2.541777 -1.499783
v -0.045734 3.118979 -0.642888
v -0.376878 3.296802 -2.054392
v -0.387315 2.393688 -1.455674
v 0.484030 3.653466 -1.501387
v 0.473594 2.750352 -0.902669
v -1.687289 3.433685 -1.016913
v -0.638149 4.032528 -0.547879
v -1.795733 2.895375 -0.087050
v -0.746593 3.494219 0.381984
v -2.053781 3.560563 -0.359132
v -1.004640 4.159407 0.109903
v -1.429241 2.768497 -0.744831
v -0.380101 3.367340 -0.275797
v -1.658557 4.024027 -0.044733
v -1.293623 3.083309 0.340049
v -1.140259 3.844594 -0.974976
v -0.775325 2.903876 -0.590195
v -1.442606 3.371017 1.415955
v -0.160732 3.566884 1.389661
v -1.280149 2.303035 1.380505
v 0.001726 2.498902 1.354212
v -1.347876 2.821156 1.938253
v -0.066001 3.017022 1.911959
v -1.374880 2.852898 0.858207
v -0.093005 3.048764 0.831914
v -0.701346 2.912513 2.148791
v -0.605566 2.179782 1.360016
v -0.835315 3.690137 1.410150
v -0.739535 2.957405 0.621375
v 1.465041 3.913289 -1.255898
v 0.567662 4.525156 -0.461733
v 0.653239 3.259984 -1.669865
v -0.244140 3.871851 -0.875701
v 0.960463 3.964262 -1.865326
v 0.063084 4.576130 -1.071162
v 1.157816 3.209010 -1.060437
v 0.260437 3.820878 -0.266273
v 0.470901 4.426614 -1.634942
v 0.036419 3.430614 -1.358519
v 1.184481 4.354527 -0.773079
v 0.750000 3.358526 -0.496657
v -1.799223 3.932208 0.755627
v -0.736403 4.507455 0.191390
v -1.128814 3.344843 1.419611
v -0.065993 3.920089 0.855373
v -1.482965 4.044889 1.466221
v -0.420144 4.620136 0.901984
v -1.445072 3.232162 0.709016
v -0.382252 3.807409 0.144779
v -0.959403 4.500834 1.340925
v -0.458557 3.510818 1.275007
v -1.406660 4.341479 0.335993
v -0.905814 3.351464 0.270075
v 1.543738 3.920359 1.406421
v 0.809204 4.489633 0.476520
v 1.846475 3.145871 0.693155
v 1.111942 3.715146 -0.236746
v 2.123446 3.839442 0.898970
v 1.388912 4.408718 -0.030930
v 1.266767 3.226786 1.200605
v 0.532234 3.796062 0.270704
v 1.933602 4.250966 0.371550
v 1.541907 3.270107 0.080482
v 1.113772 4.365397 1.089193
v 0.722076 3.384538 0.798124
v -0.841147 4.579851 -1.809303
v -0.289142 5.052175 -0.740137
v -1.457622 3.934623 -1.205980
v -0.905617 4.406947 -0.136814
v -1.526450 4.641006 -1.482502
v -0.974445 5.113331 -0.413335
v -0.772319 3.873467 -1.532781
v -0.220314 4.345790 -0.463615
v -1.406633 5.036132 -0.937506
v -1.309296 4.037154 -0.546444
v -0.437468 4.949644 -1.399673
v -0.340131 3.950666 -1.008611
v -0.875435 4.545286 1.440942
v 0.112744 4.964105 0.643090
v -0.300972 3.616997 1.665153
v 0.687207 4.035816 0.867299
v -0.346405 4.335339 1.985963
v 0.641775 4.754158 1.188111
v -0.830003 3.826944 1.120132
v 0.158176 4.245763 0.322279
v 0.247841 4.650041 1.766356
v 0.312093 3.634151 1.312662
v -0.500321 4.946950 0.995581
v -0.436070 3.931062 0.541885
v 2.032395 4.774600 -0.220500
v 0.822472 5.195137 -0.424584
v 1.833395 3.905508 -0.831583
v 0.623473 4.326045 -1.035667
v 2.100329 4.609410 -0.963648
v 0.890406 5.029946 -1.167732
v 1.765462 4.070697 -0.088435
v 0.555539 4.491235 -0.292519
v 1.564721 4.931249 -1.246953
v 1.187221 3.935781 -1.060185
v 1.468647 5.164863 -0.195982
v 1.091147 4.169396 -0.009214
v -1.621772 5.218357 0.288905
v -0.391209 5.561425 0.086536
v -1.302802 4.521063 1.046400
v -0.072239 4.864131 0.844031
v -1.508197 5.255005 1.041658
v -0.277634 5.598073 0.839289
v -1.416378 4.484416 0.293647
v -0.185815 4.827483 0.091278
v -0.911932 5.586133 1.095393
v -0.621460 4.548182 1.102098
v -1.072552 5.534306 0.030839
v -0.782079 4.496355 0.037544
v 0.334536 5.225963 1.640496
v 0.048840 5.568514 0.414350
v 1.115581 4.564416 1.273691
v 0.829885 4.906969 0.047546
v 1.084053 5.302341 1.487193
v 0.798357 5.644893 0.261048
v 0.366064 4.488038 1.426993
v 0.080368 4.830590 0.200849
v 1.089905 5.642265 0.886588
v 1.134492 4.598681 0.584651
v 0.029929 5.534250 1.103391
v 0.074516 4.490666 0.801453
v 1.218476 5.300066 -1.173935
v 0.298531 5.627851 -0.321681
v 0.547046 4.582864 -1.622851
v -0.372900 4.910648 -0.770597
v 0.703739 5.321508 -1.737803
v -0.216207 5.649293 -0.885549
v 1.061784 4.561422 -1.058984
v 0.141838 4.889206 -0.206730
v 0.169612 5.642820 -1.452263
v -0.051984 4.598219 -1.289698
v 0.897561 5.612496 -0.654834
v 0.675965 4.567894 -0.492269
v -0.745237 5.847668 1.229676
v -0.154589 6.079824 0.079851
v 0.088604 5.204691 1.528187
v 0.679252 5.436849 0.378361
v -0.073238 5.958316 1.597213
v 0.517410 6.190474 0.447387
v -0.583395 5.094043 1.160650
v 0.007252 5.326200 0.010825
v 0.327743 6.253392 1.112715
v 0.556622 5.187604 1.015097
v -0.622607 6.096910 0.592940
v -0.393729 5.031124 0.495322
v 1.501693 5.668883 0.329005
v 0.359298 5.910533 -0.266104
v 1.645197 4.790050 -0.303332
v 0.502801 5.031702 -0.898441
v 1.831272 5.537643 -0.356961
v 0.688877 5.779294 -0.952070
v 1.315618 4.921290 0.382633
v 0.173222 5.162942 -0.212476
v 1.366871 5.786119 -0.807691
v 1.103719 4.728864 -0.731848
v 0.900775 5.971720 0.162411
v 0.637625 4.914465 0.238254
v -1.065879 5.727413 -0.971834
v -0.561249 5.852753 0.216923
v -1.462757 4.758724 -0.701219
v -0.958127 4.884067 0.487537
v -1.721140 5.477501 -0.667322
v -1.216510 5.602843 0.521435
v -0.807496 5.008636 -1.005730
v -0.302865 5.133978 0.183027
v -1.658048 5.637277 -0.002858
v -1.292639 4.620774 -0.050795
v -0.731368 5.990704 -0.433501
v -0.365959 4.974202 -0.481439
v 0.458299 6.464012 1.043288
v -0.113028 6.459592 -0.118637
v 1.223439 5.801331 0.669584
v 0.652112 5.796912 -0.492341
v 1.137569 6.558430 0.708927
v 0.566241 6.554009 -0.452999
v 0.544169 5.706914 1.003946
v -0.027158 5.702495 -0.157981
v 0.974803 6.732575 0.066864
v 1.096241 5.661877 0.011225
v 0.014170 6.599048 0.539722
v 0.135608 5.528350 0.484083
v 0.498234 6.380302 -1.046310
v -0.533415 6.280000 -0.264139
v 0.256244 5.422683 -1.488286
v -0.775405 5.322380 -0.706115
v 0.071754 6.149945 -1.638358
v -0.959895 6.049642 -0.856186
v 0.682724 5.653041 -0.896239
v -0.348926 5.552737 -0.114068
v -0.570606 6.202706 -1.400971
v -0.309699 5.174202 -1.188737
v 0.032528 6.528481 -0.563689
v 0.293435 5.499977 -0.351455
v -0.982346 6.571669 -0.063141
v 0.298204 6.515424 0.020699
v -1.065771 5.867106 0.738399
v 0.214780 5.810860 0.822239
v -1.029504 6.621640 0.690647
v 0.251047 6.565395 0.774488
v -1.018614 5.817134 -0.015390
v 0.261937 5.760889 0.068451
v -0.391484 6.760136 0.878792
v -0.442774 5.693065 0.946324
v -0.324793 6.689466 -0.187225
v -0.376083 5.622395 -0.119694
v 0.997045 6.879208 0.092748
v -0.149471 6.749532 -0.516015
v 1.363232 5.985637 -0.406570
v 0.216715 5.855962 -1.015332
v 1.363810 6.737271 -0.567766
v 0.217292 6.607597 -1.176529
v 0.996468 6.127573 0.253943
v -0.150049 5.997898 -0.354819
v 0.866630 6.798707 -1.042330
v 0.865813 5.735736 -0.814363
v 0.347947 6.999435 -0.108221
v 0.347131 5.936462 0.119744
v -0.378768 6.976764 -0.715599
v 0.322453 6.837596 0.389184
v -1.130805 6.280215 -0.326012
v -0.429584 6.141049 0.778771
v -1.026581 7.047980 -0.295451
v -0.325360 6.908813 0.809332
v -0.482992 6.208999 -0.746159
v 0.218229 6.069832 0.358623
v -0.788551 7.152155 0.350285
v -0.935947 6.066372 0.307065
v 0.127595 7.051440 -0.243893
v -0.019800 5.965657 -0.287114
v -0.604583 6.921090 0.546591
v 0.641048 6.613330 0.506497
v -0.818030 5.993559 1.034975
v 0.427603 5.685801 0.994881
v -0.638278 6.690940 1.266377
v 0.607353 6.383179 1.226282
v -0.784334 6.223710 0.315190
v 0.461298 5.915950 0.275096
v 0.014786 6.633825 1.443326
v -0.239420 5.647583 1.116076
v 0.062438 6.959308 0.425397
v -0.191767 5.973063 0.098146
v -0.196248 7.339802 -0.650363
v -0.485233 6.999678 0.591710
v -0.696668 6.431048 -1.015643
v -0.985654 6.090924 0.226430
v -0.921133 7.160885 -0.868011
v -1.210118 6.820761 0.374061
v 0.028218 6.609965 -0.797994
v -0.260768 6.269840 0.444078
v -1.262243 7.104923 -0.261476
v -0.944802 6.072778 -0.470258
v -0.237100 7.357949 0.046325
v 0.080342 6.325804 -0.162457
v 0.334476 7.368371 0.578358
v 0.941012 6.818589 -0.416069
v 0.491052 6.482381 1.163689
v 1.097588 5.932600 0.169262
v 0.879699 7.123635 1.046214
v 1.486235 6.573853 0.051787
v -0.054171 6.727117 0.695834
v 0.552365 6.177336 -0.298594
v 1.376378 6.930865 0.621566
v 0.826748 6.023996 0.787702
v 0.605316 7.276975 -0.040082
v 0.055686 6.370105 0.126054
v 1.746692 3.625780 0.657329
v 1.715049 2.316520 0.532065
v 0.805139 3.594880 1.218137
v 0.773496 2.285620 1.092872
v 1.556435 3.558761 1.405862
v 1.524792 2.249501 1.280597
v 0.995396 3.661898 0.469604
v 0.963752 2.352639 0.344339
v 1.656808 2.882770 1.537135
v 0.594315 2.933850 1.271652
v 1.925872 2.977550 0.478550
v 0.863379 3.028628 0.213066
v 0.806939 3.518332 -1.729836
v 0.808411 2.229436 -1.643281
v 1.218978 3.585435 -0.737580
v 1.220450 2.296541 -0.651026
v 1.510219 3.538645 -1.439303
v 1.511690 2.249750 -1.352748
v 0.515697 3.565122 -1.028113
v 0.517170 2.276227 -0.941558
v 1.716927 2.888713 -1.481185
v 1.305050 2.954886 -0.488800
v 0.722338 2.859987 -1.892062
v 0.310461 2.926158 -0.899676
v -1.409399 3.699564 -0.940666
v -0.881484 2.588110 -1.448249
v -0.394502 4.061185 -0.676960
v 0.133411 2.949730 -1.184544
v -0.860801 4.126183 -1.304259
v -0.332887 3.014726 -1.811842
v -0.943101 3.634567 -0.313367
v -0.415187 2.523113 -0.820951
v -0.579799 3.672271 -1.763271
v 0.079645 3.580351 -0.876137
v -1.355633 3.068943 -1.249073
v -0.696189 2.977024 -0.361939
v -1.305537 3.631498 1.190651
v -1.142002 2.318839 1.302175
v -1.427252 3.523371 0.096448
v -1.263717 2.210712 0.207971
v -1.911921 3.515149 0.710387
v -1.748387 2.202491 0.821910
v -0.820867 3.639719 0.576712
v -0.657332 2.327061 0.688235
v -2.056119 2.833021 0.793833
v -1.370692 2.844647 -0.074408
v -1.198561 2.997562 1.473029
v -0.513134 3.009189 0.604788
v 1.411735 4.246616 -0.942484
v 1.509746 2.900462 -0.914821
v 1.219539 4.255399 0.165942
v 1.317551 2.909246 0.193604
v 1.868360 4.293213 -0.292765
v 1.966372 2.947060 -0.265103
v 0.762913 4.208802 -0.483776
v 0.860925 2.862650 -0.456114
v 2.146312 3.637618 -0.239375
v 1.228740 3.584142 0.409335
v 1.500546 3.571720 -1.158215
v 0.582973 3.518243 -0.509504
v -1.782005 4.306184 0.546058
v -1.886256 3.047003 0.256519
v -1.152871 4.453156 -0.319633
v -1.257122 3.193975 -0.609172
v -1.904323 4.484746 -0.186451
v -2.008573 3.225565 -0.475990
v -1.030553 4.274594 0.412876
v -1.134804 3.015413 0.123337
v -2.137412 3.898680 -0.455345
v -1.074698 3.854004 -0.643694
v -1.964428 3.646155 0.580578
v -0.901715 3.601480 0.392231
v 1.394617 4.271695 1.321075
v 0.765986 3.220259 1.759620
v 0.490406 4.605006 0.824071
v -0.138223 3.553569 1.262615
v 0.797872 4.710787 1.518424
v 0.169242 3.659351 1.956969
v 1.087150 4.165913 0.626721
v 0.458521 3.114476 1.065266
v 0.423646 4.297917 1.922375
v -0.011176 4.148318 0.940410
v 1.267570 3.676947 1.643280
v 0.832748 3.527348 0.661316
v -0.719428 4.772246 -1.543251
v 0.281381 3.920074 -1.716858
v -0.289815 5.079054 -0.572630
v 0.710994 4.226881 -0.746237
v -0.212787 5.320102 -1.311794
v 0.788021 4.467927 -1.485401
v -0.796455 4.531199 -0.804086
v 0.204353 3.679025 -0.977693
v 0.408499 5.057403 -1.503747
v 0.299565 4.716509 -0.458411
v -0.307999 4.282619 -1.831076
v -0.416933 3.941726 -0.785740
v -0.750552 4.914728 1.353454
v -1.451769 4.109513 0.623483
v -0.158964 5.180109 0.492434
v -0.860180 4.374894 -0.237537
v -0.797658 5.447754 0.810734
v -1.498874 4.642539 0.080763
v -0.111858 4.647083 1.035153
v -0.813074 3.841868 0.305182
v -1.290300 5.210971 0.399271
v -0.387050 4.832464 -0.050874
v -1.223683 4.457158 1.166792
v -0.320432 4.078651 0.716647
v 1.815935 5.036572 -0.047509
v 1.957631 3.742054 -0.014788
v 1.097762 4.978485 0.764445
v 1.239457 3.683968 0.797166
v 1.859558 5.060708 0.718469
v 2.001254 3.766191 0.751190
v 1.054139 4.954349 -0.001534
v 1.195834 3.659832 0.031188
v 2.097214 4.435477 0.883948
v 1.019870 4.319196 0.948967
v 2.035521 4.401343 -0.199310
v 0.958178 4.285063 -0.134290
v -1.389702 5.421739 0.066786
v -1.654304 4.143588 -0.053893
v -0.645025 5.342662 -0.728468
v -0.909626 4.064511 -0.849147
v -1.401441 5.496745 -0.701881
v -1.666042 4.218593 -0.822560
v -0.633285 5.267657 0.040199
v -0.897887 3.989506 -0.080480
v -1.692832 4.905115 -0.915910
v -0.623098 4.687209 -0.953510
v -1.676229 4.799042 0.171149
v -0.606497 4.581135 0.133550
v 0.215960 5.433756 1.362607
v -0.527267 4.345164 1.529545
v -0.216958 5.574551 0.353326
v -0.960183 4.485960 0.520262
v -0.405121 5.813638 1.074696
v -1.148346 4.725049 1.241634
v 0.404122 5.194665 0.641236
v -0.339104 4.106075 0.808173
v -0.944333 5.397538 1.247937
v -0.678230 5.059414 0.227765
v -0.065993 4.860300 1.655105
v 0.200109 4.522176 0.634932
v 1.005176 5.473341 -0.896188
v 1.584249 4.369588 -0.402995
v 0.429214 5.595348 0.053118
v 1.008287 4.491596 0.546311
v 1.130475 5.845347 -0.210761
v 1.709548 4.741597 0.282432
v 0.303915 5.223340 -0.632309
v 0.882988 4.119588 -0.139116
v 1.591198 5.422295 0.123141
v 0.599465 5.068741 0.496322
v 1.413998 4.896195 -0.846199
v 0.422266 4.542641 -0.473018
v -0.686991 6.023546 0.885304
v -1.251550 4.805446 0.873866
v -0.550230 5.970575 -0.223891
v -1.114789 4.752476 -0.235329
v -1.121548 6.230846 0.257531
v -1.686107 5.012747 0.246093
v -0.115673 5.763274 0.403881
v -0.680233 4.545176 0.392443
v -1.612150 5.718636 0.221503
v -0.804186 5.350556 -0.459332
v -0.997594 5.425467 1.109307
v -0.189630 5.057388 0.428473
v 1.234364 5.932335 0.366120
v 1.411660 4.727190 0.824530
v 0.196640 5.898973 0.679766
v 0.373937 4.693827 1.138176
v 0.854837 6.119765 1.005657
v 1.032134 4.914620 1.464067
v 0.576167 5.711543 0.040229
v 0.753463 4.506397 0.498639
v 1.001201 5.601740 1.434810
v 0.070369 5.289491 0.973930
v 1.537931 5.336673 0.530366
v 0.607100 5.024424 0.069487
v -0.922945 5.939994 -0.731074
v -0.154832 5.130778 -1.408087
v -0.157842 6.023377 0.037319
v 0.610272 5.214161 -0.639694
v -0.323797 6.406264 -0.608622
v 0.444317 5.597047 -1.285635
v -0.756992 5.557111 -0.085134
v 0.011122 4.747891 -0.762145
v 0.149979 6.177520 -1.055547
v 0.384673 5.636040 -0.142049
v -0.697347 5.518117 -1.228720
v -0.462652 4.976635 -0.315221
v 0.337725 6.561560 0.784874
v -0.564407 5.667390 1.171329
v -0.011394 6.462079 -0.260276
v -0.913526 5.567909 0.126179
v -0.203259 6.917708 0.346064
v -1.105391 6.023538 0.732520
v 0.529591 6.105929 0.178534
v -0.372542 5.211760 0.564989
v -0.806103 6.638749 0.573989
v -0.534765 5.994390 -0.283506
v -0.041035 6.135077 1.194560
v 0.230302 5.490720 0.337064
v 0.334718 6.528262 -0.742397
v 1.181032 5.506304 -0.760598
v 0.193664 6.392066 0.345930
v 1.039978 5.370110 0.327730
v 0.684194 6.806242 -0.100490
v 1.530509 5.784281 -0.118691
v -0.155813 6.114088 -0.295978
v 0.690502 5.092130 -0.314178
v 1.281323 6.438612 -0.069104
v 0.587607 5.852881 0.562230
v 0.787089 6.045489 -0.976898
v 0.093373 5.459760 -0.345565
v -0.699346 6.675331 -0.078469
v -0.786554 5.745590 -0.998606
v 0.382624 6.530571 -0.034745
v 0.295416 5.600829 -0.954881
v -0.092055 6.981196 -0.445086
v -0.179263 6.051453 -1.365223
v -0.224667 6.224705 0.331872
v -0.311875 5.294963 -0.588264
v -0.108194 6.672998 -1.066067
v 0.563104 6.035718 -0.485757
v -0.967033 6.240440 -0.547593
v -0.295736 5.603161 0.032717
v 0.696267 7.019829 0.190712
v 1.354048 5.896842 0.335667
v -0.095344 6.639776 0.838582
v 0.562437 5.516788 0.983536
v 0.557223 7.036333 0.949532
v 1.215005 5.913345 1.094486
v 0.043699 6.623271 0.079763
v 0.701481 5.500286 0.224717
v 0.992469 6.560387 1.202144
v 0.069599 5.999569 1.045238
v 1.189106 6.537047 0.129010
v 0.266235 5.976230 -0.027896
v -0.209688 7.074227 -0.467157
v 0.534479 6.166824 -1.121003
v 0.331718 6.833770 0.482743
v 1.075884 5.926366 -0.171103
v 0.440342 7.348854 -0.108455
v 1.184509 6.441449 -0.762302
v -0.318313 6.559145 0.124042
v 0.425854 5.651742 -0.529804
v 0.969548 7.058705 -0.483530
v 0.815930 6.330267 0.352551
v 0.050266 6.670326 -0.990811
v -0.103352 5.941889 -0.154730
v -0.359442 7.003778 0.297863
v -1.144112 5.933711 0.465764
v -0.104873 6.655829 -0.729971
v -0.889542 5.585764 -0.562071
v -0.665153 7.115322 -0.419952
v -1.449822 6.045256 -0.252050
v 0.200838 6.544285 -0.012157
v -0.583832 5.474220 0.155744
v -1.236840 6.698555 -0.420458
v -0.444485 6.048734 -0.858893
v -0.804500 6.540807 0.594685
v -0.012145 5.890986 0.156251
v -0.106566 7.458958 -0.323484
v 0.438371 6.541625 -1.109922
v 0.532689 7.122372 0.512076
v 1.077627 6.205038 -0.274363
v 0.602044 7.652062 -0.057720
v 1.146982 6.734729 -0.844158
v -0.175921 6.929267 0.246311
v 0.369016 6.011934 -0.540127
v 1.035635 7.343091 -0.513905
v 0.937552 6.593995 0.291906
v 0.033508 7.070001 -0.889754
v -0.064575 6.320904 -0.083941
v 0.256937 7.435582 0.255981
v -0.069388 6.512394 1.160865
v -0.557330 7.073183 -0.407395
v -0.883655 6.149994 0.497489
v -0.502848 7.611888 0.161854
v -0.829173 6.688699 1.066738
v 0.202454 6.896878 -0.313268
v -0.123872 5.973689 0.591616
v -0.812083 7.298377 0.712698
v -0.889132 6.536533 -0.092342
v 0.262414 7.049043 0.845813
v 0.185364 6.287200 0.040773
v 2.159781 3.659469 0.660116
v 1.086842 4.071944 0.587903
v 2.059853 3.248680 -0.201558
v 0.986913 3.661154 -0.273770
v 2.276988 3.852294 0.020047
v 1.204049 4.264770 -0.052165
v 1.942647 3.055854 0.438511
v 0.869706 3.468329 0.366299
v 1.809763 4.223481 -0.102726
v 1.502687 3.369840 -0.416122
v 1.644008 3.950784 0.802468
v 1.336932 3.097143 0.489072
v 0.930294 3.426106 -2.054916
v 0.459369 3.932781 -1.091879
v 0.165223 2.802498 -2.100941
v -0.305702 3.309172 -1.137903
v 0.304346 3.434135 -2.365229
v -0.166579 3.940811 -1.402192
v 0.791172 2.794470 -1.790627
v 0.320247 3.301143 -0.827591
v -0.031942 3.819953 -2.002713
v -0.228691 2.926681 -1.628954
v 0.853283 3.808599 -1.563865
v 0.656535 2.915326 -1.190106
v -1.708224 3.753864 -1.359422
v -0.682412 4.124145 -0.955019
v -1.919688 3.387296 -0.487382
v -0.893875 3.757577 -0.082980
v -2.016482 3.991875 -0.795419
v -0.990670 4.362155 -0.391017
v -1.611429 3.149286 -1.051386
v -0.585617 3.519566 -0.646982
v -1.587465 4.351521 -0.540206
v -1.450577 3.496518 -0.104576
v -1.151522 4.014924 -1.337826
v -1.014635 3.159920 -0.902196
v -1.581080 3.719203 1.519102
v -1.136374 4.048241 0.476722
v -0.683195 3.451291 1.817595
v -0.238487 3.780330 0.775215
v -1.055427 4.038048 1.844007
v -0.610720 4.367085 0.801626
v -1.208849 3.132446 1.492690
v -0.764141 3.461485 0.450310
v -0.801299 4.390123 1.395576
v -0.274883 3.560324 1.358225
v -1.544685 3.939208 0.936092
v -1.018269 3.109409 0.898741
v 1.710870 4.357608 -1.334607
v 1.262837 4.568847 -0.265633
v 0.810022 4.164840 -1.674082
v 0.361988 4.376079 -0.605109
v 1.203427 4.734454 -1.621756
v 0.755393 4.945692 -0.552783
v 1.317464 3.787995 -1.386933
v 0.869431 3.999233 -0.317959
v 0.955793 5.036091 -1.135903
v 0.399434 4.230536 -1.209903
v 1.673425 4.503151 -0.729813
v 1.117066 3.697596 -0.803813
v -2.060952 4.344239 0.733050
v -1.216054 4.609742 -0.042666
v -1.379528 4.049124 1.374240
v -0.534630 4.314627 0.598523
v -1.695317 4.651245 1.236374
v -0.850417 4.916749 0.460658
v -1.745164 3.742118 0.870916
v -0.900266 4.007621 0.095199
v -1.262543 4.972283 0.924205
v -0.815951 4.120756 1.119176
v -1.779631 4.538111 0.212397
v -1.333039 3.686583 0.407368
v 1.630683 4.257942 1.594824
v 0.773396 4.656665 0.873031
v 1.982888 3.689966 0.862751
v 1.125601 4.088690 0.140957
v 2.101807 4.344621 1.083144
v 1.244520 4.743345 0.361350
v 1.511764 3.603286 1.374431
v 0.654477 4.002010 0.652637
v 1.795366 4.697518 0.661919
v 1.627188 3.771697 0.350237
v 1.129096 4.574935 1.385545
v 0.960918 3.649113 1.073861
v -0.766148 4.940353 -1.936031
v 0.251414 4.944836 -1.350363
v -1.252292 4.859955 -1.090770
v -0.234730 4.864439 -0.505103
v -1.030887 5.387696 -1.479488
v -0.013324 5.392179 -0.893821
v -0.987555 4.412612 -1.547312
v 0.030009 4.417096 -0.961645
v -0.531080 5.591885 -1.172608
v -0.844195 4.845546 -0.622877
v -0.156684 4.959246 -1.818257
v -0.469798 4.212907 -1.268526
v -1.129441 5.032302 1.515210
v -1.086475 5.052414 0.347734
v -0.165323 4.900155 1.548415
v -0.122357 4.920266 0.380939
v -0.581648 5.448501 1.542539
v -0.538682 5.468613 0.375063
v -0.713116 4.483957 1.521086
v -0.670151 4.504067 0.353610
v -0.532938 5.658321 0.963244
v 0.055836 4.882842 0.971554
v -1.307634 5.069727 0.924594
v -0.718862 4.294248 0.932905
v 2.160420 5.177010 -0.282420
v 1.112722 5.395380 0.172426
v 1.740709 4.747782 -1.043119
v 0.693011 4.966151 -0.588273
v 1.938044 5.387163 -0.895538
v 0.890346 5.605533 -0.440692
v 1.963085 4.537630 -0.430001
v 0.915386 4.756000 0.024845
v 1.409009 5.672292 -0.764530
v 1.129935 4.768071 -0.973242
v 1.723496 5.375091 0.102549
v 1.444422 4.470870 -0.106162
v -1.797449 5.543850 0.300167
v -0.714142 5.726882 -0.097394
v -1.437171 5.033231 1.046801
v -0.353864 5.216264 0.649239
v -1.588919 5.695971 0.938423
v -0.505611 5.879002 0.540861
v -1.645701 4.881110 0.408544
v -0.562394 5.064143 0.010984
v -1.035505 5.956249 0.849383
v -0.820901 5.018995 1.002652
v -1.330412 5.741118 -0.053247
v -1.115807 4.803864 0.100022
v 0.341873 5.554792 1.813839
v -0.165757 5.718227 0.756428
v 1.104113 5.104002 1.378238
v 0.596483 5.267437 0.320827
v 0.954300 5.763045 1.552020
v 0.446669 5.926480 0.494609
v 0.491687 4.895746 1.640056
v -0.015944 5.059182 0.582645
v 0.796295 6.024387 1.005082
v 1.008163 5.092358 0.759316
v -0.069807 5.729871 1.375350
v 0.142061 4.797840 1.129584
v 1.351306 5.738372 -1.250801
v 1.304091 5.543682 -0.114832
v 0.393012 5.681642 -1.300354
v 0.345797 5.486951 -0.164384
v 0.840043 6.182885 -1.195867
v 0.792828 5.988193 -0.059898
v 0.904275 5.237127 -1.355288
v 0.857059 5.042437 -0.219318
v 0.803132 6.281413 -0.594865
v 0.170935 5.572547 -0.742631
v 1.526167 5.652776 -0.672554
v 0.893970 4.943909 -0.820320
v -0.875378 6.240413 1.339888
v -0.552740 6.270413 0.230210
v -0.047242 5.804763 1.568890
v 0.275396 5.834764 0.459212
v -0.255188 6.452014 1.525928
v 0.067450 6.482014 0.416250
v -0.667431 5.593163 1.382850
v -0.344795 5.623164 0.273172
v -0.008491 6.644888 1.000722
v 0.285590 5.729539 1.061479
v -0.885571 6.345640 0.737622
v -0.591492 5.430291 0.798378
v 1.601125 6.051739 0.306738
v 0.464275 6.049272 0.601477
v 1.371418 5.712593 -0.582118
v 0.234567 5.710125 -0.287379
v 1.442781 6.341194 -0.301595
v 0.305930 6.338726 -0.006857
v 1.529763 5.423139 0.026216
v 0.392911 5.420671 0.320954
v 0.856341 6.530095 -0.222118
v 0.755419 5.641118 -0.618836
v 1.080275 6.120747 0.638195
v 0.979351 5.231770 0.241477
v -1.190676 6.012187 -0.995183
v -0.441982 6.107872 -0.090315
v -1.618133 5.242624 -0.560125
v -0.869439 5.338310 0.344743
v -1.717549 5.929745 -0.550526
v -0.968856 6.025431 0.354342
v -1.091259 5.325066 -1.004782
v -0.342565 5.420753 -0.099914
v -1.472911 6.102821 -0.004013
v -1.332316 5.131085 -0.017587
v -0.727799 6.219413 -0.632853
v -0.587203 5.247676 -0.646427
v 0.401450 6.768530 1.035767
v -0.615047 6.371025 0.603442
v 0.844262 6.556477 0.189587
v -0.172235 6.158971 -0.242738
v 0.518642 7.110381 0.445902
v -0.497855 6.712874 0.013578
v 0.727070 6.214627 0.779450
v -0.289427 5.817120 0.347126
v -0.032773 7.097144 0.160660
v 0.427723 6.313806 -0.201825
v -0.198508 6.613695 0.994854
v 0.261988 5.830358 0.632369
v 0.413968 6.722849 -1.086760
v 0.243445 6.583632 0.038938
v -0.350039 6.178395 -1.269826
v -0.520562 6.039179 -0.144129
v -0.246312 6.839132 -1.172399
v -0.416834 6.699916 -0.046702
v 0.310240 6.062112 -1.184187
v 0.139718 5.922896 -0.058489
v -0.446838 6.930450 -0.607109
v -0.593531 5.996027 -0.744891
v 0.486937 6.766001 -0.485997
v 0.340244 5.831578 -0.623779
v -0.933675 6.870697 -0.105380
v -0.075634 6.480652 -0.763082
v -0.454317 6.602305 0.679159
v 0.403723 6.212259 0.021457
v -0.484078 7.166512 0.305735
v 0.373963 6.776466 -0.351967
v -0.903915 6.306490 0.268043
v -0.045875 5.916445 -0.389659
v 0.031894 7.149606 -0.015310
v 0.073981 6.351696 0.512791
v -0.603933 6.731260 -0.596715
v -0.561846 5.933351 -0.068614
v 0.936963 7.191812 0.037058
v -0.113342 6.919917 0.392366
v 0.778243 6.734606 -0.781996
v -0.272063 6.462710 -0.426687
v 0.688919 7.364676 -0.563885
v -0.361385 7.092781 -0.208577
v 1.026285 6.561742 -0.181054
v -0.024019 6.289846 0.174255
v 0.093896 7.395021 -0.465518
v 0.220217 6.503967 -0.773973
v 0.444682 7.150555 0.384343
v 0.571004 6.259501 0.075888
v -0.336210 7.204332 -0.694141
v 0.481178 6.928958 0.107805
v -1.003732 6.690967 -0.190044
v -0.186344 6.415594 0.611901
v -0.785818 7.349843 -0.185909
v 0.031570 7.074470 0.616037
v -0.554125 6.545455 -0.698277
v 0.263263 6.270082 0.103669
v -0.425110 7.378751 0.321179
v -0.733287 6.446959 0.315330
v 0.210732 7.172966 -0.397571
v -0.097445 6.241175 -0.403419
v -0.505545 7.169242 0.602367
v 0.411221 6.893215 0.022456
v -0.331376 6.479686 1.205924
v 0.585392 6.203658 0.626013
v -0.165421 7.116743 1.165049
v 0.751345 6.840714 0.585138
v -0.671499 6.532186 0.643242
v 0.245267 6.256159 0.063330
v 0.397774 7.099793 0.983164
v 0.163080 6.198860 1.040969
v -0.083234 7.174041 0.187411
v -0.317929 6.273107 0.245217
v -0.200695 7.577686 -0.456709
v 0.797898 7.072629 -0.167831
v -0.614192 7.211374 0.332227
v 0.384401 6.706317 0.621105
v -0.280841 7.787040 0.186361
v 0.717753 7.281984 0.475240
v -0.534047 7.002019 -0.310843
v 0.464547 6.496962 -0.021965
v 0.270896 7.697095 0.433775
v -0.200533 6.882979 0.640060
v 0.384239 7.401023 -0.475664
v -0.087190 6.586907 -0.269379
v 0.431984 7.550998 0.401733
v -0.311469 7.176735 -0.353650
v 1.082575 6.979606 0.044519
v 0.339122 6.605343 -0.710864
v 0.889808 7.602050 -0.074156
v 0.146355 7.227787 -0.829538
v 0.624750 6.928553 0.520408
v -0.118702 6.554290 -0.234976
v 0.572977 7.554405 -0.574985
v 0.845590 6.674136 -0.407154
v -0.074485 7.482205 0.098023
v 0.198129 6.601936 0.265854
v 2.091834 3.607476 0.834475
v 1.963682 2.953649 -0.124367
v 1.643855 2.922897 1.361158
v 1.515704 2.269070 0.402317
v 2.296400 3.052341 1.185676
v 2.168249 2.398515 0.226835
v 1.439289 3.478031 1.009957
v 1.311138 2.824205 0.051116
v 2.409838 2.637266 0.742649
v 1.487000 2.454203 0.990817
v 2.120538 3.422344 0.245975
v 1.197700 3.239281 0.494143
v 1.114610 3.536085 -1.941728
v 0.694173 2.443774 -1.921961
v 1.582693 3.371114 -1.101918
v 1.162256 2.278803 -1.082151
v 1.739082 3.298832 -1.769838
v 1.318644 2.206521 -1.750071
v 0.958223 3.608366 -1.273808
v 0.537784 2.516056 -1.254040
v 1.690583 2.688570 -1.862686
v 1.469418 2.790792 -0.918104
v 0.807448 3.024096 -2.105775
v 0.586282 3.126317 -1.161193
v -1.495798 3.770097 -1.436640
v -1.541584 2.598795 -1.192757
v -0.519002 3.692745 -1.624759
v -0.564788 2.521443 -1.380875
v -1.107296 3.635534 -2.009973
v -1.153082 2.464231 -1.766089
v -0.907505 3.827309 -1.051427
v -0.953291 2.656006 -0.807543
v -1.171567 3.010164 -2.086552
v -0.339593 3.091074 -1.541778
v -1.720993 3.200466 -1.275737
v -0.889020 3.281375 -0.730964
v -1.782611 3.788832 1.363337
v -1.406525 2.718073 1.541721
v -1.894892 3.594353 0.432698
v -1.518806 2.523596 0.611082
v -2.287553 3.547979 0.982175
v -1.911467 2.477221 1.160560
v -1.389951 3.835206 0.813858
v -1.013865 2.764447 0.992243
v -2.285409 2.953114 1.106228
v -1.730103 3.018696 0.329148
v -1.571314 3.293729 1.645270
v -1.016009 3.359313 0.868191
v 1.832864 4.365165 -1.139604
v 1.523722 3.253726 -1.392845
v 1.870602 4.136702 -0.182982
v 1.561460 3.025263 -0.436222
v 2.326326 4.129785 -0.708948
v 2.017184 3.018347 -0.962189
v 1.377140 4.372081 -0.613637
v 1.067998 3.260642 -0.866878
v 2.368339 3.523885 -0.855308
v 1.723847 3.533666 -0.111479
v 1.670477 3.856762 -1.464348
v 1.025986 3.866543 -0.720518
v -2.182549 4.383920 0.520180
v -1.872284 3.388998 0.994213
v -2.014407 4.023206 -0.346953
v -1.704142 3.028284 0.127080
v -2.549916 4.051261 0.062432
v -2.239651 3.056340 0.536466
v -1.647040 4.355865 0.110795
v -1.336775 3.360943 0.584828
v -2.581775 3.490715 0.289433
v -1.824451 3.451039 -0.289526
v -2.062239 3.961165 0.936786
v -1.304916 3.921489 0.357827
v 1.447501 4.342612 1.739943
v 1.710127 3.273422 1.330565
v 0.536541 4.043437 1.936905
v 0.799169 2.974246 1.527528
v 1.133797 4.056300 2.286467
v 1.396424 2.987109 1.877090
v 0.850245 4.329749 1.390381
v 1.112872 3.260559 0.981004
v 1.323836 3.465071 2.267364
v 0.479189 3.446881 1.773009
v 1.767480 3.869977 1.494462
v 0.922833 3.851787 1.000107
v -0.585968 4.860323 -2.042632
v -1.258515 4.026011 -1.545189
v 0.171335 4.231894 -2.072754
v -0.501212 3.397582 -1.575311
v -0.350249 4.395255 -2.503953
v -1.022796 3.560941 -2.006510
v -0.064384 4.696963 -1.611434
v -0.736931 3.862651 -1.113990
v -0.745727 3.915611 -2.440078
v -0.008096 3.684587 -1.830271
v -1.079085 4.573319 -1.787672
v -0.341453 4.342293 -1.177865
v -1.311051 4.948195 1.425619
v -0.472424 4.194597 1.751393
v -1.723651 4.251776 0.876763
v -0.885024 3.498177 1.202537
v -1.790226 4.461152 1.532484
v -0.951600 3.707553 1.858259
v -1.244475 4.738820 0.769897
v -0.405849 3.985221 1.095672
v -1.483942 4.026846 1.853308
v -1.389790 3.730743 0.925978
v -0.806285 4.715630 1.702178
v -0.712133 4.419527 0.774848
v 2.103477 5.224548 -0.087827
v 2.151872 4.065748 0.094289
v 1.381972 5.297622 0.568876
v 1.430366 4.138823 0.750991
v 2.072486 5.330580 0.595094
v 2.120881 4.171781 0.777209
v 1.412963 5.191589 -0.114044
v 1.461357 4.032790 0.068070
v 2.233275 4.779966 0.833019
v 1.256740 4.733356 0.795940
v 2.277103 4.630014 -0.132776
v 1.300568 4.583404 -0.169855
v -1.832296 5.541594 0.098012
v -1.674198 4.595030 0.759277
v -1.658339 5.014088 -0.698672
v -1.500242 4.067524 -0.037407
v -2.218501 5.174453 -0.335193
v -2.060403 4.227889 0.326072
v -1.272135 5.381229 -0.265466
v -1.114037 4.434666 0.395799
v -2.335451 4.658346 -0.019002
v -1.543262 4.431556 -0.533038
v -1.789275 5.177562 0.593644
v -0.997087 4.950772 0.079608
v 0.147656 5.554682 1.891860
v 0.948398 4.762062 1.576479
v -0.545391 4.869993 1.853002
v 0.255351 4.077374 1.537621
v -0.119749 5.105633 2.341483
v 0.680994 4.313014 2.026103
v -0.277987 5.319043 1.403378
v 0.522755 4.526423 1.087997
v 0.313395 4.665125 2.378081
v -0.288555 4.331879 1.687264
v 0.691563 5.300177 1.742216
v 0.089612 4.966931 1.051400
v 1.523826 5.654093 -1.184919
v 0.897956 4.806575 -1.650120
v 1.878234 5.038239 -0.539753
v 1.252364 4.190722 -1.004954
v 2.062794 5.242441 -1.160074
v 1.436923 4.394924 -1.625276
v 1.339267 5.449891 -0.564597
v 0.713396 4.602374 -1.029799
v 1.899706 4.775718 -1.516002
v 1.638698 4.486933 -0.638735
v 1.137491 5.357881 -1.551138
v 0.876484 5.069097 -0.673871
v -1.041299 6.258916 1.229215
v -0.978039 5.146651 1.501181
v -1.308840 6.026678 0.341660
v -1.245580 4.914412 0.613627
v -1.633029 6.150042 0.921587
v -1.569769 5.037776 1.193555
v -0.717110 6.135552 0.649287
v -0.653850 5.023287 0.921254
v -1.791093 5.596910 1.113966
v -1.332619 5.422448 0.293825
v -0.954259 5.750882 1.549016
v -0.495787 5.576420 0.728875
v 1.547409 5.971138 0.517540
v 1.670592 5.091061 -0.285287
v 1.234494 5.308932 1.195455
v 1.357677 4.428854 0.392627
v 1.862001 5.570016 1.005530
v 1.985184 4.689938 0.202703
v 0.919903 5.710055 0.707465
v 1.043086 4.829976 -0.095362
v 2.118707 5.100975 0.665847
v 1.231279 4.731745 0.934441
v 1.673808 5.668248 -0.024275
v 0.786379 5.299018 0.244320
v -1.034179 6.118075 -1.093487
v -1.232618 4.981279 -1.200073
v -0.085986 5.961495 -1.188797
v -0.284425 4.824699 -1.295384
v -0.599629 6.091548 -1.619602
v -0.798067 4.954752 -1.726188
v -0.520537 5.988022 -0.662682
v -0.718976 4.851225 -0.769267
v -0.715228 5.544592 -1.871080
v 0.011172 5.360669 -1.261830
v -1.329776 5.582107 -1.127040
v -0.603375 5.398183 -0.517790
v 0.269841 6.754649 1.193360
v 0.869677 5.778244 1.263811
v -0.545453 6.253992 1.196194
v 0.054383 5.277588 1.266644
v -0.151961 6.530075 1.672248
v 0.447874 5.553671 1.742698
v -0.123650 6.478566 0.717305
v 0.476186 5.502163 0.787756
v 0.142093 6.052540 1.905248
v -0.414388 5.662102 1.232005
v 0.738612 6.370136 1.227999
v 0.182131 5.979696 0.554756
v 0.568517 6.734990 -0.977835
v 0.842051 5.659211 -1.286469
v 0.844386 6.546882 -0.077667
v 1.117921 5.471104 -0.386302
v 1.151908 6.784745 -0.634217
v 1.425443 5.708967 -0.942851
v 0.260995 6.497127 -0.421286
v 0.534529 5.421349 -0.729920
v 1.473189 6.306422 -0.832633
v 1.038289 5.970034 -0.045554
v 0.648149 6.236059 -1.318583
v 0.213247 5.899670 -0.531503
v -0.959742 6.818001 -0.278848
v -1.401958 5.774688 -0.032732
v -0.425134 6.425604 -0.981691
v -0.867350 5.382292 -0.735576
v -1.050266 6.699086 -0.945593
v -1.492482 5.655774 -0.699478
v -0.334610 6.544519 -0.314945
v -0.776826 5.501207 -0.068830
v -1.419591 6.209441 -0.953148
v -0.535521 5.822679 -1.004198
v -1.291571 6.377613 -0.010227
v -0.407501 5.990850 -0.061277
v 0.969411 7.184665 0.219061
v 1.418854 6.159159 0.085114
v 0.400712 6.848155 0.887194
v 0.850155 5.822649 0.753247
v 1.008853 7.115782 0.878779
v 1.458296 6.090275 0.744832
v 0.361270 6.917039 0.227476
v 0.810714 5.891533 0.093528
v 1.367694 6.644189 0.946695
v 0.507653 6.265709 0.958595
v 1.311914 6.741605 0.013712
v 0.451873 6.363126 0.025612
v -0.220247 7.178558 -0.833478
v -1.021653 6.403796 -0.486347
v 0.277669 6.467025 -1.272035
v -0.523736 5.692264 -0.924903
v -0.222588 6.899289 -1.462183
v -1.023994 6.124527 -1.115051
v 0.280011 6.746294 -0.643330
v -0.521395 5.971532 -0.296199
v -0.727383 6.543594 -1.458207
v -0.019912 5.932280 -1.189297
v -0.724072 6.938541 -0.569084
v -0.016601 6.327227 -0.300174
v -0.623310 7.120131 0.531207
v -0.092314 6.331073 1.161936
v -1.195703 6.449705 0.174372
v -0.664707 5.660647 0.805101
v -1.218132 6.860076 0.706640
v -0.687136 6.071018 1.337369
v -0.600881 6.709757 -0.001061
v -0.069885 5.920700 0.629668
v -1.080471 6.496680 1.168574
v -1.048751 5.916326 0.415834
v -0.239266 6.864452 0.920474
v -0.207546 6.284098 0.167733
v -0.121544 7.512100 -0.622103
v -0.941203 6.676333 -0.509885
v 0.481408 6.864257 -1.042963
v -0.338251 6.028491 -0.930745
v -0.000530 7.306079 -1.272563
v -0.820189 6.470313 -1.160345
v 0.360394 7.070277 -0.392503
v -0.459265 6.234511 -0.280285
v -0.485109 6.937032 -1.398721
v 0.196455 6.312201 -1.074017
v -0.656249 7.228388 -0.478831
v 0.025314 6.603558 -0.154128
v 0.302040 7.512304 0.528434
v 0.918827 6.566858 0.771190
v -0.507951 7.038545 0.741315
v 0.108836 6.093098 0.984071
v -0.065603 7.417431 1.093025
v 0.551184 6.471983 1.335782
v -0.140308 7.133420 0.176723
v 0.476479 6.187973 0.419480
v 0.258263 7.003527 1.404176
v -0.367313 6.467704 0.906781
v 0.778189 7.137700 0.605723
v 0.152613 6.601876 0.108329
v 2.324451 3.891010 0.508705
v 1.437049 3.789672 1.024490
v 1.886506 4.016181 -0.220181
v 0.999104 3.914843 0.295603
v 2.100969 4.376661 0.219624
v 1.213567 4.275323 0.735409
v 2.109988 3.530529 0.068900
v 1.222586 3.429191 0.584684
v 1.655400 4.501232 0.508733
v 1.352104 3.991436 -0.113247
v 1.971451 3.814416 0.917555
v 1.668156 3.304619 0.295575
v 0.848963 3.846075 -2.384897
v 1.343791 3.341841 -1.686915
v 0.395135 4.212988 -1.798097
v 0.889963 3.708755 -1.100114
v 0.899953 4.335199 -2.067695
v 1.394781 3.830965 -1.369713
v 0.344145 3.723863 -2.115299
v 0.838973 3.219630 -1.417316
v 1.262480 4.209694 -1.708845
v 0.548558 4.036862 -1.327575
v 1.190368 3.517967 -2.157437
v 0.476447 3.345134 -1.776166
v -2.106573 4.070032 -1.298814
v -1.374881 3.491899 -1.646109
v -1.570377 4.440738 -0.786245
v -0.838686 3.862606 -1.133541
v -1.754268 4.537397 -1.334579
v -1.022576 3.959265 -1.681873
v -1.922682 3.973373 -0.750482
v -1.190991 3.395240 -1.097777
v -1.353543 4.365144 -1.629196
v -1.093482 4.228447 -0.853736
v -1.851776 3.704190 -1.578618
v -1.591716 3.567493 -0.803159
v -1.573888 4.097985 1.949018
v -1.701132 3.858165 0.985495
v -0.774799 4.283313 1.797360
v -0.902043 4.043494 0.833838
v -1.281702 4.584858 1.789249
v -1.408946 4.345038 0.825726
v -1.066985 3.796441 1.957129
v -1.194230 3.556621 0.993607
v -1.389793 4.628235 1.272718
v -0.672925 4.201787 1.284190
v -1.803006 3.939692 1.498665
v -1.086138 3.513244 1.510137
v 1.776680 4.641723 -1.538713
v 1.709860 4.432673 -0.538980
v 0.931865 4.754540 -1.571589
v 0.865044 4.545490 -0.571856
v 1.406012 5.111788 -1.465195
v 1.339191 4.902738 -0.465462
v 1.302534 4.284474 -1.645107
v 1.235713 4.075424 -0.645374
v 1.394033 5.178605 -0.928067
v 0.723487 4.673380 -1.078531
v 1.918238 4.513834 -1.032038
v 1.247693 4.008607 -1.182502
v -2.162510 4.641492 0.913631
v -1.730587 4.485092 -0.014109
v -1.378509 4.694622 1.269678
v -0.946586 4.538220 0.341937
v -1.767420 5.093627 1.021349
v -1.335497 4.937226 0.093608
v -1.773599 4.242486 1.161959
v -1.341676 4.086086 0.234220
v -1.550179 5.191704 0.528357
v -1.000175 4.627424 0.879547
v -2.108921 4.552288 0.376021
v -1.558916 3.988009 0.727211
v 1.898952 4.666183 1.601951
v 0.974600 4.298937 1.780771
v 1.663574 4.878755 0.821806
v 0.739222 4.511509 1.000626
v 1.658317 5.150083 1.351864
v 0.733965 4.782838 1.530684
v 1.904208 4.394855 1.071893
v 0.979857 4.027609 1.250713
v 1.145216 5.122873 1.499258
v 1.152650 4.739157 0.749642
v 1.485524 4.438535 1.852934
v 1.492958 4.054819 1.103319
v -1.013446 5.241323 -2.063248
v -0.113980 4.817945 -1.905919
v -1.068907 5.426764 -1.247138
v -0.169441 5.003386 -1.089809
v -0.855038 5.703041 -1.726388
v 0.044429 5.279663 -1.569059
v -1.227317 4.965047 -1.583997
v -0.327850 4.541669 -1.426668
v -0.328203 5.644196 -1.677214
v -0.630662 5.253481 -0.999451
v -0.552227 4.991229 -2.153605
v -0.854684 4.600515 -1.475843
v -1.155128 5.367229 1.721503
v -1.557259 4.678621 1.071727
v -0.602305 5.616189 1.115535
v -1.004438 4.927583 0.465759
v -1.160177 5.784760 1.282144
v -1.562309 5.096155 0.632368
v -0.597256 5.198658 1.554894
v -0.999388 4.510049 0.905118
v -1.477828 5.561845 0.900767
v -0.688879 5.323447 0.665147
v -1.470686 4.971364 1.522115
v -0.681737 4.732967 1.286495
v 2.308297 5.488258 -0.139508
v 1.824864 5.034582 0.651922
v 1.548576 5.661950 -0.504004
v 1.065145 5.208274 0.287427
v 1.914926 5.951632 -0.114169
v 1.431493 5.497958 0.677262
v 1.941948 5.198573 -0.529343
v 1.458516 4.744897 0.262087
v 1.667613 5.880758 0.367532
v 1.149517 5.471084 -0.183778
v 2.223924 5.225447 0.331697
v 1.705829 4.815771 -0.219614
v -1.924457 5.932275 0.141822
v -1.607702 5.324551 -0.635621
v -1.102146 6.098557 0.346874
v -0.785391 5.490833 -0.430568
v -1.515550 6.355182 -0.022162
v -1.198795 5.747457 -0.799604
v -1.511053 5.675653 0.510858
v -1.194298 5.067927 -0.266585
v -1.358104 6.192054 -0.521275
v -0.773463 5.829133 0.000621
v -1.936385 5.593976 -0.289367
v -1.351745 5.231055 0.232529
v 0.153167 5.990785 2.030441
v -0.423210 5.150852 1.939130
v -0.006393 6.188715 1.216943
v -0.582770 5.348782 1.125633
v -0.269488 6.311852 1.744983
v -0.845865 5.471919 1.653672
v 0.416262 5.867649 1.502402
v -0.160115 5.027716 1.411091
v -0.699700 5.983881 1.749568
v -0.327628 5.809741 1.002807
v -0.101975 5.529827 2.153266
v 0.270097 5.355686 1.406506
v 1.544716 6.096794 -1.243580
v 1.620075 5.627723 -0.339486
v 0.703935 6.171614 -1.134681
v 0.779293 5.702544 -0.230586
v 1.182450 6.510360 -0.998814
v 1.257809 6.041288 -0.094720
v 1.066201 5.758049 -1.379447
v 1.141560 5.288977 -0.475353
v 1.244205 6.431633 -0.467934
v 0.567482 5.952574 -0.660079
v 1.756526 5.846761 -0.814088
v 1.079805 5.367704 -1.006232
v -0.997663 6.658469 1.335126
v -0.905875 6.423003 0.362794
v -0.203030 6.429475 1.465594
v -0.111242 6.194007 0.493261
v -0.474242 6.934473 1.317698
v -0.382453 6.699007 0.345365
v -0.726451 6.153472 1.483022
v -0.634664 5.918006 0.510690
v -0.376113 6.978490 0.797292
v 0.007438 6.264315 1.006449
v -1.116344 6.588163 0.821939
v -0.732792 5.873988 1.031096
v 1.671583 6.429581 0.517148
v 1.144868 5.798869 1.122152
v 0.983346 6.536341 0.029268
v 0.456632 5.905630 0.634271
v 1.208336 6.812904 0.513458
v 0.681621 6.182191 1.118461
v 1.446593 6.153018 0.032958
v 0.919878 5.522308 0.637961
v 0.895634 6.634215 0.915475
v 0.577451 6.243096 0.230726
v 1.550764 6.092115 0.920693
v 1.232581 5.700998 0.235945
v -1.122955 6.462718 -1.143211
v -0.347048 5.871909 -1.415143
v -0.800425 6.528749 -0.366395
v -0.024518 5.937941 -0.638327
v -0.743902 6.836715 -0.874211
v 0.032004 6.245905 -1.146144
v -1.179478 6.154753 -0.635395
v -0.403571 5.563946 -0.907326
v -0.265739 6.682548 -1.059638
v -0.345673 6.247021 -0.341477
v -0.801800 6.153637 -1.440060
v -0.881735 5.718112 -0.721899
v 0.300488 7.078790 1.238305
v -0.488547 6.540025 0.967081
v 0.612351 7.006270 0.475097
v -0.176684 6.467507 0.203873
v 0.259316 7.388279 0.743307
v -0.529719 6.849516 0.472083
v 0.653524 6.696780 0.970095
v -0.135511 6.158016 0.698871
v -0.216845 7.262112 0.560726
v 0.282423 6.721869 0.181419
v -0.158619 6.824428 1.260759
v 0.340649 6.284184 0.881452
v 0.585233 6.960277 -1.069461
v 1.115366 6.351084 -0.440983
v -0.087520 6.913249 -0.547567
v 0.442613 6.304056 0.080912
v 0.389762 7.278542 -0.596080
v 0.919895 6.669348 0.032398
v 0.107951 6.594985 -1.020948
v 0.638084 5.985791 -0.392469
v 0.713194 7.115515 -0.193847
v 0.038215 6.598913 -0.125240
v 0.989631 6.665421 -0.863310
v 0.314652 6.148819 -0.794702
v -1.063220 7.045434 -0.315770
v -1.001276 6.200644 -0.867471
v -0.226652 7.042188 -0.216875
v -0.164708 6.197400 -0.768575
v -0.602726 7.275124 -0.615781
v -0.540783 6.430336 -1.167482
v -0.687145 6.812496 0.083137
v -0.625201 5.967708 -0.468564
v -0.554271 6.948543 -1.036382
v -0.022421 6.619122 -0.472243
v -1.205507 6.623710 -0.612103
v -0.673656 6.294289 -0.047964
v 0.952910 7.446315 0.179137
v 0.250334 6.977886 0.657256
v 0.618966 7.228958 -0.524533
v -0.083610 6.760529 -0.046414
v 0.562550 7.674643 -0.170781
v -0.140026 7.206213 0.307337
v 1.009326 7.000631 -0.174614
v 0.306750 6.532202 0.303504
v 0.118732 7.580020 0.069071
v 0.198516 6.949728 -0.431208
v 0.670784 7.257117 0.563931
v 0.750568 6.626824 0.063651
v -0.163290 7.469620 -0.814379
v 0.578242 6.838721 -0.765387
v -0.312203 7.355977 -0.023909
v 0.429329 6.725078 0.025082
v 0.015188 7.717185 -0.327734
v 0.756720 7.086286 -0.278743
v -0.490681 7.108412 -0.510555
v 0.250851 6.477512 -0.461563
v 0.490723 7.527817 -0.265375
v 0.027722 7.016991 0.164298
v 0.238317 7.177707 -0.953595
v -0.224684 6.666881 -0.523922
v -0.545902 7.372565 0.462927
v -0.469586 6.874131 -0.383408
v 0.207983 7.126804 0.675643
v 0.284299 6.628370 -0.170693
v -0.009584 7.581749 0.388093
v 0.066731 7.083314 -0.458242
v -0.328334 6.917622 0.750477
v -0.252019 6.419188 -0.095858
v 0.094589 7.470077 -0.110128
v 0.402276 6.826689 0.296530
v -0.663879 7.174247 -0.004296
v -0.356192 6.530858 0.402361
v -0.070257 7.733982 -0.546296
v 0.679321 7.109798 -0.476334
v -0.306130 7.535273 0.208039
v 0.443448 6.911090 0.278001
v 0.045430 7.932159 -0.017700
v 0.795009 7.307976 0.052262
v -0.421817 7.337095 -0.320558
v 0.327760 6.712913 -0.250595
v 0.516990 7.743310 0.080005
v 0.019807 7.182027 0.399248
v 0.353383 7.463044 -0.667544
v -0.143799 6.901762 -0.348300
v 0.260314 7.707547 0.464292
v -0.479822 7.113396 0.444510
v 0.457776 7.485986 -0.269027
v -0.282360 6.891835 -0.288810
v 0.131872 7.884691 -0.050531
v -0.608264 7.290539 -0.070312
v 0.586219 7.308844 0.245795
v -0.153917 6.714692 0.226013
v -0.332294 7.706877 -0.121793
v 0.128604 7.143023 -0.430794
v -0.150649 7.456359 0.606277
v 0.310249 6.892506 0.297275
v 2.395400 3.761091 0.435627
v 1.728088 3.735965 -0.362257
v 2.374443 2.895453 0.480415
v 1.707131 2.870327 -0.317470
v 2.717373 3.305874 0.180680
v 2.050061 3.280747 -0.617205
v 2.052470 3.350671 0.735362
v 1.385159 3.325543 -0.062522
v 2.521423 3.284033 -0.333140
v 2.036446 2.703611 0.090749
v 2.066084 3.927808 0.027409
v 1.581107 3.347385 0.451299
v 0.700571 3.707596 -2.437463
v -0.149324 3.632667 -1.876619
v 0.795721 2.862663 -2.406156
v -0.054174 2.787735 -1.845312
v 0.517235 3.245967 -2.776962
v -0.332660 3.171039 -2.216117
v 0.979057 3.324291 -2.066658
v 0.129163 3.249363 -1.505814
v -0.003360 3.192281 -2.643648
v 0.390479 2.650208 -2.119251
v 0.255918 3.845123 -2.163524
v 0.649757 3.303049 -1.639128
v -2.136993 3.876835 -1.217610
v -2.059137 3.299325 -0.355649
v -1.721437 3.262522 -1.666730
v -1.643582 2.685013 -0.804769
v -2.308319 3.380743 -1.534514
v -2.230464 2.803234 -0.672553
v -1.550111 3.758614 -1.349827
v -1.472255 3.181104 -0.487866
v -2.426422 3.013728 -1.141783
v -1.596445 2.846540 -1.328766
v -2.184129 3.715308 -0.693614
v -1.354154 3.548119 -0.880596
v -1.578597 3.894128 2.006513
v -0.843930 3.179924 2.068462
v -1.982954 3.426879 1.415005
v -1.248287 2.712676 1.476954
v -2.000654 3.461029 2.018640
v -1.265988 2.746826 2.080589
v -1.560896 3.859977 1.402879
v -0.826230 3.145773 1.464827
v -1.724398 3.021302 2.177142
v -1.699366 2.973006 1.323474
v -1.127518 3.633796 2.159993
v -1.102486 3.585500 1.306325
v 1.833389 4.468756 -1.620035
v 1.134221 3.741102 -1.837583
v 2.146220 3.978626 -0.986047
v 1.447052 3.250973 -1.203596
v 2.264894 4.041957 -1.579276
v 1.565726 3.314303 -1.796825
v 1.714715 4.405426 -1.026806
v 1.015548 3.677772 -1.244355
v 2.029256 3.602853 -1.802471
v 1.861425 3.513291 -0.963518
v 1.419017 4.206438 -1.860112
v 1.251185 4.116876 -1.021160
v -2.245749 4.570999 1.077370
v -1.343623 4.304940 1.414803
v -2.403493 3.778927 0.874570
v -1.501367 3.512869 1.212003
v -2.485357 4.110052 1.354517
v -1.583230 3.843994 1.691950
v -2.163885 4.239874 0.597423
v -1.261759 3.973815 0.934856
v -2.100873 3.950136 1.680032
v -1.985100 3.481854 1.001285
v -1.762016 4.602014 1.288088
v -1.646243 4.133732 0.609341
v 2.056391 4.600485 1.516119
v 1.726015 4.553829 0.571622
v 2.163526 3.772646 1.519538
v 1.833150 3.725990 0.575040
v 2.500322 4.236510 1.378816
v 2.169945 4.189855 0.434318
v 1.719596 4.136621 1.656841
v 1.389220 4.089966 0.712343
v 2.496827 4.233870 0.848986
v 2.020526 3.577868 1.047997
v 1.869015 4.748608 1.043162
v 1.392715 4.092605 1.242173
v -1.141263 5.076795 -2.063410
v -1.502131 4.682234 -1.180663
v -0.851744 4.299953 -2.292279
v -1.212612 3.905393 -1.409531
v -1.372478 4.604570 -2.369002
v -1.733347 4.210010 -1.486254
v -0.620528 4.772178 -1.986688
v -0.981396 4.377617 -1.103941
v -1.708647 4.372577 -2.006807
v -0.972217 3.941783 -1.898305
v -1.381658 5.040404 -1.574636
v -0.645228 4.609610 -1.466134
v -1.101326 5.221851 1.852934
v -0.242304 4.632892 1.864661
v -1.563412 4.542315 1.573419
v -0.704390 3.953354 1.585146
v -1.415219 4.769424 2.124029
v -0.556197 4.180463 2.135756
v -1.249519 4.994742 1.302324
v -0.390498 4.405782 1.314051
v -1.020026 4.428278 2.300073
v -1.229602 4.107097 1.521392
v -0.576114 5.068108 1.916688
v -0.785691 4.746927 1.138008
v 2.410058 5.331679 -0.187808
v 2.108631 4.512186 -0.754600
v 2.275673 4.878153 0.539386
v 1.974245 4.058660 -0.027406
v 2.752560 4.963050 0.163024
v 2.451134 4.143557 -0.403768
v 1.933170 5.246781 0.188555
v 1.631743 4.427288 -0.378238
v 2.771548 4.494541 -0.125660
v 2.097127 4.374478 0.406597
v 2.287176 5.015860 -0.621811
v 1.612755 4.895798 -0.089554
v -2.056829 5.882833 0.284320
v -1.578019 5.274398 0.932206
v -2.181012 5.232452 -0.234685
v -1.702201 4.624015 0.413201
v -2.484008 5.474414 0.216469
v -2.005198 4.865978 0.864355
v -1.753834 5.640872 -0.166834
v -1.275024 5.032436 0.481052
v -2.395828 5.135721 0.619797
v -1.967326 4.793535 -0.018232
v -1.791706 5.713315 0.715753
v -1.363204 5.371128 0.077724
v 0.374052 6.037103 2.071586
v 0.872014 5.766799 1.256319
v 0.349159 5.247726 2.318101
v 0.847121 4.977423 1.502834
v 0.719267 5.694016 2.396194
v 1.217229 5.423712 1.580927
v 0.003943 5.590815 1.993494
v 0.501905 5.320511 1.178226
v 1.116397 5.580238 2.071962
v 0.592984 4.949090 1.961522
v 0.628188 6.065438 1.612897
v 0.104775 5.434289 1.502457
v 1.522585 6.016355 -1.425220
v 0.568050 5.672371 -1.481038
v 1.810334 5.220059 -1.438681
v 0.855798 4.876073 -1.494500
v 1.686052 5.632434 -1.854657
v 0.731516 5.288447 -1.910476
v 1.646867 5.603983 -1.009243
v 0.692332 5.259996 -1.065062
v 1.216900 5.466333 -2.057657
v 1.392661 4.883148 -1.469377
v 0.985723 6.009281 -1.450341
v 1.161484 5.426097 -0.862061
v -1.006574 6.488285 1.476590
v -0.104646 5.996198 1.496039
v -1.415976 5.736730 1.446810
v -0.514048 5.244643 1.466258
v -1.225518 6.103312 1.889538
v -0.323589 5.611227 1.908988
v -1.197032 6.121701 1.033861
v -0.295105 5.629616 1.053310
v -0.780452 5.853459 2.076480
v -1.049801 5.335033 1.450366
v -0.470820 6.397894 1.492482
v -0.740169 5.879466 0.866369
v 1.761879 6.312190 0.357658
v 1.072183 6.101708 -0.399119
v 2.048504 5.490243 0.325048
v 1.358808 5.279762 -0.431729
v 2.199440 6.015727 0.041338
v 1.509744 5.805245 -0.715439
v 1.610943 5.786704 0.641368
v 0.921248 5.576225 -0.115409
v 1.976473 5.957919 -0.461320
v 1.763017 5.214772 -0.060095
v 1.357670 6.377180 -0.013976
v 1.144214 5.634033 0.387249
v -1.293061 6.363387 -1.055927
v -1.125070 6.061993 -0.088351
v -1.505673 5.561916 -1.268668
v -1.337682 5.260521 -0.301092
v -1.808029 6.045384 -1.065573
v -1.640038 5.743992 -0.097998
v -0.990706 5.879917 -1.259021
v -0.822713 5.578523 -0.291446
v -1.893308 5.928957 -0.541722
v -1.465710 5.245228 -0.828940
v -1.165032 6.378680 -0.528079
v -0.737436 5.694951 -0.815297
v 0.505617 6.993245 1.299137
v 1.003423 6.495681 0.590432
v 0.375538 6.280213 1.708367
v 0.873343 5.782650 0.999663
v 0.795470 6.692559 1.713837
v 1.293276 6.194996 1.005132
v 0.085685 6.580899 1.293667
v 0.583490 6.083335 0.584963
v 1.191374 6.466903 1.446504
v 0.597500 5.883757 1.438771
v 0.781460 6.892137 0.860029
v 0.187586 6.308990 0.852296
v 0.592913 6.879313 -1.270850
v 0.151013 6.007449 -1.507851
v 1.204862 6.462404 -0.878168
v 0.762962 5.590542 -1.115169
v 1.118207 6.656693 -1.431331
v 0.676307 5.784830 -1.668333
v 0.679569 6.685023 -0.717686
v 0.237668 5.813159 -0.954688
v 0.988101 6.214895 -1.697632
v 1.110652 5.940127 -0.915341
v 0.245224 6.529725 -1.470677
v 0.367773 6.254958 -0.688387
v -1.242923 7.028231 -0.158773
v -1.248203 6.248187 0.422824
v -1.203074 6.543972 -0.807905
v -1.208354 5.763927 -0.226309
v -1.627925 6.775955 -0.500626
v -1.633205 5.995908 0.080970
v -0.818073 6.796251 -0.466052
v -0.823352 6.016204 0.115544
v -1.798290 6.381728 -0.216988
v -1.197462 6.053657 -0.651547
v -1.253815 6.738502 0.266465
v -0.652987 6.410431 -0.168094
v 1.092510 7.420540 -0.012483
v 0.544559 6.936921 -0.614106
v 1.529963 6.775218 0.107836
v 0.982011 6.291598 -0.493787
v 1.547039 7.202066 -0.250842
v 0.999087 6.718448 -0.852465
v 1.075434 6.993691 0.346195
v 0.527483 6.510073 -0.255428
v 1.370736 7.003413 -0.675303
v 1.346587 6.399757 -0.168056
v 0.727934 7.312382 -0.338214
v 0.703787 6.708725 0.169034
v -0.424351 7.404842 -0.913067
v -0.924355 6.666049 -0.576961
v 0.047024 6.904604 -1.311398
v -0.452980 6.165812 -0.975292
v -0.431197 7.176088 -1.426073
v -0.931202 6.437296 -1.089967
v 0.053871 7.133357 -0.798393
v -0.446133 6.394566 -0.462287
v -0.781661 6.815542 -1.388017
v -0.105352 6.431605 -1.225842
v -0.771978 7.139049 -0.662517
v -0.095670 6.755112 -0.500342
v -0.559244 7.312726 0.713676
v 0.127895 6.680006 0.959412
v -1.099713 6.716750 0.690447
v -0.412574 6.084030 0.936183
v -0.912902 7.075229 1.091085
v -0.225763 6.442509 1.336821
v -0.746055 6.954248 0.313037
v -0.058917 6.321527 0.558773
v -0.603887 6.783925 1.375092
v -0.868078 6.276960 0.808503
v -0.103739 7.119797 0.841355
v -0.367931 6.612831 0.274766
v -0.310916 7.668485 -0.537413
v -0.603846 7.119927 0.261266
v -0.501815 7.025554 -1.049011
v -0.794745 6.476997 -0.250333
v -0.798635 7.496358 -0.834514
v -1.091565 6.947800 -0.035836
v -0.014096 7.197681 -0.751910
v -0.307026 6.649125 0.046769
v -1.107584 7.283937 -0.452282
v -0.687816 6.618122 -0.755627
v -0.417845 7.527360 -0.032117
v 0.001923 6.861545 -0.335463
v 0.504082 7.631064 0.417965
v 0.657266 7.066130 -0.392426
v 0.771935 7.008606 0.902520
v 0.925120 6.443672 0.092129
v 1.027223 7.465529 0.632249
v 1.180408 6.900595 -0.178142
v 0.248794 7.174141 0.688235
v 0.401980 6.609207 -0.122155
v 1.265034 7.243410 0.215458
v 0.904002 6.597224 0.597679
v 0.525200 7.477513 -0.087585
v 0.164169 6.831326 0.294636
v 2.400534 4.006246 1.161013
v 1.970657 3.282083 1.263358
v 1.791185 4.362821 1.124600
v 1.361309 3.638658 1.226945
v 2.101827 4.230516 1.493226
v 1.671950 3.506353 1.595571
v 2.089893 4.138550 0.792385
v 1.660015 3.414388 0.894731
v 1.889360 3.887481 1.689548
v 1.450047 4.074588 1.168231
v 2.311796 3.570315 1.219727
v 1.872483 3.757423 0.698410
v 1.473658 3.841409 -2.385190
v 1.355124 3.020915 -2.081810
v 1.633410 4.070031 -1.704461
v 1.514875 3.249538 -1.401081
v 1.909168 3.882568 -2.103717
v 1.790633 3.062074 -1.800336
v 1.197900 4.028873 -1.985935
v 1.079365 3.208380 -1.682554
v 1.997209 3.442019 -1.976420
v 1.607228 3.707134 -1.411788
v 1.381306 3.383813 -2.374484
v 0.991324 3.648928 -1.809852
v -1.770626 4.256835 -1.955715
v -1.145052 3.657519 -1.973975
v -1.410206 4.617466 -1.444374
v -0.784632 4.018151 -1.462634
v -1.417385 4.625527 -1.954861
v -0.791810 4.026211 -1.973121
v -1.763448 4.248774 -1.445227
v -1.137873 3.649459 -1.463487
v -1.032925 4.403897 -2.069540
v -1.022774 4.392498 -1.347602
v -1.532484 3.882488 -2.070748
v -1.522332 3.871088 -1.348809
v -2.241835 4.190104 1.683466
v -1.972798 3.394735 1.570519
v -2.239451 4.290154 0.984596
v -1.970414 3.494786 0.871649
v -2.575369 4.129321 1.317026
v -2.306332 3.333953 1.204080
v -1.905918 4.350936 1.351036
v -1.636880 3.555568 1.238090
v -2.579499 3.685739 1.253509
v -2.104439 3.913190 0.783382
v -2.107810 3.771699 1.771734
v -1.632751 3.999150 1.301606
v 2.291397 4.867809 -1.191064
v 2.171250 4.264030 -0.607547
v 1.698464 5.189645 -0.980139
v 1.578317 4.585865 -0.396622
v 2.180701 5.217738 -0.851777
v 2.060555 4.613958 -0.268260
v 1.809160 4.839717 -1.319425
v 1.689013 4.235938 -0.735908
v 2.197577 4.994139 -0.463166
v 1.515590 4.954409 -0.644696
v 2.354124 4.499266 -0.942989
v 1.672138 4.459537 -1.124519
v -2.607512 4.743141 0.560635
v -2.370416 3.904450 0.560666
v -2.282147 4.835099 -0.082165
v -2.045050 3.996408 -0.082135
v -2.754107 4.701681 0.070180
v -2.517011 3.862991 0.070210
v -2.135552 4.876558 0.408291
v -1.898456 4.037868 0.408321
v -2.763666 4.246118 0.000170
v -2.096214 4.434799 -0.215278
v -2.556350 4.304750 0.693779
v -1.888898 4.493431 0.478331
v 1.643079 4.819905 2.216400
v 1.377043 4.015092 2.116077
v 1.009217 5.056761 1.997161
v 0.743181 4.251947 1.896837
v 1.208869 4.935248 2.442523
v 0.942834 4.130435 2.342200
v 1.443426 4.941418 1.771038
v 1.177392 4.136604 1.670715
v 1.027273 4.531564 2.531430
v 0.744922 4.703408 1.901593
v 1.641338 4.368443 2.211645
v 1.358987 4.540289 1.581808
v -0.474858 5.388616 -2.427517
v 0.052708 4.702131 -2.217570
v -0.358862 5.683136 -1.755981
v 0.168703 4.996650 -1.546033
v -0.123424 5.721045 -2.223645
v 0.404142 5.034560 -2.013697
v -0.710297 5.350706 -1.959853
v -0.182731 4.664221 -1.749904
v 0.261905 5.454503 -2.173305
v -0.071056 5.400889 -1.511927
v -0.235099 4.984377 -2.461622
v -0.568059 4.930765 -1.800246
v -1.721270 5.646055 1.718259
v -1.715611 4.831318 1.497020
v -1.582831 5.827714 1.052815
v -1.577173 5.012980 0.831576
v -1.996940 5.752794 1.318129
v -1.991282 4.938058 1.096889
v -1.307161 5.720976 1.452944
v -1.301503 4.906240 1.231705
v -2.136968 5.352015 1.179589
v -1.551330 5.457971 0.804377
v -1.747112 5.201063 1.745457
v -1.161474 5.307018 1.370246
v 2.535974 5.686835 -0.036615
v 2.291465 4.945721 0.394687
v 1.850312 5.961040 0.045849
v 1.605802 5.219926 0.477151
v 2.293731 5.978460 0.327162
v 2.049221 5.237348 0.758464
v 2.092555 5.669415 -0.317928
v 1.848045 4.928300 0.113374
v 2.213141 5.671910 0.676416
v 1.586051 5.647274 0.278579
v 2.555726 5.259489 0.161958
v 1.928635 5.234852 -0.235879
v -2.321453 6.221289 0.192497
v -2.220006 5.381624 0.214547
v -1.909604 6.256049 -0.378700
v -1.808156 5.416384 -0.356651
v -2.398516 6.199057 -0.299554
v -2.297068 5.359392 -0.277505
v -1.832541 6.278280 0.113351
v -1.731093 5.438616 0.135401
v -2.465009 5.762816 -0.374045
v -1.773582 5.843415 -0.485975
v -2.356026 5.794256 0.321821
v -1.664600 5.874856 0.209892
v 0.082697 6.382782 2.237561
v -0.417155 5.734271 1.969937
v 0.200589 6.573350 1.555583
v -0.299264 5.924837 1.287959
v -0.144670 6.694243 1.907485
v -0.644523 6.045731 1.639861
v 0.427956 6.261889 1.885659
v -0.071897 5.613378 1.618035
v -0.513191 6.459531 1.778193
v -0.024921 6.288560 1.280529
v -0.191645 6.019059 2.244992
v 0.296625 5.848089 1.747327
v 1.784166 6.375253 -1.281318
v 1.877630 5.697153 -0.715550
v 1.150313 6.564649 -0.949606
v 1.243777 5.886548 -0.383838
v 1.654213 6.689314 -0.883431
v 1.747677 6.011214 -0.317663
v 1.280265 6.250587 -1.347494
v 1.373729 5.572487 -0.781725
v 1.778392 6.441127 -0.504436
v 1.065769 6.264824 -0.598023
v 1.962173 5.996977 -1.067134
v 1.249550 5.820672 -1.160719
v -1.285998 6.811281 1.539918
v -1.335905 5.954411 1.463471
v -1.274511 6.874422 0.824693
v -1.324417 6.017552 0.748246
v -1.638655 6.864073 1.178423
v -1.688562 6.007202 1.101975
v -0.921853 6.821630 1.186188
v -0.971760 5.964761 1.109741
v -1.812064 6.444427 1.138591
v -1.297085 6.459064 0.638341
v -1.313330 6.369769 1.649823
v -0.798352 6.384406 1.149574
v 1.935735 6.599176 0.624839
v 1.865790 5.727417 0.745447
v 1.240836 6.686116 0.850251
v 1.170891 5.814356 0.970858
v 1.705515 6.681183 1.084079
v 1.635570 5.809422 1.204686
v 1.471056 6.604110 0.391011
v 1.401111 5.732350 0.511618
v 1.719101 6.261265 1.287922
v 1.061945 6.268242 0.957238
v 2.044681 6.145290 0.638459
v 1.387526 6.152267 0.307776
v -1.219386 6.728598 -1.384139
v -0.823038 5.999039 -1.553865
v -0.727680 6.883439 -0.901471
v -0.331332 6.153880 -1.071199
v -0.781276 6.968130 -1.390669
v -0.384928 6.238572 -1.560396
v -1.165790 6.643907 -0.894941
v -0.769442 5.914349 -1.064669
v -0.503466 6.670500 -1.578200
v -0.427670 6.550729 -0.886372
v -1.123048 6.331751 -1.568965
v -1.047252 6.211978 -0.877136
v 0.301903 7.118147 1.517458
v 0.073471 6.257581 1.611492
v -0.148540 7.173000 0.925212
v -0.376973 6.312434 1.019246
v -0.205066 7.244781 1.444811
v -0.433499 6.384215 1.538846
v 0.358430 7.046366 0.997858
v 0.129997 6.185800 1.091893
v -0.435987 6.855592 1.584396
v -0.356046 6.754077 0.849570
v 0.280977 6.676502 1.687134
v 0.360917 6.574989 0.952308
v 0.761198 7.041649 -1.317118
v 0.966108 6.172209 -1.287255
v 0.802404 7.076874 -0.574294
v 1.007314 6.207434 -0.544431
v 1.143695 7.143726 -0.969786
v 1.348606 6.274285 -0.939924
v 0.419907 6.974797 -0.921624
v 0.624817 6.105358 -0.891762
v 1.396052 6.743992 -0.964830
v 0.913393 6.649449 -0.405518
v 0.855119 6.599634 -1.456030
v 0.372461 6.505090 -0.896719
v -1.450751 7.214543 -0.297535
v -1.466119 6.422163 -0.236429
v -0.963284 7.170668 -0.743878
v -0.978650 6.378289 -0.682772
v -1.431174 7.178183 -0.764098
v -1.446540 6.385804 -0.702992
v -0.982861 7.207027 -0.277315
v -0.998229 6.414649 -0.216209
v -1.531705 6.776019 -0.834361
v -0.870008 6.765391 -0.805766
v -1.559393 6.827440 -0.174541
v -0.897697 6.816813 -0.145946
v 1.204471 7.545624 0.385686
v 1.050335 6.827209 0.698362
v 0.559699 7.620096 0.238954
v 0.405564 6.901683 0.551630
v 0.830660 7.723257 0.609550
v 0.676525 7.004843 0.922226
v 0.933510 7.442463 0.015090
v 0.779375 6.724049 0.327766
v 0.732291 7.422204 0.889005
v 0.349095 7.276313 0.364902
v 1.260940 7.170993 0.572414
v 0.877743 7.025102 0.048311
v -0.194780 7.521928 -1.094293
v 0.026079 6.733158 -1.211727
v 0.211419 7.552830 -0.537918
v 0.432277 6.764060 -0.655352
v 0.271300 7.640451 -1.013827
v 0.492159 6.851682 -1.131260
v -0.254660 7.434306 -0.618385
v -0.033801 6.645536 -0.735817
v 0.490658 7.288761 -1.154443
v 0.405975 7.164846 -0.481406
v -0.168476 7.121141 -1.268239
v -0.253160 6.997227 -0.595202
v -0.838607 7.396122 0.725296
v -0.873022 6.594752 0.818481
v -0.862580 7.319461 0.057189
v -0.896996 6.518092 0.150374
v -1.186533 7.373411 0.401504
v -1.220948 6.572042 0.494690
v -0.514653 7.342171 0.380980
v -0.549069 6.540802 0.474165
v -1.342892 6.979197 0.452348
v -0.884753 6.902900 -0.034589
v -0.850849 7.011313 0.910258
v -0.392711 6.935016 0.423321
v -0.240282 7.741135 -0.852584
v -0.317462 6.951211 -0.978783
v 0.386486 7.645438 -0.636905
v 0.309308 6.855515 -0.763104
v 0.186613 7.732140 -1.057370
v 0.109434 6.942218 -1.183568
v -0.040409 7.654431 -0.432120
v -0.117588 6.864508 -0.558320
v 0.195042 7.353273 -1.249962
v 0.477705 7.230658 -0.655335
v -0.408679 7.365992 -0.960353
v -0.126016 7.243376 -0.365726
v 0.274806 7.737005 0.725453
v 0.019167 7.018400 0.892369
v -0.057023 7.725082 0.165914
v -0.312662 7.006477 0.332830
v -0.149877 7.858116 0.596435
v -0.405515 7.139510 0.763352
v 0.367659 7.603972 0.294931
v 0.112021 6.885366 0.461848
v -0.384881 7.551447 0.742337
v -0.253567 7.363310 0.133488
v 0.215711 7.380172 0.924795
v 0.347026 7.192035 0.315946
v 2.311620 4.182120 0.874458
v 1.498679 4.225419 0.524157
v 2.491980 3.654073 0.390628
v 1.679041 3.697372 0.040326
v 2.517976 4.175643 0.394769
v 1.705037 4.218942 0.044467
v 2.285624 3.660550 0.870318
v 1.472684 3.703850 0.520016
v 2.159628 4.303972 0.121128
v 2.122865 3.566361 0.115273
v 1.867795 4.313131 0.799512
v 1.831032 3.575520 0.793657
v 1.186763 4.074061 -2.394493
v 0.520851 4.025200 -1.832271
v 1.100208 3.370615 -2.558146
v 0.434297 3.321754 -1.995923
v 0.912360 3.812637 -2.742223
v 0.246449 3.763776 -2.180001
v 1.374611 3.632038 -2.210415
v 0.708700 3.583177 -1.648193
v 0.483669 3.825609 -2.571252
v 0.749326 3.200496 -2.310927
v 0.871733 4.195319 -2.079489
v 1.137390 3.570205 -1.819164
v -2.022082 4.345232 -1.658165
v -1.781636 4.128420 -0.876957
v -2.054532 3.664410 -1.837130
v -1.814087 3.447597 -1.055922
v -2.375724 3.994367 -1.646696
v -2.135278 3.777554 -0.865489
v -1.700890 4.015275 -1.848598
v -1.460445 3.798463 -1.067391
v -2.395264 3.881630 -1.214277
v -1.941030 3.415000 -1.483591
v -1.895139 4.377830 -1.230496
v -1.440905 3.911200 -1.499810
v -1.995197 4.497782 1.625192
v -1.329890 4.458940 1.100957
v -1.695804 4.011377 2.041193
v -1.030495 3.972534 1.516955
v -1.685609 4.510335 2.017161
v -1.020301 4.471494 1.492924
v -2.005392 3.998822 1.649224
v -1.340083 3.959980 1.124988
v -1.286726 4.596852 1.831244
v -1.301143 3.891217 1.865230
v -1.724549 4.579098 1.276918
v -1.738967 3.873463 1.310904
v 2.005871 4.924153 -1.400761
v 1.173922 4.862065 -1.106310
v 1.934343 4.273534 -1.740047
v 1.102395 4.211445 -1.445596
v 1.849929 4.770275 -1.873806
v 1.017982 4.708186 -1.579356
v 2.090283 4.427413 -1.267001
v 1.258336 4.365323 -0.972551
v 1.384177 4.810240 -1.852254
v 1.503554 4.107741 -1.663090
v 1.604710 5.027856 -1.183267
v 1.724089 4.325359 -0.994102
v -2.450951 4.921158 0.793025
v -1.715957 4.597281 1.072915
v -2.668550 4.271227 0.612365
v -1.933556 3.947350 0.892255
v -2.701082 4.553938 1.024936
v -1.966088 4.230060 1.304826
v -2.418419 4.638448 0.380454
v -1.683425 4.314570 0.660344
v -2.392126 4.374496 1.298358
v -2.346118 3.974684 0.714893
v -2.038388 4.893825 0.970386
v -1.992380 4.494011 0.386923
v 1.720025 4.995391 1.896500
v 1.349952 4.901340 1.109700
v 2.042997 4.346303 1.822180
v 1.672923 4.252252 1.035379
v 2.169492 4.831852 1.704641
v 1.799418 4.737801 0.917841
v 1.593530 4.509842 2.014038
v 1.223456 4.415791 1.227238
v 2.103740 4.851518 1.247162
v 1.924849 4.164846 1.413387
v 1.468099 5.082796 1.518492
v 1.289208 4.396126 1.684716
v -0.793808 5.470395 -2.260632
v -0.926589 5.272410 -1.403610
v -0.930431 4.765418 -2.444659
v -1.063211 4.567432 -1.587636
v -1.222195 5.197453 -2.390056
v -1.354975 4.999468 -1.533033
v -0.502044 5.038358 -2.315235
v -0.634825 4.840374 -1.458212
v -1.437733 5.131411 -1.977041
v -1.025117 4.520419 -2.054261
v -0.831902 5.517408 -1.794007
v -0.419287 4.906417 -1.871227
v -1.378119 5.866009 1.702733
v -0.730313 5.682263 1.185936
v -1.232429 5.291942 2.089467
v -0.584622 5.108194 1.572670
v -1.088656 5.770901 2.099391
v -0.440851 5.587154 1.582593
v -1.521891 5.387050 1.692809
v -0.874085 5.203302 1.176012
v -0.675027 5.758527 1.925198
v -0.878351 5.081174 1.911164
v -1.084389 5.893028 1.364239
v -1.287714 5.215677 1.350205
v 2.357139 5.927568 -0.247430
v 1.510829 5.781706 -0.148388
v 2.376644 5.449004 -0.785547
v 1.530335 5.303143 -0.686505
v 2.294080 5.950572 -0.752387
v 1.447770 5.804710 -0.653345
v 2.439704 5.426001 -0.280590
v 1.593394 5.280139 -0.181547
v 1.840765 5.986284 -0.800579
v 1.957529 5.276959 -0.847474
v 1.929944 5.953751 -0.086461
v 2.046709 5.244427 -0.133357
v -2.008445 6.302178 0.372470
v -1.161610 6.066742 0.550287
v -2.246459 5.644114 0.634684
v -1.399624 5.408678 0.812500
v -2.158275 6.120551 0.845536
v -1.311440 5.885115 1.023352
v -2.096629 5.825741 0.161618
v -1.249795 5.590306 0.339435
v -1.747624 6.063890 1.076088
v -1.872336 5.390107 0.777898
v -1.535733 6.320750 0.407073
v -1.660445 5.646966 0.108883
v 0.402411 6.467710 2.076829
v 0.515966 6.220549 1.254739
v 0.715499 5.858288 2.303298
v 0.829053 5.611129 1.481207
v 0.880564 6.326469 2.185339
v 0.994117 6.079308 1.363249
v 0.237347 5.999529 2.194788
v 0.350901 5.752370 1.372696
v 1.070554 6.270600 1.772338
v 0.837119 5.608494 1.939155
v 0.394345 6.470345 1.618881
v 0.160909 5.808238 1.785698
v 1.538732 6.528628 -1.334171
v 0.982737 6.301798 -0.692089
v 1.159436 6.117989 -1.807681
v 0.603440 5.891159 -1.165599
v 1.138037 6.611556 -1.651847
v 0.582043 6.384726 -1.009765
v 1.560130 6.035060 -1.490005
v 1.004135 5.808230 -0.847923
v 0.772621 6.617537 -1.364324
v 0.802883 5.919527 -1.584706
v 1.339289 6.500259 -0.915062
v 1.369551 5.802249 -1.135446
v -0.989722 7.035177 1.390970
v -0.537604 6.754008 0.715161
v -0.621286 6.595044 1.820569
v -0.169169 6.313877 1.144760
v -0.562440 7.072696 1.661211
v -0.110323 6.791528 0.985403
v -1.048568 6.557525 1.550326
v -0.596451 6.276357 0.874517
v -0.235701 7.038807 1.346272
v -0.318921 6.363306 1.571638
v -0.839968 6.985747 0.964092
v -0.923189 6.310246 1.189457
v 1.729052 6.891011 0.410792
v 0.943262 6.611850 0.258929
v 1.979143 6.458829 -0.088810
v 1.193353 6.179668 -0.240674
v 1.810542 6.928905 -0.080520
v 1.024753 6.649742 -0.232384
v 1.897653 6.420936 0.402503
v 1.111863 6.141776 0.250639
v 1.399606 6.894527 -0.256489
v 1.638044 6.229741 -0.268213
v 1.284361 6.840939 0.438332
v 1.522799 6.176153 0.426608
v -1.425623 6.717743 -1.035307
v -1.286408 6.261295 -0.307361
v -1.555477 6.102224 -1.396425
v -1.416263 5.645779 -0.668479
v -1.842620 6.435405 -1.132594
v -1.703404 5.978957 -0.404649
v -1.138481 6.384562 -1.299137
v -0.999266 5.928115 -0.571190
v -1.918844 6.217710 -0.734129
v -1.512763 5.746524 -1.107241
v -1.329122 6.616997 -0.596543
v -0.923042 6.145810 -0.969656
v 0.468014 7.322172 1.228830
v 0.326750 6.971397 0.449245
v 0.970142 6.821040 1.363327
v 0.828878 6.470265 0.583742
v 0.971746 7.286534 1.153588
v 0.830482 6.935759 0.374002
v 0.466411 6.856678 1.438570
v 0.325146 6.505903 0.658985
v 1.005773 7.200172 0.704773
v 1.003505 6.541864 1.001390
v 0.293388 7.250572 0.811183
v 0.291119 6.592265 1.107799
v 0.494283 7.296518 -1.162364
v 0.215505 6.933132 -0.457494
v 0.093015 6.866445 -1.542785
v -0.185763 6.503058 -0.837915
v 0.031107 7.312799 -1.337158
v -0.247671 6.949414 -0.632288
v 0.556191 6.850161 -1.367993
v 0.277414 6.486775 -0.663123
v -0.217030 7.226923 -0.978336
v -0.129479 6.595679 -1.269138
v 0.437999 7.203897 -0.731142
v 0.525551 6.572653 -1.021944
v -1.064237 7.459029 -0.094456
v -0.437671 7.021894 0.073638
v -1.443012 7.042448 0.234083
v -0.816447 6.605312 0.402177
v -1.206586 7.423010 0.342481
v -0.580021 6.985875 0.510575
v -1.300662 7.078467 -0.202853
v -0.674096 6.641332 -0.034760
v -0.873820 7.275799 0.539470
v -1.208176 6.737603 0.386173
v -0.672507 7.326738 -0.078451
v -1.006862 6.788543 -0.231748
v 1.119080 7.633028 -0.105485
v 0.665137 7.103237 -0.459147
v 1.551752 7.166922 0.037395
v 1.097810 6.637130 -0.316268
v 1.489177 7.456330 -0.315825
v 1.035234 6.926539 -0.669488
v 1.181655 7.343620 0.247736
v 0.727712 6.813828 -0.105926
v 1.325895 7.214777 -0.609375
v 1.414391 6.805492 -0.109845
v 0.802499 7.464666 -0.311907
v 0.890994 7.055381 0.187622
v -0.518898 7.587455 -0.757079
v -0.671424 7.016811 -0.163871
v -0.566631 7.092049 -1.245912
v -0.719158 6.521406 -0.652703
v -0.884901 7.401196 -1.030359
v -1.037426 6.830553 -0.437150
v -0.200628 7.278306 -0.972634
v -0.353155 6.707663 -0.379425
v -1.102881 7.141326 -0.745709
v -0.652780 6.704125 -1.050548
v -0.585275 7.404735 -0.359234
v -0.135174 6.967534 -0.664074
v -0.425453 7.599577 0.531568
v 0.063911 7.108224 0.146678
v -0.388543 7.215815 1.068412
v 0.100822 6.724460 0.683521
v -0.147589 7.582271 0.906948
v 0.341775 7.090916 0.522058
v -0.666407 7.233121 0.693031
v -0.177043 6.741767 0.308140
v 0.204544 7.408905 0.758807
v -0.136216 6.890657 0.987151
v -0.188416 7.433380 0.227939
v -0.529176 6.915133 0.456282
v -0.259343 7.900340 -0.379766
v -0.153021 7.357390 0.176873
v -0.703409 7.516984 -0.668874
v -0.597087 6.974035 -0.112235
v -0.717329 7.846557 -0.344748
v -0.611007 7.303607 0.211892
v -0.245424 7.570766 -0.703892
v -0.139101 7.027817 -0.147253
v -0.761902 7.632200 0.007953
v -0.742217 7.166114 -0.450430
v -0.114213 7.708261 -0.041570
v -0.094527 7.242174 -0.499954
v 0.322116 7.833673 0.282663
v 0.002504 7.287627 -0.197494
v 0.890420 7.494443 0.290156
v 0.570809 6.948397 -0.190001
v 0.711381 7.834327 0.022809
v 0.391768 7.288281 -0.457348
v 0.501156 7.493788 0.550011
v 0.181544 6.947743 0.069853
v 0.595113 7.631832 -0.326457
v 0.848314 7.151163 0.051629
v 0.044610 7.630907 0.041033
v 0.297812 7.150236 0.419119
v 2.775174 4.108883 0.340698
v 2.369970 3.587166 0.013685
v 2.606851 3.894567 0.891187
v 2.201647 3.372850 0.564175
v 2.933369 3.813077 0.616604
v 2.528166 3.291359 0.289591
v 2.448654 4.190372 0.615281
v 2.043450 3.668656 0.288268
v 2.831156 3.474078 0.453372
v 2.369388 3.589323 0.841691
v 2.607432 3.892410 0.063182
v 2.145665 4.007654 0.451500
v 0.710022 4.043604 -2.825817
v 0.383609 3.479967 -2.472980
v 1.239905 3.918981 -2.534694
v 0.913492 3.355344 -2.181858
v 1.056038 3.790955 -2.909303
v 0.729626 3.227318 -2.556467
v 0.893887 4.171630 -2.451208
v 0.567474 3.607993 -2.098370
v 0.926415 3.430296 -2.827760
v 1.186440 3.611353 -2.297983
v 0.437072 3.787595 -2.709692
v 0.697098 3.968652 -2.179914
v -2.574545 4.444112 -1.190296
v -2.291957 3.968368 -0.756066
v -2.348746 4.158792 -1.649838
v -2.066159 3.683048 -1.215608
v -2.705127 4.139442 -1.439114
v -2.422539 3.663698 -1.004884
v -2.218164 4.463462 -1.401020
v -1.935578 3.987718 -0.966790
v -2.664686 3.834464 -1.229889
v -2.160689 3.861828 -1.527897
v -2.480016 4.265332 -0.878007
v -1.976018 4.292697 -1.176016
v -1.613763 4.452340 2.422036
v -1.153670 3.946469 2.220171
v -2.035453 4.202950 2.085886
v -1.575360 3.697078 1.884021
v -1.908555 4.159488 2.484026
v -1.448462 3.653617 2.282161
v -1.740660 4.495800 2.023897
v -1.280569 3.989930 1.822031
v -1.713281 3.836900 2.478390
v -1.892741 3.898364 1.915335
v -1.296383 4.251055 2.390722
v -1.475842 4.312519 1.827668
v 1.941817 4.972906 -2.028176
v 1.538306 4.415310 -1.901517
v 2.260287 4.849842 -1.555361
v 1.856777 4.292247 -1.428702
v 2.278273 4.746249 -1.954117
v 1.874762 4.188653 -1.827457
v 1.923831 5.076499 -1.629420
v 1.520321 4.518904 -1.502761
v 2.149925 4.399053 -1.958034
v 2.124489 4.545557 -1.394109
v 1.674104 4.719595 -2.062770
v 1.648669 4.866099 -1.498845
v -2.585738 4.995064 1.214932
v -2.257473 4.377293 1.150412
v -2.549187 5.074938 0.636109
v -2.220922 4.457167 0.571590
v -2.825621 4.901451 0.890789
v -2.497356 4.283679 0.826269
v -2.309304 5.168551 0.960251
v -1.981039 4.550780 0.895732
v -2.768422 4.537247 0.844143
v -2.377484 4.782595 0.483971
v -2.429176 4.669636 1.302550
v -2.038238 4.914985 0.942377
v 2.277386 5.020560 1.867115
v 2.028867 4.384101 1.674381
v 1.724213 5.208156 1.960907
v 1.475694 4.571699 1.768173
v 2.017377 5.022851 2.194812
v 1.768859 4.386394 2.002078
v 1.984221 5.205864 1.633209
v 1.735703 4.569407 1.440475
v 1.899985 4.666720 2.214756
v 1.485387 4.928780 1.883964
v 2.267693 4.663479 1.751323
v 1.853096 4.925539 1.420531
v -1.373008 5.606275 -2.388230
v -1.317669 4.988558 -2.075670
v -0.797592 5.628527 -2.446130
v -0.742253 5.010810 -2.133570
v -1.106043 5.485611 -2.673966
v -1.050703 4.867894 -2.361406
v -1.064558 5.749190 -2.160394
v -1.009220 5.131474 -1.847834
v -1.086964 5.122163 -2.624050
v -0.650750 5.324277 -2.301841
v -1.464511 5.292808 -2.219958
v -1.028297 5.494921 -1.897750
v -1.161262 5.904078 2.394654
v -0.818729 5.326033 2.204138
v -1.621810 5.734229 2.081973
v -1.279278 5.156182 1.891456
v -1.497767 5.679660 2.470557
v -1.155236 5.101613 2.280040
v -1.285304 5.958646 2.006069
v -0.942772 5.380601 1.815553
v -1.370505 5.332857 2.471497
v -1.545926 5.410028 1.921956
v -0.894613 5.650233 2.364154
v -1.070035 5.727405 1.814612
v 2.764424 5.942239 -0.346560
v 2.452173 5.320284 -0.482749
v 2.663075 5.866714 0.230715
v 2.350823 5.244759 0.094525
v 2.974153 5.767651 -0.030106
v 2.661902 5.145695 -0.166296
v 2.453345 6.041302 -0.085739
v 2.141094 5.419347 -0.221929
v 2.925890 5.399999 -0.086678
v 2.485960 5.540096 0.282177
v 2.629288 5.646904 -0.534212
v 2.189357 5.786999 -0.165356
v -2.387669 6.503937 0.495396
v -1.999921 5.932049 0.725585
v -2.538062 6.199500 -0.007622
v -2.150315 5.627613 0.222567
v -2.708477 6.241580 0.383980
v -2.320730 5.669692 0.614169
v -2.217254 6.461858 0.103794
v -1.829506 5.889970 0.333984
v -2.616340 5.910014 0.557103
v -2.375336 5.850505 0.003294
v -2.162647 6.281044 0.714668
v -1.921644 6.221535 0.160861
v 0.475646 6.522046 2.490300
v 0.676284 5.883121 2.174810
v -0.109877 6.328750 2.509391
v 0.090761 5.689827 2.193901
v 0.232312 6.303217 2.778718
v 0.432950 5.664294 2.463229
v 0.133456 6.547579 2.220973
v 0.334094 5.908654 1.905484
v 0.353104 5.933146 2.736487
v -0.130824 5.969255 2.355601
v 0.697231 6.242616 2.328602
v 0.213302 6.278726 1.947715
v 1.873568 6.596844 -1.746143
v 1.580521 5.936162 -1.710010
v 2.130144 6.512528 -1.206950
v 1.837096 5.851846 -1.170817
v 2.245885 6.439107 -1.610742
v 1.952838 5.778424 -1.574608
v 1.757826 6.670266 -1.342352
v 1.464779 6.009583 -1.306219
v 2.200442 6.060891 -1.648261
v 2.036758 6.164725 -1.077214
v 1.673905 6.283965 -1.839748
v 1.510223 6.387799 -1.268699
v -1.153444 7.110288 1.858410
v -0.815848 6.495936 1.780633
v -1.599532 6.906135 1.534719
v -1.261938 6.291783 1.456942
v -1.506208 6.906147 1.939706
v -1.168612 6.291796 1.861930
v -1.246769 7.110276 1.453422
v -0.909174 6.495924 1.375646
v -1.391142 6.556696 2.001532
v -1.523123 6.556677 1.428792
v -0.892258 6.845394 1.886560
v -1.024240 6.845376 1.313821
v 2.179364 6.927433 0.334619
v 1.945191 6.333322 0.012719
v 2.132028 6.658958 0.864560
v 1.897855 6.064847 0.542659
v 2.436247 6.695776 0.575296
v 2.202073 6.101666 0.253395
v 1.875146 6.890614 0.623884
v 1.640973 6.296503 0.301982
v 2.435368 6.358368 0.404283
v 2.005138 6.306300 0.813363
v 2.072081 6.685981 0.063914
v 1.641851 6.633911 0.472996
v -1.659897 6.946388 -1.230252
v -1.599996 6.351602 -0.879458
v -1.353888 6.720756 -1.665073
v -1.293987 6.125970 -1.314279
v -1.750556 6.737345 -1.569210
v -1.690655 6.142560 -1.218416
v -1.263228 6.929799 -1.326115
v -1.203328 6.335012 -0.975320
v -1.821534 6.400095 -1.444160
v -1.260561 6.376633 -1.579731
v -1.693323 6.695725 -0.964800
v -1.132349 6.672263 -1.100371
v 0.706650 7.355087 1.645552
v 0.867377 6.735224 1.348658
v 0.206723 7.125660 1.853914
v 0.367449 6.505797 1.557019
v 0.596429 7.158956 1.995370
v 0.757156 6.539092 1.698476
v 0.316945 7.321792 1.504094
v 0.477671 6.701929 1.207201
v 0.734675 6.815299 1.948670
v 0.183548 6.768213 1.748619
v 0.890553 7.092671 1.453952
v 0.339425 7.045585 1.253902
v 0.859107 7.348425 -1.203314
v 0.985709 6.785673 -0.723960
v 0.275907 7.402932 -0.985298
v 0.402509 6.840179 -0.505943
v 0.666718 7.580453 -0.880108
v 0.793320 7.017699 -0.400754
v 0.468295 7.170904 -1.308505
v 0.594897 6.608151 -0.829150
v 0.771114 7.383896 -0.551707
v 0.218423 7.132843 -0.700468
v 1.043193 7.055761 -1.008790
v 0.490502 6.804708 -1.157551
vn 0.3945 0.4576 0.7969
vn 0.7855 0.5420 -0.2985
vn 0.5904 0.5668 0.5746
vn 0.5975 0.0078 0.8018
vn -0.1815 0.5760 -0.7970
vn 0.5904 0.5668 -0.5746
vn 0.9353 0.0078 -0.3537
vn 0.6370 0.0157 0.7707
vn -0.4874 0.0315 -0.8726
vn -0.7659 0.5686 0.3001
vn -0.5668 0.5904 -0.5746
vn -0.5668 0.5904 0.5746
vn -0.9347 0.0393 0.3534
vn -0.5026 0.0314 -0.8639
vn -0.9428 0.0472 0.3299
vn -0.6530 0.0551 0.7553
vn 0.2050 0.0316 0.9782
vn 0.3229 0.0473 0.9453
vn -0.3550 0.0868 0.9308
vn -0.3077 0.0947 0.9468
vn -0.5536 0.0633 0.8304
vn -0.5418 0.1178 0.8322
vn -0.9674 0.1101 0.2281
vn -0.9892 0.0393 0.1413
vn -0.9969 0.0785 -0.0000
vn -0.9939 0.1026 -0.0395
vn -0.9939 0.0394 0.1026
vn -0.8418 0.0708 -0.5351
vn -0.5418 0.1178 -0.8322
vn -0.2435 0.0864 -0.9661
vn -0.7592 0.0553 -0.6485
vn -0.2050 0.0394 -0.9780
vn -0.3077 0.0947 -0.9468
vn 0.3235 0.1185 -0.9388
vn -0.1025 0.0316 -0.9942
vn 0.6535 0.0394 -0.7559
vn 0.8258 0.0786 -0.5584
vn 0.7893 0.0868 -0.6078
vn 0.9456 0.0394 -0.3230
vn 0.9920 0.1259 -0.0000
vn 0.8021 0.0944 0.5897
vn 0.9436 0.0236 -0.3302
vn 0.9942 0.0316 -0.1025
vn 0.7559 0.0394 0.6535
vn 0.7485 0.0394 0.6619
vn 0.8258 0.0786 0.5584
vn 0.6057 0.1189 0.7868
vn -0.1025 0.5752 -0.8116
vn -0.4828 0.5699 0.6649
vn -0.3869 0.6238 -0.6791
vn -0.2839 0.5677 -0.7728
vn 0.8815 -0.0078 0.4722
vn -0.2132 0.3396 0.9161
vn -0.6621 0.2837 0.6936
vn -0.2589 0.7062 -0.6590
vn 0.7861 -0.6131 0.0786
vn 0.9931 -0.0394 -0.1104
vn 0.5217 -0.7825 0.3399
vn 0.5183 -0.6047 -0.6047
vn -0.4498 0.6471 0.6156
vn 0.4897 0.0711 -0.8690
vn -0.4499 0.6472 0.6155
vn 0.8892 0.0314 0.4564
vn 0.8115 0.0394 0.5831
vn 0.5216 -0.7825 0.3400
vn 0.4898 0.0711 -0.8690
vn -0.8395 0.5414 0.0471
vn 0.6058 0.5665 0.5586
vn -0.7272 0.6008 0.3320
vn -0.8336 0.4876 0.2595
vn 0.5504 0.0472 -0.8335
vn 0.8832 0.3470 0.3155
vn 0.6152 0.2682 0.7414
vn -0.7166 0.6930 0.0788
vn 0.1816 -0.5289 -0.8290
vn -0.0157 -0.0079 -0.9998
vn -0.8335 0.4877 0.2597
vn 0.0630 -0.7402 -0.6694
vn 0.6469 0.3155 0.6942
vn -0.6678 0.7308 0.1414
vn 0.3699 -0.8262 -0.4249
vn -0.5586 -0.6058 -0.5665
vn 0.5668 0.6456 0.5118
vn -0.6679 0.7307 0.1414
vn 0.7943 0.0472 -0.6056
vn 0.5771 0.0633 -0.8142
vn 0.6937 0.0630 -0.7175
vn -0.5586 -0.6059 -0.5665
vn 0.7944 0.0472 -0.6056
vn -0.1340 0.5442 0.8282
vn 0.6853 0.5671 -0.4569
vn 0.1733 0.5909 0.7879
vn 0.0471 0.5266 0.8488
vn -0.6944 0.0473 -0.7180
vn 0.4950 0.3536 -0.7937
vn 0.8582 0.2756 -0.4330
vn -0.1106 0.7107 0.6948
vn -0.7429 -0.5768 -0.3398
vn -0.9803 -0.0000 -0.1976
vn -0.6163 -0.7663 -0.1817
vn 0.8029 0.3306 -0.4960
vn 0.4181 0.0473 0.9072
vn -0.0552 0.0947 -0.9940
vn 0.6902 0.0549 -0.7215
vn 0.8096 0.5266 0.2593
vn -0.3303 0.5663 -0.7551
vn 0.8211 0.5682 -0.0550
vn 0.8562 0.5106 0.0786
vn -0.8201 0.0710 0.5678
vn -0.6937 0.3625 -0.6224
vn -0.2906 0.2670 -0.9188
vn 0.6789 0.7026 0.2131
vn -0.4651 -0.5597 0.6859
vn -0.3535 0.0234 0.9351
vn -0.2920 -0.7575 0.5839
vn -0.3614 0.3299 -0.8721
vn 0.5508 0.0315 0.8341
vn 0.3789 0.0632 0.9233
vn 0.9549 0.1892 0.2288
vn -0.7568 0.5439 -0.3626
vn 0.2292 0.5454 0.8063
vn -0.8109 0.5826 -0.0551
vn -0.8393 0.5100 -0.1883
vn 0.8906 0.0710 -0.4492
vn 0.5992 0.3390 0.7253
vn 0.1658 0.2448 0.9553
vn -0.7389 0.6604 -0.1336
vn 0.5602 -0.5365 -0.6312
vn 0.4815 0.0316 -0.8759
vn 0.6284 -0.7306 -0.2671
vn -0.1417 -0.5671 -0.8113
vn 0.1815 0.6076 0.7733
vn -0.5595 0.0473 -0.8275
vn 0.1814 0.6076 0.7732
vn 0.8759 0.0315 -0.4814
vn 0.8886 0.0472 -0.4562
vn 0.6285 -0.7306 -0.2670
vn -0.1418 -0.5672 -0.8113
vn -0.5596 0.0473 -0.8274
vn 0.6129 0.5265 0.5892
vn 0.0631 0.5444 -0.8364
vn 0.7657 0.5604 0.3157
vn 0.7482 0.4884 0.4490
vn -0.9864 0.0947 0.1342
vn -0.3225 0.3461 -0.8810
vn 0.1649 0.2356 -0.9578
vn 0.6706 0.6470 0.3629
vn -0.7497 -0.5129 0.4183
vn -0.7405 0.0552 0.6697
vn -0.6984 -0.7141 0.0470
vn -0.1416 -0.5581 0.8176
vn 0.0945 0.5986 -0.7955
vn 0.4312 0.0314 0.9017
vn 0.0945 0.5986 -0.7954
vn -0.9701 0.0551 0.2366
vn -0.8021 0.0943 -0.5897
vn -0.6984 -0.7141 0.0471
vn -0.1415 -0.5582 0.8176
vn 0.4313 0.0313 0.9017
vn 0.2434 0.5105 -0.8247
vn -0.7806 0.5441 0.3075
vn -0.0710 0.5442 -0.8359
vn 0.0633 0.4746 -0.8779
vn 0.5599 0.1183 0.8201
vn -0.6389 0.3628 0.6783
vn -0.9342 0.2277 0.2747
vn 0.0236 0.6370 -0.7705
vn 0.7107 -0.5053 0.4895
vn 0.9320 0.0711 0.3554
vn 0.3691 -0.6990 0.6126
vn 0.7870 -0.5667 -0.2439
vn -0.7398 0.6139 0.2754
vn 0.0236 0.6369 -0.7706
vn 0.8838 0.0474 -0.4655
vn 0.7563 0.0236 0.6538
vn 0.7262 0.0315 0.6867
vn 0.3691 -0.6989 0.6126
vn 0.8837 0.0474 -0.4656
vn -0.5356 0.5041 0.6775
vn 0.8440 0.5363 0.0079
vn -0.2451 0.5378 0.8067
vn -0.3773 0.4637 0.8016
vn -0.2127 0.1261 -0.9690
vn 0.8488 0.3537 -0.3930
vn 0.9732 0.2058 0.1028
vn -0.2988 0.6133 0.7312
vn -0.4869 -0.4791 -0.7303
vn -0.7319 0.0787 -0.6768
vn -0.1260 -0.6693 -0.7323
vn -0.8337 -0.5427 -0.1023
vn 0.8109 0.5826 0.0551
vn -0.9824 0.0472 0.1807
vn 0.8109 0.5826 0.0552
vn -0.3161 0.0316 -0.9482
vn -0.2900 0.0392 -0.9562
vn -0.9824 0.0472 0.1808
vn 0.8451 0.5213 0.1185
vn -0.4179 0.5362 -0.7334
vn 0.8252 0.5265 -0.2044
vn 0.8542 0.5171 -0.0548
vn -0.7330 0.1182 0.6699
vn -0.7622 0.3536 -0.5422
vn -0.4476 0.2591 -0.8559
vn 0.7951 0.0157 0.6062
vn -0.7254 0.0552 0.6861
vn -0.7060 0.0549 0.7061
vn -0.3542 -0.5510 0.7556
vn -0.2211 0.0869 0.9714
vn -0.5602 0.4971 -0.6627
vn -0.2211 0.5133 0.8292
vn -0.7393 0.5349 -0.4090
vn -0.7318 0.4013 -0.5508
vn 0.9857 0.1655 0.0316
vn 0.1653 0.3307 0.9292
vn -0.2989 0.2518 0.9205
vn -0.5904 0.5747 -0.5668
vn 0.8349 -0.4568 -0.3072
vn 0.8315 0.1255 -0.5412
vn 0.6690 -0.6769 -0.3070
vn -0.2208 0.3390 0.9145
vn -0.0628 0.0392 -0.9973
vn 0.9996 0.0236 -0.0157
vn 0.9997 0.0236 -0.0079
vn 0.5691 0.5059 0.6482
vn 0.2039 0.5174 -0.8311
vn 0.7572 0.5207 0.3944
vn 0.7096 0.4573 0.5361
vn -0.9861 0.1656 -0.0158
vn -0.1806 0.3298 -0.9266
vn 0.2609 0.2767 -0.9249
vn 0.2201 0.0315 0.9750
vn -0.9988 0.0472 0.0158
vn -0.9988 0.0473 -0.0157
vn -0.7864 -0.5269 0.3225
vn -0.8185 0.1339 0.5587
vn 0.7876 0.4804 -0.3859
vn -0.3715 0.6721 -0.6405
vn 0.5747 0.5826 -0.5747
vn 0.7408 0.3467 -0.5753
vn -0.8269 0.4016 0.3937
vn -0.6772 0.5830 -0.4489
vn -0.4089 0.5663 -0.7156
vn 0.9998 0.0157 0.0079
vn 0.7030 0.0157 0.7110
vn -0.4561 0.0472 0.8887
vn -0.8222 -0.2451 0.5138
vn 0.4333 -0.5357 0.7248
vn 0.7302 0.0157 0.6831
vn 0.4176 0.1812 0.8904
vn -0.5597 0.2996 0.7726
vn 0.6981 0.2981 0.6510
vn -0.8483 0.4949 -0.1885
vn 0.3081 0.5056 0.8059
vn -0.8534 0.5057 0.1264
vn -0.8974 0.4409 -0.0158
vn 0.8098 0.1808 -0.5582
vn 0.6753 0.3299 0.6596
vn 0.3148 0.2597 0.9129
vn -0.6009 0.0316 -0.7987
vn 0.8219 0.0237 -0.5691
vn 0.8119 0.0237 -0.5833
vn 0.4658 -0.5053 -0.7265
vn 0.3454 0.1492 -0.9265
vn 0.8724 0.4872 0.0392
vn -0.4489 0.5119 -0.7324
vn 0.8172 0.5107 -0.2671
vn 0.8984 0.4099 -0.1576
vn -0.6954 0.1817 0.6953
vn -0.7844 0.3295 -0.5254
vn -0.4640 0.2516 -0.8493
vn 0.7707 0.0157 0.6370
vn -0.7334 0.0472 0.6782
vn -0.7141 0.0471 0.6985
vn -0.3380 -0.4796 0.8098
vn -0.1729 0.1415 0.9747
vn -0.3074 0.4965 -0.8118
vn -0.4963 0.5120 0.7011
vn -0.5669 0.5117 -0.6456
vn -0.4952 0.4165 -0.7624
vn 0.9142 0.1812 0.3625
vn -0.1730 0.3303 0.9279
vn -0.5907 0.2599 0.7639
vn 0.4564 0.0315 -0.8892
vn 0.9736 0.0158 0.2277
vn 0.8762 -0.4816 -0.0158
vn 0.9630 0.1421 -0.2289
vn -0.0864 0.4952 0.8645
vn 0.7586 0.5057 -0.4109
vn 0.2211 0.5133 0.8292
vn 0.1025 0.4099 0.9064
vn -0.6548 0.1814 -0.7337
vn 0.5663 0.3303 -0.7551
vn 0.8750 0.2444 -0.4178
vn -0.8433 0.0394 0.5360
vn -0.7297 0.0393 -0.6827
vn -0.7411 0.0395 -0.6702
vn -0.7964 -0.4653 -0.3863
vn -0.9630 0.1421 -0.2289
vn 0.5601 0.4970 -0.6628
vn -0.8536 0.5137 -0.0869
vn 0.2841 0.5208 -0.8050
vn 0.9892 0.1413 0.0392
vn 0.2749 0.1886 0.9428
vn 0.2604 0.1421 0.9550
vn 0.1262 0.1656 0.9781
vn -0.8919 0.3314 0.3077
vn 0.6686 0.1337 0.7315
vn -0.8427 0.5040 0.1891
vn 0.6330 0.5064 0.5855
vn -0.7103 0.5210 0.4733
vn -0.7337 0.1814 -0.6548
vn 0.6545 0.2129 -0.7255
vn 0.6236 0.1579 -0.7656
vn 0.4877 0.1651 -0.8573
vn 0.9000 0.3237 0.2921
vn -0.0946 0.1419 -0.9854
vn 0.3786 0.4969 0.7809
vn 0.4329 0.5036 -0.7476
vn 0.6203 0.5182 0.5889
vn -0.4021 0.3155 0.8595
vn -0.8573 0.2910 -0.4247
vn -0.8887 0.2360 -0.3932
vn -0.9434 0.1729 -0.2830
vn 0.0868 0.3316 -0.9394
vn -0.9383 0.1419 0.3154
vn -0.4026 0.4895 -0.7735
vn -0.4085 0.5027 0.7619
vn -0.6384 0.5201 -0.5674
vn 0.6296 0.4959 -0.5981
vn 0.8357 0.3469 0.4257
vn 0.8525 0.3237 0.4105
vn 0.9508 0.1807 0.2515
vn -0.0550 0.3299 0.9424
vn 0.9301 0.1419 -0.3389
vn -0.4507 0.4823 0.7512
vn 0.8671 0.4966 -0.0394
vn -0.1500 0.5133 0.8450
vn -0.8261 0.4564 -0.3305
vn 0.3298 0.4869 -0.8088
vn 0.3380 0.4795 -0.8098
vn -0.2745 0.1961 -0.9414
vn 0.8418 0.3226 -0.4327
vn -0.7698 0.1493 -0.6205
vn 0.8575 0.4721 0.2045
vn -0.2911 0.4957 -0.8183
vn 0.8570 0.5034 -0.1099
vn 0.6690 0.3070 0.6769
vn -0.8170 0.4556 -0.3535
vn -0.8253 0.4402 -0.3537
vn -0.8131 0.2052 0.5447
vn -0.6631 0.3316 -0.6711
vn -0.3545 0.1576 0.9217
vn -0.4322 0.4558 0.7781
vn 0.8757 0.4812 -0.0395
vn -0.1265 0.4904 0.8622
vn -0.5951 0.5950 -0.5402
vn 0.5665 0.6058 -0.5587
vn 0.5768 0.6083 -0.5452
vn -0.2913 0.2283 -0.9290
vn 0.8345 0.3307 -0.4408
vn -0.7812 0.1736 -0.5997
vn 0.3154 0.4494 -0.8358
vn -0.8617 0.4822 0.1581
vn 0.0079 0.4816 -0.8764
vn 0.7604 0.5644 0.3214
vn -0.1659 0.9790 -0.1184
vn -0.1342 0.9871 -0.0868
vn 0.4243 0.2435 0.8722
vn -0.7631 0.3383 0.5507
vn 0.8583 0.1811 0.4802
vn -0.2599 0.5907 -0.7639
vn -0.3557 0.5455 0.7589
vn -0.4952 0.6524 -0.5738
vn -0.4970 0.5601 -0.6627
vn -0.2589 0.7061 -0.6590
vn -0.4498 0.6472 0.6155
vn -0.4392 0.3765 0.8157
vn 0.9463 0.0078 0.3233
vn -0.0708 0.2751 0.9588
vn 0.7693 -0.6279 -0.1178
vn 0.5183 -0.6048 -0.6047
vn 0.9633 -0.0075 -0.2682
vn -0.7946 0.5744 0.1967
vn 0.7168 0.5199 0.4647
vn -0.6213 0.6371 0.4562
vn -0.7695 0.4632 0.4397
vn 0.4245 0.0472 -0.9042
vn 0.9428 0.2750 0.1885
vn 0.7555 0.3148 0.5745
vn -0.6925 0.6453 0.3227
vn 0.0078 -0.5272 -0.8497
vn -0.1656 0.0237 -0.9859
vn -0.0866 -0.7787 -0.6214
vn 0.7809 0.4417 0.4417
vn 0.5669 0.6456 0.5117
vn 0.0001 0.5745 0.8185
vn 0.6308 0.5204 -0.5756
vn 0.2921 0.6315 0.7183
vn 0.2199 0.4950 0.8406
vn -0.7664 0.0553 -0.6400
vn 0.4173 0.2756 -0.8660
vn 0.7161 0.3463 -0.6060
vn 0.1104 0.6622 0.7411
vn -0.7946 -0.5744 -0.1966
vn -0.9951 0.0474 -0.0869
vn -0.5882 -0.8078 -0.0392
vn 0.4180 0.0473 0.9072
vn 0.6902 0.0550 -0.7215
vn 0.6124 0.4475 -0.6517
vn -0.0553 0.0947 -0.9940
vn 0.8165 0.5652 0.1177
vn -0.4559 0.5188 -0.7232
vn 0.7685 0.6116 -0.1882
vn 0.8757 0.4734 -0.0947
vn -0.7507 0.0789 0.6559
vn -0.7841 0.2745 -0.5567
vn -0.4796 0.3381 -0.8097
vn 0.7564 0.6541 0.0001
vn -0.3298 -0.5575 0.7618
vn 0.8165 0.5653 0.1177
vn -0.2439 0.0630 0.9678
vn -0.1420 -0.8049 0.5761
vn 0.5488 0.0303 0.8354
vn 0.9549 0.1894 0.2289
vn -0.5417 0.4553 -0.7066
vn 0.3788 0.0631 0.9233
vn -0.8096 0.5502 -0.2043
vn 0.3778 0.5352 0.7556
vn -0.7881 0.6069 0.1025
vn -0.8665 0.4962 0.0551
vn -0.7390 0.6603 -0.1336
vn 0.3780 0.3466 0.8585
vn 0.8134 0.0789 -0.5764
vn 0.7221 0.2904 0.6279
vn 0.3929 -0.5580 -0.7309
vn -0.1417 -0.5672 -0.8113
vn 0.3393 0.0553 -0.9390
vn 0.7096 0.5361 0.4573
vn -0.0947 0.5283 -0.8438
vn 0.7965 0.5836 0.1577
vn 0.8510 0.4728 0.2285
vn 0.6707 0.6469 0.3629
vn -0.0631 0.3392 -0.9386
vn -0.9548 0.1104 0.2761
vn -0.4652 0.2917 -0.8358
vn -0.6236 -0.5367 0.5684
vn -0.1416 -0.5582 0.8175
vn -0.6304 0.0788 0.7723
vn 0.0864 0.5344 -0.8408
vn -0.7324 0.5119 0.4489
vn -0.2206 0.5751 -0.7878
vn -0.1812 0.4649 -0.8666
vn -0.8176 0.3302 0.4717
vn 0.6649 0.1266 0.7362
vn -0.5522 0.2919 0.7810
vn 0.7946 -0.5192 0.3146
vn 0.7870 -0.5667 -0.2440
vn 0.9682 0.1023 0.2283
vn -0.4017 0.5278 0.7484
vn 0.8534 0.5057 -0.1264
vn -0.1024 0.5752 0.8116
vn -0.1654 0.4411 0.8821
vn -0.2987 0.6133 0.7312
vn 0.9429 0.3143 -0.1100
vn -0.3298 0.1335 -0.9346
vn 0.8143 0.2846 -0.5059
vn -0.6219 -0.4959 -0.6061
vn -0.8045 0.1104 -0.5836
vn 0.8491 0.5268 -0.0393
vn -0.5370 0.5212 -0.6633
vn 0.7618 0.5576 -0.3298
vn 0.8222 0.5059 -0.2609
vn -0.5579 0.3458 -0.7544
vn -0.6384 0.1418 0.7565
vn -0.8422 0.2991 -0.4486
vn -0.1807 -0.5812 0.7934
vn -0.0864 0.1178 0.9893
vn 0.8897 0.3228 0.3228
vn 0.2990 0.6217 -0.7240
vn 0.7458 -0.6594 0.0942
vn 0.1731 -0.3698 -0.9128
vn 0.9905 -0.1337 -0.0314
vn 0.5339 0.0943 -0.8402
vn 0.6063 -0.2913 0.7400
vn -0.3318 0.1896 -0.9241
vn 0.8676 -0.0158 -0.4969
vn 0.4632 -0.7457 -0.4789
vn 0.6649 0.7282 -0.1662
vn -0.8642 -0.3142 0.3929
vn 0.3069 0.3385 -0.8895
vn -0.4492 0.8906 -0.0710
vn -0.2759 -0.4888 -0.8276
vn -0.9985 0.0393 -0.0392
vn -0.2122 0.0785 -0.9741
vn -0.7927 0.5023 -0.3454
vn 0.4725 -0.4253 -0.7719
vn -0.7228 0.4479 0.5263
vn -0.5697 0.3324 -0.7516
vn -0.7892 -0.4182 -0.4498
vn 0.0552 0.8520 -0.5207
vn 0.3459 -0.5976 0.7234
vn -0.8112 0.4096 -0.4174
vn 0.1885 0.9816 0.0314
vn -0.8833 -0.1025 0.4574
vn 0.0866 0.4487 0.8895
vn -0.8973 0.4093 0.1654
vn -0.1260 0.8499 0.5116
vn -0.8992 -0.3628 -0.2445
vn 0.6930 0.5513 0.4646
vn -0.5840 0.7180 0.3787
vn -0.4398 0.0707 0.8953
vn -0.3083 0.8616 -0.4031
vn 0.5204 -0.8516 -0.0631
vn -0.6706 0.3629 0.6470
vn 0.5582 0.5503 0.6210
vn -0.4957 -0.6372 0.5901
vn 0.6852 -0.4569 0.5672
vn -0.4468 -0.1255 0.8858
vn 0.4969 0.0158 0.8677
vn -0.9603 -0.2124 0.1810
vn 0.9861 0.0868 0.1420
vn 0.0315 -0.0550 0.9980
vn 0.1335 -0.7852 0.6047
vn -0.0944 0.7156 0.6921
vn 0.0236 -0.2830 -0.9588
vn 0.6509 0.4157 -0.6353
vn -0.1739 0.9802 0.0949
vn -0.0947 -0.1815 -0.9788
vn -0.8903 0.3625 -0.2757
vn 0.1421 0.3553 -0.9239
vn -0.4951 0.7936 -0.3536
vn 0.5823 -0.3699 -0.7240
vn -0.7253 0.5283 0.4415
vn -0.1967 0.6611 -0.7240
vn -0.6747 -0.0313 -0.7375
vn 0.4252 0.8817 -0.2047
vn -0.0628 -0.8231 0.5644
vn -0.8029 0.4408 0.4014
vn 0.1809 0.9754 -0.1258
vn -0.1737 -0.1027 0.9794
vn 0.7776 0.4163 0.4712
vn -0.3937 0.4174 0.8190
vn 0.3699 0.8341 0.4092
vn -0.7551 -0.3304 0.5663
vn 0.8146 0.5140 -0.2688
vn -0.0157 0.7148 0.6991
vn 0.4499 0.0474 0.8918
vn -0.4722 0.8814 0.0078
vn 0.2212 -0.8610 -0.4581
vn 0.6991 0.4163 0.5813
vn 0.0078 0.9540 -0.2996
vn 0.9505 -0.2985 -0.0863
vn 0.2825 0.2198 -0.9338
vn 0.9603 0.2676 0.0788
vn 0.4257 0.6780 -0.5992
vn 0.6929 -0.3779 0.6141
vn -0.4016 0.4804 -0.7797
vn 0.7874 0.5433 -0.2914
vn 0.7088 -0.1968 -0.6774
vn 0.3159 0.9001 0.3000
vn -0.6531 -0.7553 0.0551
vn -0.4239 0.5024 -0.7536
vn 0.1026 0.9556 0.2763
vn -0.9799 -0.1106 -0.1660
vn -0.4729 0.3232 0.8197
vn -0.8351 0.4334 -0.3388
vn -0.4273 0.7835 0.4511
vn -0.5690 -0.2766 -0.7745
vn 0.2674 0.4404 0.8571
vn -0.7175 0.6937 0.0631
vn -0.8846 -0.0158 0.4660
vn -0.0394 0.9217 -0.3860
vn 0.4805 -0.8667 0.1339
vn -0.4336 0.4888 0.7570
vn 0.4816 0.8763 0.0158
vn 0.0946 -0.3547 0.9302
vn 0.9770 0.0157 0.2127
vn 0.0392 0.2275 0.9730
vn 0.7483 0.5278 0.4017
vn -0.6245 -0.2846 0.7273
vn 0.8270 0.3386 -0.4489
vn 0.4496 0.4338 0.7808
vn 0.6749 -0.3610 0.6435
vn -0.0947 0.9237 0.3712
vn -0.2517 -0.6921 -0.6765
vn 0.8580 0.4959 -0.1338
vn -0.2985 0.8955 -0.3300
vn 0.6453 -0.3226 -0.6925
vn -0.4713 0.0628 -0.8797
vn 0.7137 0.2589 -0.6509
vn -0.1812 0.5671 -0.8035
vn 0.9590 -0.2829 -0.0157
vn -0.8768 0.3555 -0.3239
vn 0.3057 0.4783 -0.8232
vn 0.0549 -0.3133 -0.9481
vn 0.3469 0.9304 -0.1182
vn -0.3545 -0.7247 0.5909
vn -0.7856 0.5893 0.1886
vn 0.3930 0.9195 -0.0000
vn -0.4647 -0.0788 0.8820
vn 0.6778 0.2443 0.6935
vn -0.5218 0.4823 0.7036
vn 0.3880 0.7364 0.5542
vn -0.9347 -0.1806 0.3062
vn 0.9405 0.3398 -0.0000
vn -0.0783 0.6970 0.7128
vn 0.1731 -0.0550 0.9834
vn -0.2752 0.9593 -0.0629
vn 0.1737 -0.8840 -0.4341
vn 0.2049 0.5910 0.7802
vn -0.0707 0.9201 -0.3853
vn 0.9077 -0.0316 0.4184
vn 0.6459 0.2835 -0.7088
vn 0.7039 0.5140 0.4902
vn 0.4968 0.7649 -0.4100
vn 0.3698 -0.1732 0.9128
vn -0.0630 0.3461 -0.9361
vn 0.6782 0.7334 0.0473
vn 0.9737 -0.0000 -0.2277
vn -0.0945 0.9520 0.2912
vn -0.4004 -0.9028 -0.1569
vn 0.5347 0.5975 -0.5975
vn -0.3460 0.9120 0.2202
vn -0.1023 -0.0865 -0.9910
vn -0.9536 0.2207 -0.2050
vn 0.0316 0.4814 -0.8759
vn -0.6477 0.7188 -0.2527
vn 0.6084 -0.1738 -0.7744
vn -0.7876 0.3308 0.5199
vn -0.3471 0.6863 -0.6391
vn -0.6934 -0.0709 -0.7171
vn 0.2447 0.9633 -0.1105
vn 0.1184 -0.8768 0.4660
vn -0.3543 0.6612 0.6613
vn 0.2047 0.8817 -0.4251
vn 0.4179 0.0551 0.9068
vn 0.9530 0.2678 -0.1417
vn 0.2124 0.5901 0.7789
vn 0.6443 0.7621 -0.0628
vn -0.3223 -0.0786 0.9434
vn 0.5667 0.2676 -0.7793
vn 0.4879 0.7711 0.4091
vn 0.8841 0.0395 0.4657
vn -0.2606 0.9634 0.0631
vn -0.2042 -0.9348 -0.2907
vn 0.7707 0.6212 0.1415
vn -0.3074 0.8511 -0.4255
vn 0.8739 -0.2047 -0.4409
vn -0.1656 0.0158 -0.9861
vn 0.8344 0.3857 -0.3936
vn -0.0000 0.5601 -0.8284
vn 0.9448 -0.1339 0.2992
vn -0.7731 0.2287 -0.5916
vn 0.4728 0.5437 -0.6934
vn 0.4023 -0.2682 -0.8754
vn 0.2202 0.9752 -0.0235
vn -0.4102 -0.7889 0.4576
vn -0.5900 0.6373 -0.4957
vn -0.1103 0.7557 0.6455
vn -0.9342 -0.2747 -0.2276
vn -0.4729 -0.1576 0.8669
vn -0.9384 0.3075 -0.1577
vn -0.5681 0.4023 0.7179
vn -0.5439 -0.0787 -0.8355
vn 0.2204 0.1181 0.9682
vn -0.8546 0.4078 0.3215
vn -0.8163 -0.4238 0.3925
vn -0.2901 0.9567 0.0235
vn 0.6857 -0.6936 -0.2206
vn 0.2756 0.7875 0.5512
vn -0.2762 0.7810 -0.5601
vn 0.9704 0.1499 0.1894
vn 0.4426 0.1423 -0.8854
vn 0.7149 0.6755 0.1806
vn 0.2910 0.6765 -0.6765
vn 0.5662 0.1022 0.8179
vn -0.2982 0.0942 -0.9498
vn 0.5677 0.7728 -0.2838
vn 0.8974 0.0157 -0.4409
vn -0.1652 0.9831 0.0786
vn -0.2985 -0.9427 0.1492
vn 0.2517 0.7549 -0.6056
vn -0.7346 0.6635 0.1422
vn 0.0157 -0.1491 -0.9887
vn -0.9317 -0.2447 -0.2684
vn -0.1177 0.4156 -0.9019
vn -0.8834 0.3392 -0.3234
vn 0.6754 0.1021 -0.7303
vn -0.8883 -0.0550 0.4560
vn -0.5700 0.4355 -0.6967
vn -0.5278 -0.4017 -0.7484
vn -0.2120 0.9658 -0.1492
vn 0.4647 -0.7168 0.5199
vn -0.5886 0.8084 0.0079
vn 0.6466 0.7570 0.0946
vn -0.6444 0.1257 0.7543
vn 0.5497 0.0706 0.8323
vn -0.4888 0.6623 0.5678
vn 0.4647 0.6222 0.6300
vn -0.9882 0.1264 0.0870
vn 0.9744 0.0471 0.2200
vn -0.0158 0.7341 0.6789
vn -0.0706 -0.0392 0.9967
vn 0.0551 0.9915 -0.1181
vn -0.0158 -0.9222 -0.3863
vn 0.5919 0.8051 0.0394
vn -0.4982 0.6801 -0.5377
vn 0.9075 -0.0394 -0.4182
vn -0.1416 -0.1653 -0.9760
vn 0.7232 0.5188 -0.4560
vn -0.1181 0.4251 -0.8974
vn 0.9406 0.1423 0.3082
vn -0.7873 -0.0551 -0.6140
vn 0.3461 0.5348 -0.7708
vn 0.4724 -0.2834 -0.8346
vn -0.0237 0.9859 -0.1657
vn -0.2118 -0.7921 0.5725
vn -0.3084 0.8461 -0.4348
vn 0.3531 0.7142 0.6043
vn -0.9815 0.1806 -0.0629
vn -0.3463 0.0550 0.9365
vn -0.7107 0.7028 -0.0316
vn -0.1967 0.6057 0.7710
vn -0.6446 0.1964 -0.7389
vn 0.4024 -0.0157 0.9153
vn -0.5129 0.7496 0.4183
vn -0.8439 -0.0158 0.5363
vn 0.1809 0.9835 0.0078
vn 0.2517 -0.9279 -0.2752
vn -0.4181 0.8362 0.3549
vn 0.7820 0.5372 0.3160
vn -0.6053 -0.0551 0.7941
vn 0.5579 -0.3458 0.7544
vn -0.3463 0.4722 0.8106
vn 0.5755 0.2444 0.7805
vn -0.9438 0.2596 0.2046
vn 0.9669 -0.2123 0.1415
vn 0.1344 0.4112 0.9016
vn -0.0708 -0.4015 0.9131
vn 0.2365 0.9383 0.2524
vn -0.1894 -0.6863 -0.7022
vn -0.1812 0.8667 -0.4648
vn -0.4559 0.5503 0.6995
vn -0.6284 0.0157 -0.7777
vn -0.8913 -0.2918 0.3470
vn -0.6676 0.5419 -0.5106
vn -0.8751 0.2916 0.3863
vn 0.0473 0.2921 -0.9552
vn -0.3853 -0.2201 0.8962
vn -0.8742 0.4804 -0.0709
vn -0.8955 -0.3300 -0.2985
vn -0.2356 0.9502 0.2042
vn 0.6743 -0.7370 -0.0471
vn 0.1812 0.8904 0.4176
vn 0.7633 0.3620 -0.5351
vn 0.3160 0.0394 0.9480
vn 0.8812 -0.4721 0.0237
vn 0.5441 0.5047 0.6703
vn 0.9930 0.0946 -0.0710
vn -0.3084 0.4349 0.8460
vn 0.6131 -0.4088 -0.6760
vn 0.8747 0.3466 0.3389
vn 0.6608 -0.4090 0.6293
vn 0.4735 0.8602 -0.1894
vn -0.7784 -0.6133 -0.1337
vn 0.7443 0.5720 0.3447
vn 0.7155 -0.6604 0.2280
vn -0.1339 0.5202 0.8435
vn -0.1653 -0.6693 0.7244
vn 0.4331 0.3936 0.8109
vn 0.4173 -0.5590 0.7165
vn 0.0551 0.9618 0.2680
vn 0.0078 -0.9969 0.0785
vn 0.4888 -0.0946 0.8673
vn -0.3458 -0.0785 0.9350
vn 0.9813 -0.0393 0.1883
vn -0.7580 0.0790 -0.6474
vn 0.3850 0.5737 -0.7230
vn 0.3938 -0.6617 -0.6380
vn 0.7569 0.6151 0.2208
vn 0.7592 -0.5773 0.3006
vn 0.8214 0.4582 -0.3396
vn 0.8219 -0.4979 -0.2766
vn 0.1727 0.9818 -0.0786
vn 0.1731 -0.9834 0.0551
vn 0.9351 -0.0236 -0.3536
vn 0.8811 0.0314 0.4719
vn 0.3297 -0.0627 -0.9420
vn -0.7558 0.0394 0.6536
vn -0.6374 0.6375 -0.4328
vn -0.1494 -0.4008 -0.9039
vn 0.2992 0.9369 -0.1810
vn 0.7693 -0.0627 -0.6358
vn -0.1024 0.7949 -0.5981
vn 0.2830 -0.0001 -0.9591
vn -0.3231 0.9143 0.2443
vn 0.4551 -0.7298 -0.5101
vn 0.1022 0.4480 -0.8882
vn 0.7556 0.5352 -0.3777
vn -0.6314 0.0552 -0.7735
vn 0.2208 -0.3155 0.9229
vn -0.6373 0.5900 0.4956
vn -0.4814 -0.6392 0.5998
vn -0.7237 0.4720 -0.5034
vn -0.5766 -0.7109 -0.4028
vn -0.9283 0.3698 0.0394
vn -0.8102 -0.5742 0.1179
vn -0.2904 0.9496 -0.1178
vn -0.0472 -0.9978 0.0472
vn -0.9886 -0.1177 0.0942
vn -0.7070 -0.1492 -0.6913
vn -0.5745 -0.0000 0.8185
vn 0.9009 0.0790 -0.4268
vn 0.6466 0.6623 -0.3785
vn 0.7388 -0.5737 -0.3537
vn 0.4560 0.6449 0.6133
vn 0.5441 -0.5441 0.6387
vn 0.8243 0.5416 0.1649
vn 0.8920 -0.4105 0.1894
vn 0.0790 0.9949 0.0631
vn 0.2282 -0.9682 0.1024
vn 0.9772 0.0788 0.1971
vn 0.4869 0.0550 0.8717
vn 0.7808 0.0474 -0.6230
vn -0.9862 -0.0710 0.1499
vn -0.7299 0.6593 0.1805
vn -0.8344 -0.5431 -0.0945
vn -0.1255 0.7685 -0.6274
vn -0.2210 -0.3946 -0.8919
vn -0.6551 0.6394 -0.4025
vn -0.7329 -0.2916 -0.6146
vn -0.0235 0.9966 0.0786
vn -0.1813 -0.9142 -0.3625
vn -0.7946 0.1967 -0.5743
vn -0.0553 0.2291 -0.9718
vn -0.9732 0.0313 0.2277
vn 0.9510 -0.1415 0.2750
vn 0.5370 0.6633 0.5212
vn -0.0631 -0.3392 0.9386
vn -0.3159 0.9476 0.0474
vn -0.8927 -0.0158 0.4503
vn -0.0236 0.8342 0.5509
vn -0.4866 0.0628 0.8713
vn 0.3852 0.8962 -0.2201
vn -0.5681 -0.6943 0.4418
vn -0.2906 0.5106 0.8092
vn -0.8192 0.5514 0.1576
vn 0.4417 0.1026 0.8913
vn -0.0079 -0.3796 -0.9251
vn -0.3239 0.7110 -0.6241
vn 0.6078 -0.0868 -0.7893
vn 0.0709 0.9609 0.2677
vn 0.9749 0.1887 0.1179
vn 0.1100 0.9429 -0.3143
vn -0.6328 0.7674 0.1028
vn 0.8529 -0.4976 -0.1579
vn 0.5357 0.7248 -0.4332
vn 0.6380 0.6617 0.3939
vn 0.0631 0.2680 -0.9614
vn -0.3770 -0.5890 0.7148
vn -0.3215 0.7294 0.6038
vn -0.9947 -0.0395 -0.0947
vn 0.2369 0.9478 -0.2132
vn -0.4092 0.2046 -0.8892
vn -0.2825 0.9572 0.0628
vn -0.8034 0.3623 -0.4726
vn 0.4586 0.7513 0.4745
vn -0.6070 -0.4730 -0.6386
vn -0.6224 0.7485 -0.2285
vn 0.0237 0.6623 -0.7489
vn -0.8328 0.3142 0.4557
vn 0.7766 -0.6276 -0.0549
vn 0.7105 0.7026 0.0395
vn 0.8454 -0.5293 0.0711
vn 0.0237 0.6236 0.7814
vn 0.1571 -0.5659 0.8094
vn 0.5825 0.5588 0.5903
vn 0.6845 -0.3935 0.6137
vn -0.0237 0.9918 0.1259
vn 0.1884 -0.9654 0.1806
vn 0.7234 0.0943 0.6840
vn -0.0472 0.0235 0.9986
vn 0.9876 0.1027 -0.1185
vn -0.9127 -0.1101 -0.3935
vn -0.6370 0.7707 -0.0157
vn -0.8889 -0.4405 -0.1259
vn 0.0631 0.6694 -0.7402
vn -0.1809 -0.4956 -0.8495
vn -0.5036 0.6453 -0.5744
vn -0.6936 -0.2838 -0.6621
vn 0.1180 0.9910 -0.0629
vn -0.2758 -0.9297 -0.2442
vn -0.6842 0.2045 -0.7000
vn 0.0866 0.0788 -0.9931
vn -0.9766 0.1969 0.0867
vn 0.8817 -0.2204 0.4172
vn 0.0785 0.7928 0.6044
vn -0.6151 -0.2208 0.7569
vn -0.3149 0.8897 -0.3306
vn -0.9812 -0.0864 -0.1727
vn -0.3843 0.8862 0.2588
vn -0.9203 0.1023 0.3776
vn 0.4095 0.9056 -0.1102
vn -0.6929 -0.7085 0.1339
vn -0.7412 0.5598 0.3705
vn -0.7636 0.4487 -0.4644
vn -0.1976 0.2766 0.9404
vn 0.5677 -0.4888 -0.6624
vn 0.4407 0.8029 -0.4014
vn 0.9740 -0.2199 0.0550
vn -0.0869 0.8846 0.4581
vn 0.4259 -0.1025 0.8990
vn 0.4271 0.8857 0.1818
vn 0.8437 0.0947 0.5283
vn -0.3319 0.9088 -0.2529
vn 0.5209 -0.7102 0.4735
vn 0.7249 0.5595 0.4018
vn 0.0631 0.4337 0.8989
vn 0.8777 0.2926 -0.3795
vn -0.8645 -0.4952 -0.0865
vn -0.3550 0.8439 0.4022
vn -0.8770 -0.2844 0.3872
vn -0.2216 0.7676 -0.6014
vn -0.7240 -0.3148 -0.6138
vn -0.5813 0.8013 -0.1414
vn -0.9861 -0.0710 -0.1500
vn 0.2750 0.9588 -0.0707
vn -0.5580 -0.8253 -0.0865
vn -0.8955 0.4163 -0.1571
vn -0.4727 0.2285 -0.8511
vn -0.6907 0.3139 0.6515
vn 0.8920 -0.4105 -0.1894
vn 0.5365 0.8205 0.1972
vn 0.7035 -0.3242 0.6324
vn -0.4391 0.7606 0.4782
vn -0.2753 -0.3462 0.8969
vn 0.1339 0.7715 0.6220
vn 0.2596 -0.1101 0.9594
vn -0.1501 0.9718 -0.1817
vn 0.1181 -0.8508 0.5121
vn 0.2283 0.3778 0.8973
vn -0.5813 0.2121 0.7856
vn 0.8834 0.2760 0.3786
vn -0.5423 -0.3695 -0.7546
vn -0.4557 0.8328 -0.3142
vn 0.2753 0.0630 -0.9593
vn 0.2589 0.8790 0.4003
vn 0.9663 0.1336 -0.2200
vn 0.0866 0.9837 -0.1574
vn 0.6505 0.3919 -0.6506
vn -0.4710 0.7458 0.4711
vn 0.6838 -0.4794 -0.5501
vn 0.4178 0.7804 -0.4652
vn 0.7970 0.5523 0.2446
vn -0.2590 0.4631 -0.8476
vn -0.1577 -0.7177 0.6783
vn 0.1578 0.9152 0.3709
vn -0.6807 0.0791 0.7282
vn -0.1570 0.7929 -0.5888
vn -0.9715 -0.0079 -0.2370
vn -0.2683 0.9628 -0.0316
vn -0.9142 0.3232 0.2443
vn 0.5427 0.7788 -0.3146
vn -0.7972 -0.5447 0.2605
vn -0.6693 0.7322 0.1259
vn -0.6616 0.3939 -0.6381
vn -0.2048 0.5592 0.8034
vn 0.5282 -0.7253 -0.4415
vn 0.1344 0.9249 -0.3557
vn 0.9285 -0.0315 -0.3699
vn 0.0078 0.7707 0.6371
vn 0.7699 -0.1492 0.6205
vn 0.3551 0.9154 0.1894
vn 0.9681 0.1811 0.1731
vn -0.5095 0.8544 0.1019
vn 0.7472 -0.6608 0.0708
vn 0.7558 0.6220 0.2047
vn 0.3786 0.2998 0.8756
vn 0.5993 0.5125 -0.6150
vn -0.7637 -0.6299 0.1418
vn -0.3605 0.9325 -0.0235
vn -0.4402 0.0550 -0.8962
vn 0.6370 0.7707 0.0157
vn 0.5584 -0.0787 -0.8258
vn 0.1653 0.9446 -0.2834
vn 0.1020 0.2671 -0.9582
vn 0.1420 0.8050 0.5760
vn 0.0159 -0.5923 -0.8055
vn 0.1501 0.6871 -0.7109
vn 0.8453 0.3318 -0.4187
vn -0.6556 0.5609 -0.5055
vn 0.1969 -0.7011 0.6853
vn 0.3295 0.9335 0.1413
vn 0.9530 -0.1261 0.2757
vn -0.4037 0.5540 0.7281
vn 0.1970 -0.4728 0.8589
vn 0.1499 0.7337 0.6627
vn 0.6300 -0.0866 0.7718
vn -0.4559 0.8883 0.0551
vn 0.5277 -0.8034 0.2757
vn 0.4497 0.3708 0.8126
vn -0.2684 -0.0316 0.9628
vn 0.8557 0.5103 0.0864
vn -0.6761 -0.4717 -0.5660
vn -0.1572 0.9590 -0.2359
vn 0.5356 0.1260 -0.8350
vn 0.3310 0.7092 0.6224
vn 0.9947 -0.0947 0.0394
vn 0.3460 0.9356 0.0707
vn 0.8724 0.2907 -0.3930
vn -0.4010 0.7705 0.4954
vn 0.6858 -0.5597 -0.4652
vn 0.6915 0.6994 -0.1807
vn 0.8034 0.2757 0.5277
vn 0.0944 0.6295 -0.7712
vn -0.4877 -0.7394 0.4641
vn -0.2291 0.9641 0.1343
vn -0.9558 -0.0316 0.2922
vn 0.0079 0.6199 -0.7847
vn -0.6924 -0.3384 -0.6373
vn -0.3925 0.8242 -0.4082
vn -0.9570 0.0554 -0.2848
vn 0.4626 0.8548 -0.2353
vn -0.6912 -0.7226 0.0078
vn -0.7700 0.5028 -0.3928
vn -0.3152 0.0788 -0.9458
vn -0.6871 0.5765 0.4423
vn 0.8109 -0.5826 0.0551
vn -0.0943 0.9818 -0.1650
vn 0.4153 0.1253 -0.9010
vn 0.4872 0.6444 0.5894
vn 0.9764 -0.1811 -0.1181
vn 0.4400 0.8958 0.0628
vn 0.8320 0.2354 -0.5024
vn -0.2522 0.7723 0.5831
vn 0.5534 -0.5929 -0.5851
vn 0.7188 0.6477 -0.2528
vn 0.8916 0.1736 0.4182
vn 0.0394 0.6619 -0.7486
vn -0.4868 -0.7145 0.5025
vn 0.1103 0.9848 0.1339
vn -0.1961 0.1255 0.9725
vn -0.6253 0.6252 -0.4670
vn -0.9151 -0.2051 0.3472
vn -0.4627 0.8860 0.0314
vn -0.6924 0.2282 0.6845
vn 0.0944 0.7712 -0.6296
vn -0.3881 -0.5939 0.7048
vn -0.6530 0.6373 0.4092
vn -0.9689 0.1496 -0.1970
vn 0.1259 0.6693 0.7323
vn 0.3685 -0.7135 -0.5959
vn 0.8448 0.4974 0.1974
vn -0.3140 0.9421 0.1178
vn 0.7100 0.0552 -0.7021
vn 0.7489 0.5440 -0.3784
vn -0.1413 0.8870 -0.4396
vn 0.9696 -0.2366 -0.0631
vn -0.8654 0.4642 -0.1888
vn 0.3466 0.8192 -0.4569
vn 0.1421 0.1896 -0.9715
vn 0.3069 0.8736 0.3777
vn -0.3629 -0.9232 0.1263
vn 0.3145 0.4401 -0.8411
vn -0.1813 0.9694 0.1654
vn -0.4720 -0.2046 -0.8575
vn -0.9453 0.3071 0.1103
vn -0.2681 0.3469 -0.8988
vn -0.6443 0.7544 -0.1257
vn 0.2681 -0.3469 -0.8988
vn -0.5198 0.4883 0.7009
vn -0.5123 0.6304 -0.5832
vn -0.9120 -0.0866 -0.4010
vn 0.2509 0.9015 -0.3527
vn 0.2212 -0.8139 0.5373
vn -0.7008 0.5276 -0.4802
vn 0.3924 0.9182 -0.0549
vn -0.8920 0.1263 0.4341
vn 0.1578 0.5127 0.8440
vn -0.7955 0.5985 0.0945
vn 0.0472 0.9042 0.4246
vn -0.9513 -0.1887 -0.2437
vn 0.7866 0.4326 0.4405
vn -0.4247 0.8573 0.2910
vn -0.4328 0.2519 0.8656
vn -0.1183 0.8597 -0.4969
vn 0.3302 -0.9434 0.0314
vn -0.5760 0.5288 0.6234
vn -0.1103 0.8743 -0.4727
vn 0.3541 0.2361 0.9049
vn 0.8040 0.5754 -0.1498
vn -0.0157 0.6667 0.7451
vn 0.3450 0.9330 -0.1019
vn -0.2920 -0.1341 0.9470
vn 0.4484 0.4092 -0.7947
vn 0.1813 0.9142 0.3625
vn 0.8068 0.3681 0.4622
vn -0.5745 0.8184 0.0157
vn 0.1416 -0.9594 -0.2438
vn 0.6055 0.5820 -0.5427
vn 0.1338 0.8021 0.5820
vn -0.3322 0.3639 -0.8702
vn -0.7856 0.5813 0.2122
vn 0.0550 0.7553 -0.6530
vn -0.3066 0.9279 0.2123
vn 0.2995 -0.0315 -0.9536
vn -0.4483 0.3225 0.8337
vn -0.1412 0.9576 -0.2511
vn -0.7863 0.4561 -0.4167
vn 0.6073 0.7888 0.0947
vn -0.1811 -0.9763 0.1181
vn -0.7468 0.5817 0.3223
vn 0.1421 0.8604 -0.4893
vn -0.0314 0.2590 0.9654
vn 0.8290 0.5290 0.1816
vn -0.2749 0.6992 0.6599
vn 0.4088 0.9121 0.0315
vn -0.6600 -0.0864 0.7463
vn 0.7556 0.3542 -0.5509
vn 0.0706 0.9173 0.3919
vn 0.5753 0.3467 0.7408
vn -0.4812 0.8440 -0.2367
vn 0.1727 -0.9736 -0.1492
vn 0.6433 0.5335 0.5491
vn -0.2448 0.9476 -0.2053
vn 0.9772 -0.0552 -0.2049
vn 0.1183 0.3469 -0.9304
vn 0.8763 0.4816 0.0078
vn 0.1888 0.8023 -0.5663
vn 0.8295 -0.2370 0.5057
vn -0.5928 0.4190 -0.6877
vn 0.6054 0.7312 -0.3145
vn 0.6539 0.0237 -0.7562
vn 0.1334 0.9260 0.3531
vn -0.4498 -0.8919 0.0473
vn -0.3245 0.6568 -0.6806
vn 0.7477 0.6611 -0.0630
vn -0.8097 0.5502 0.2043
vn 0.2273 0.5564 0.7992
vn -0.4641 0.8731 -0.1494
vn 0.3623 0.8743 0.3230
vn -0.8880 0.1572 -0.4322
vn 0.8182 0.1652 0.5507
vn -0.0552 0.9940 0.0947
vn -0.4155 0.5644 0.7133
vn 0.3390 0.7253 -0.5992
vn -0.1184 -0.9715 0.2054
vn -0.4175 0.6696 0.6143
vn -0.3694 0.6915 -0.6208
vn 0.5884 0.5099 0.6276
vn 0.6310 0.5284 -0.5679
vn 0.1260 0.8589 0.4964
vn 0.1653 0.8741 -0.4567
vn 0.0471 0.1412 0.9889
vn 0.1183 0.1734 -0.9777
vn 0.1656 0.9859 0.0237
vn 0.8548 0.5175 0.0392
vn -0.6455 0.7637 -0.0079
vn 0.1810 -0.9834 -0.0078
vn 0.7504 0.6398 -0.1659
vn -0.3692 0.8718 0.3220
vn 0.2924 0.1738 -0.9404
vn -0.7857 0.4007 -0.4714
vn 0.3937 0.6694 -0.6300
vn -0.4631 0.8476 -0.2590
vn 0.8572 -0.0630 -0.5112
vn -0.9152 0.3076 0.2603
vn -0.0393 0.8637 -0.5026
vn -0.3540 0.2046 -0.9126
vn 0.3070 0.9133 0.2676
vn -0.1107 -0.9724 0.2055
vn -0.7148 0.6756 0.1806
vn 0.4337 0.8673 -0.2445
vn -0.3231 0.1262 0.9379
vn 0.7883 0.3154 0.5283
vn -0.3785 0.6466 0.6623
vn 0.5036 0.7949 0.3385
vn -0.8805 -0.0471 0.4717
vn 0.9453 0.2600 -0.1970
vn 0.0710 0.8201 0.5678
vn 0.3235 0.1183 0.9388
vn -0.2356 0.9502 -0.2042
vn 0.0629 -0.9593 -0.2752
vn 0.1893 0.6784 0.7099
vn -0.3468 0.8511 -0.3941
vn 0.9491 0.1978 0.2452
vn 0.4354 0.3641 -0.8233
vn 0.6373 0.6924 0.3384
vn 0.2277 0.8244 -0.5182
vn 0.5419 -0.0157 0.8403
vn -0.2990 0.2518 -0.9205
vn 0.4885 0.8665 -0.1024
vn 0.8951 0.1963 -0.4004
vn -0.2595 0.9280 0.2674
vn -0.1974 -0.9788 -0.0552
vn 0.4658 0.7423 -0.4817
vn 0.4090 0.5349 0.7393
vn -0.5426 0.6605 -0.5189
vn -0.5972 0.4557 0.6601
vn -0.0706 0.9415 -0.3296
vn -0.1103 0.7807 0.6151
vn -0.0315 0.3232 -0.9458
vn -0.1105 -0.0079 0.9938
vn -0.0943 0.9818 0.1649
vn -0.8169 0.5734 0.0629
vn 0.6992 0.6992 0.1493
vn -0.2518 -0.9522 -0.1731
vn -0.3218 0.7537 0.5731
vn 0.0237 0.7883 -0.6149
vn 0.5512 0.2756 0.7875
vn 0.8829 0.3075 -0.3548
vn 0.2675 0.7555 0.5981
vn 0.5358 0.7801 -0.3231
vn -0.1573 0.0944 0.9830
vn 0.3942 0.1498 -0.9067
vn 0.4479 0.8802 0.1572
vn 0.9374 0.2127 0.2757
vn -0.3552 0.9315 -0.0789
vn -0.1334 -0.9891 -0.0628
vn 0.6563 0.7512 0.0711
vn -0.5423 0.7467 0.3851
vn 0.4014 0.3779 -0.8343
vn -0.7556 0.3777 -0.5352
vn 0.3789 0.8130 -0.4420
vn -0.5511 0.8109 -0.1967
vn 0.9249 0.1344 -0.3557
vn -0.9810 0.1334 0.1412
vn -0.0943 0.9276 -0.3616
vn -0.2368 0.3238 -0.9160
vn 0.1181 0.8818 0.4566
vn 0.0079 -0.9995 0.0315
vn -0.5818 0.7076 -0.4010
vn 0.2044 0.8096 0.5502
vn -0.9940 -0.0946 0.0552
vn -0.2370 -0.0001 0.9715
vn -0.8750 0.4809 0.0552
vn -0.2671 0.5579 0.7858
vn -0.7562 -0.0237 -0.6539
vn 0.4960 0.1338 0.8580
vn -0.6493 0.5939 0.4751
vn -0.7390 -0.2201 0.6368
vn -0.1025 0.9944 -0.0237
vn 0.4642 -0.8338 -0.2989
vn 0.1889 0.8814 0.4329
vn -0.8862 0.4626 -0.0235
vn 0.6283 0.6362 -0.4477
vn -0.4034 0.2294 -0.8858
vn 0.2360 0.9602 -0.1495
vn -0.5901 0.6373 -0.4956
vn 0.8440 0.4733 0.2524
vn -0.8589 -0.1970 -0.4727
vn -0.1979 0.9101 -0.3641
vn 0.2196 0.4078 -0.8862
vn -0.4802 0.7715 0.4172
vn 0.3464 -0.9369 0.0473
vn 0.1182 0.8508 -0.5121
vn -0.0709 0.7014 0.7092
vn -0.6843 0.2517 -0.6844
vn -0.8658 0.1102 0.4880
vn -0.4638 0.7548 -0.4638
vn -0.6071 0.6386 0.4730
vn -0.0000 0.2203 -0.9754
vn -0.2902 -0.0157 0.9568
vn -0.6063 0.7952 0.0079
vn -0.9873 0.0712 -0.1422
vn 0.2045 0.9674 0.1494
vn 0.2988 -0.9517 -0.0708
vn -0.4314 0.9020 -0.0157
vn 0.4957 0.4800 -0.7238
vn 0.0865 0.5902 0.8026
vn 0.0393 0.9431 0.3301
vn 0.7583 0.6161 -0.2132
vn -0.6331 0.4670 0.6173
vn 0.8345 -0.2047 -0.5116
vn 0.4495 0.8910 0.0631
vn 0.6631 0.3473 0.6631
vn -0.0786 0.8096 -0.5817
vn -0.2606 -0.9398 0.2211
vn 0.4313 0.9017 -0.0314
vn -0.7103 0.6077 0.3551
vn 0.2507 0.3918 -0.8853
vn -0.8515 0.1103 -0.5125
vn 0.1257 0.8409 -0.5265
vn -0.7557 0.6139 -0.2282
vn 0.8357 0.3469 -0.4257
vn -0.9740 -0.1256 0.1884
vn -0.3630 0.8286 -0.4262
vn -0.3545 0.1576 -0.9217
vn -0.1103 0.9223 0.3705
vn 0.2834 -0.9526 0.1103
vn -0.2516 0.9039 -0.3459
vn 0.6091 0.6170 0.4983
vn -0.9180 0.3531 0.1804
vn -0.0867 0.0710 0.9937
vn -0.5575 0.8167 0.1491
vn 0.1028 0.5931 0.7986
vn -0.7631 0.3383 -0.5507
vn 0.6052 -0.1258 0.7861
vn -0.2526 0.8051 0.5367
vn -0.6787 0.1105 0.7261
vn 0.3466 0.9375 -0.0316
vn 0.0078 -0.9438 -0.3303
vn -0.2600 0.8982 0.3546
vn 0.7557 0.5904 -0.2834
vn -0.0629 0.1258 0.9901
vn 0.9141 -0.1655 0.3703
vn 0.0868 0.6470 0.7575
vn 0.8744 0.4097 0.2599
vn -0.7075 0.3065 0.6368
vn 0.9075 -0.1815 -0.3788
vn 0.5507 0.6057 0.5743
vn 0.4863 -0.1804 0.8550
vn 0.2206 0.9691 -0.1103
vn -0.4575 -0.8283 -0.3234
vn -0.1651 0.9595 -0.2281
vn 0.9054 0.4173 0.0787
vn -0.5900 0.5428 0.5978
vn 0.4408 0.0236 0.8973
vn -0.1970 0.9141 0.3545
vn 0.6296 0.4959 0.5981
vn -0.8330 0.5423 -0.1100
vn 0.8695 -0.3161 0.3795
vn 0.2526 0.8051 0.5367
vn -0.1655 0.2205 0.9612
vn 0.4957 0.8262 -0.2676
vn -0.3872 -0.8931 -0.2292
vn 0.2522 0.9458 0.2049
vn -0.5655 0.5341 -0.6284
vn 0.9346 0.3063 -0.1806
vn 0.1419 -0.0945 -0.9854
vn 0.5843 0.7738 -0.2448
vn -0.0472 0.4561 -0.8887
vn 0.7394 0.4090 0.5348
vn -0.5667 -0.2440 -0.7870
vn 0.2995 0.7017 -0.6465
vn 0.7187 -0.0237 -0.6949
vn -0.3294 0.9336 -0.1412
vn -0.0473 -0.8754 0.4811
vn 0.8365 0.4104 0.3631
vn 0.7013 -0.2837 -0.6540
vn 0.3462 -0.2990 0.8892
vn 0.2134 -0.9723 -0.0949
vn 0.8122 -0.1341 0.5678
vn 0.7091 -0.6697 -0.2206
vn 0.2286 0.4416 0.8676
vn 0.0079 -0.6624 -0.7491
vn 0.8672 -0.4572 0.1971
vn 0.1972 -0.8205 0.5365
vn 0.9294 0.2362 -0.2836
vn -0.9821 0.1885 -0.0000
vn 0.4877 0.4641 -0.7395
vn 0.0474 -0.6944 -0.7181
vn 0.9510 0.2750 0.1415
vn 0.5213 -0.8371 0.1658
vn 0.8868 0.1649 -0.4317
vn 0.5418 -0.7302 -0.4162
vn 0.5116 0.8579 -0.0472
vn -0.1961 -0.9805 -0.0157
vn 0.8109 -0.3228 -0.4881
vn 0.8770 -0.3318 0.3476
vn 0.1727 -0.0863 -0.9812
vn -0.6068 0.2443 0.7564
vn -0.5679 0.5285 -0.6311
vn -0.6175 -0.6887 -0.3800
vn 0.4265 0.4265 -0.7976
vn 0.3790 -0.7422 -0.5527
vn -0.1261 0.2995 -0.9457
vn -0.1658 -0.6399 -0.7504
vn 0.0628 0.9272 -0.3693
vn -0.0157 -0.9994 0.0315
vn -0.1727 -0.1962 -0.9652
vn 0.6381 -0.1812 -0.7484
vn -0.8622 -0.0706 -0.5016
vn 0.4976 0.1579 0.8529
vn -0.7304 0.4869 0.4791
vn -0.3228 -0.6692 0.6693
vn -0.8205 0.2682 -0.5048
vn -0.4263 -0.8447 -0.3236
vn -0.9834 0.1731 0.0551
vn -0.6682 -0.7154 0.2044
vn -0.4864 0.8549 -0.1804
vn 0.1579 -0.9793 0.1263
vn -0.9395 -0.3079 0.1500
vn -0.6788 -0.3472 -0.6471
vn -0.5358 -0.0473 0.8430
vn 0.8525 0.2210 -0.4737
vn 0.7409 0.5439 -0.3941
vn 0.4177 -0.6225 -0.6619
vn 0.7540 0.2906 0.5891
vn 0.4409 -0.8345 0.3306
vn 0.9727 0.2275 0.0470
vn 0.7253 -0.6701 -0.1577
vn 0.4169 0.8734 0.2517
vn -0.0942 -0.9805 -0.1726
vn 0.9654 -0.2512 -0.0706
vn 0.6373 -0.3383 0.6924
vn 0.6150 0.0079 -0.7885
vn -0.9028 0.1570 0.4003
vn -0.8415 0.5191 0.1495
vn -0.5029 -0.5579 0.6602
vn -0.6359 0.1256 -0.7614
vn -0.3070 -0.9133 -0.2677
vn -0.9550 0.1262 -0.2684
vn -0.6936 -0.7093 0.1261
vn -0.4163 0.7776 -0.4712
vn 0.1183 -0.9304 0.3469
vn -0.9410 -0.3293 -0.0785
vn -0.4561 -0.4954 -0.7393
vn -0.7618 0.0708 0.6440
vn 0.9545 0.1814 -0.2367
vn 0.4896 0.5370 0.6869
vn 0.7655 -0.5918 0.2526
vn -0.4558 0.2121 0.8644
vn -0.1889 -0.8736 0.4486
vn 0.1181 0.1811 0.9764
vn 0.3366 -0.6889 0.6419
vn -0.2281 0.8335 0.5033
vn 0.2126 -0.9602 -0.1810
vn 0.2670 -0.2906 0.9188
vn -0.5435 -0.4096 0.7327
vn 0.8890 0.0393 0.4563
vn -0.5687 0.1659 -0.8057
vn -0.1968 0.5511 -0.8109
vn -0.9035 -0.3221 -0.2828
vn 0.5752 -0.1024 -0.8115
vn -0.1024 -0.9460 -0.3074
vn 0.0393 0.0472 -0.9981
vn -0.5042 -0.6224 -0.5987
vn 0.5587 0.6058 -0.5665
vn -0.5679 -0.7809 0.2602
vn -0.2682 -0.3236 -0.9074
vn 0.4189 -0.6877 -0.5929
vn -0.7658 0.2684 -0.5843
vn 0.5195 0.0866 0.8501
vn -0.5877 0.5643 0.5798
vn 0.2979 -0.2352 0.9252
vn -0.9862 -0.1657 0.0001
vn -0.1335 -0.9345 0.3299
vn -0.1575 -0.5747 0.8031
vn -0.8206 0.5445 -0.1736
vn 0.5823 -0.7239 0.3699
vn -0.5686 -0.3000 0.7660
vn -0.6779 -0.7331 0.0552
vn -0.0552 0.3393 0.9390
vn 0.3954 0.0474 -0.9173
vn 0.7488 0.6620 0.0315
vn 0.7978 -0.5609 0.2211
vn -0.0157 0.7148 0.6992
vn 0.0316 -0.4658 0.8843
vn 0.5508 0.5980 0.5823
vn 0.5891 -0.3456 0.7304
vn 0.0315 0.9995 0.0079
vn 0.1101 -0.9429 0.3143
vn 0.6552 0.1421 0.7420
vn -0.1498 0.1498 0.9773
vn 0.9991 0.0394 -0.0158
vn -0.8743 -0.1102 -0.4727
vn -0.7747 0.6324 -0.0000
vn -0.6058 -0.3776 0.7003
vn -0.5678 0.0709 -0.8201
vn -0.4078 -0.9021 -0.1412
vn -0.9154 0.1894 -0.3551
vn -0.7856 -0.5892 0.1886
vn -0.2843 0.7346 -0.6161
vn -0.0157 -0.8676 0.4969
vn -0.9689 -0.2285 -0.0946
vn -0.4713 -0.5577 -0.6833
vn -0.7808 0.2603 0.5679
vn 0.9816 0.0314 -0.1885
vn 0.0158 0.6198 0.7846
vn 0.8660 -0.2204 0.4487
vn -0.6915 -0.1022 0.7151
vn 0.1256 -0.9110 0.3927
vn -0.2055 0.1106 0.9724
vn 0.4485 -0.5349 0.7160
vn -0.6854 0.5909 0.4255
vn 0.6623 -0.7411 -0.1104
vn 0.1419 -0.2364 0.9612
vn -0.4486 -0.6846 0.5745
vn 0.6386 0.3784 0.6701
vn -0.3767 -0.0157 -0.9262
vn 0.6292 0.6293 -0.4562
vn -0.0471 -0.2827 -0.9580
vn 0.9732 -0.0314 0.2276
vn 0.3226 -0.9125 -0.2517
vn 0.9325 0.1422 -0.3320
vn 0.4107 -0.5608 -0.7189
vn 0.6831 0.6516 0.3298
vn -0.3864 -0.7964 -0.4652
vn 0.7648 -0.2366 -0.5992
vn 0.7607 -0.6352 0.1334
vn 0.2288 0.3314 -0.9153
vn -0.5975 -0.0000 0.8019
vn -0.4976 0.7266 0.4739
vn -0.4254 -0.4726 0.7718
vn -0.7575 0.4577 -0.4656
vn -0.6915 -0.6994 -0.1808
vn -0.8743 0.4727 0.1103
vn -0.8215 -0.4581 0.3396
vn -0.2283 0.9445 -0.2361
vn -0.1179 -0.9665 0.2279
vn -0.9658 0.0078 0.2591
vn -0.8194 -0.1812 -0.5437
vn -0.4328 0.1889 0.8815
vn 0.8185 -0.0944 -0.5667
vn 0.6716 0.6874 0.2766
vn 0.8007 -0.2198 -0.5573
vn 0.3373 -0.0000 0.9414
vn 0.4584 -0.8773 0.1422
vn 0.7722 0.2127 0.5987
vn 0.8671 -0.4967 -0.0394
vn 0.0395 0.6619 0.7486
vn 0.2355 -0.7850 -0.5730
vn 0.9361 -0.1573 0.3147
vn 0.3463 -0.6060 0.7161
vn 0.8637 0.4004 -0.3062
vn -0.9944 -0.0789 -0.0710
vn -0.4158 0.7531 -0.5099
vn -0.6300 -0.4647 -0.6222
vn 0.5747 0.5667 -0.5904
vn 0.3709 -0.6076 -0.7023
vn 0.0394 0.5598 -0.8277
vn -0.1264 -0.3793 -0.9166
vn 0.2121 0.9741 -0.0785
vn -0.1256 -0.9577 -0.2590
vn -0.0552 0.1025 -0.9932
vn 0.7100 -0.0552 -0.7021
vn -0.7856 0.1886 -0.5893
vn 0.3875 -0.1503 0.9095
vn 0.0630 0.8105 0.5824
vn 0.7165 -0.2440 0.6535
vn -0.7874 0.2598 0.5590
vn -0.1573 -0.7547 0.6369
vn -0.2981 0.4394 0.8474
vn 0.1967 -0.3776 0.9048
vn -0.5662 0.8179 0.1023
vn 0.4573 -0.8594 0.2287
vn -0.0550 0.0392 0.9977
vn -0.6798 -0.3715 0.6324
vn 0.6156 0.4262 0.6629
vn -0.2439 -0.2203 -0.9444
vn 0.2910 0.8573 -0.4247
vn 0.5825 -0.2992 -0.7558
vn 0.5679 0.6311 0.5285
vn 0.8522 -0.4813 0.2052
vn 0.7105 0.7026 -0.0395
vn 0.9355 -0.1886 -0.2987
vn -0.0628 0.9572 0.2824
vn 0.4019 -0.8825 -0.2443
vn 0.9362 0.2911 -0.1967
vn 0.8077 0.0392 0.5882
vn 0.4008 0.3456 -0.8485
vn -0.7898 -0.3475 0.5054
vn -0.4889 0.8516 -0.1893
vn -0.9623 -0.2603 0.0789
vn 0.0788 0.4173 -0.9054
vn -0.3766 -0.6589 -0.6512
vn -0.4501 0.5607 -0.6950
vn -0.8195 -0.2995 -0.4886
vn 0.2830 0.8883 -0.3617
vn -0.4654 -0.8834 0.0552
vn -0.7262 0.1500 -0.6710
vn -0.0394 -0.2125 -0.9764
vn -0.9056 0.4095 0.1103
vn 0.8770 -0.2845 0.3872
vn 0.4723 0.8658 0.1653
vn 0.9657 -0.2591 0.0157
vn -0.1493 0.4795 0.8648
vn 0.3304 -0.6058 0.7238
vn 0.3934 0.6137 0.6846
vn 0.7774 -0.2592 0.5732
vn -0.3135 0.9091 0.2743
vn 0.4719 -0.8808 0.0393
vn 0.6719 0.2055 0.7115
vn -0.0392 -0.1413 0.9892
vn 0.9102 0.4080 -0.0707
vn -0.8440 -0.3155 -0.4338
vn -0.1421 0.8604 -0.4895
vn -0.9922 0.0394 -0.1181
vn 0.3708 0.1025 -0.9230
vn -0.4481 -0.6919 -0.5661
vn -0.1107 0.4350 -0.8936
vn -0.7678 -0.1978 -0.6094
vn 0.6213 0.6371 -0.4561
vn -0.7322 -0.6693 0.1260
vn -0.5052 0.1342 -0.8525
vn 0.0707 -0.4710 -0.8793
vn -0.7230 0.6522 -0.2279
vn 0.6545 -0.3786 0.6545
vn -0.4013 0.8657 0.2991
vn 0.1734 0.0079 0.9848
vn -0.9871 0.1343 -0.0868
vn -0.4335 -0.6936 0.5753
vn -0.8102 0.4484 0.3775
vn -0.3629 -0.2130 0.9072
vn -0.5982 0.6691 -0.4408
vn 0.3156 -0.6943 0.6469
vn -0.6635 0.1421 0.7346
vn -0.8760 -0.4499 0.1736
vn 0.0157 0.6284 0.7777
vn 0.4249 -0.3699 -0.8262
vn -0.0946 0.9071 -0.4102
vn -0.9560 0.0237 -0.2923
vn 0.5257 0.2119 -0.8238
vn -0.3082 -0.6320 -0.7110
vn 0.0236 0.5362 -0.8438
vn -0.6376 -0.1495 -0.7557
vn 0.6614 0.7007 -0.2677
vn -0.7088 -0.7010 -0.0787
vn -0.3554 0.2211 -0.9082
vn 0.2445 -0.3628 -0.8992
vn -0.7029 0.6554 -0.2764
vn 0.5425 -0.4403 0.7154
vn 0.1179 0.9278 0.3539
vn 0.7825 -0.0869 0.6166
vn -0.7249 0.4018 0.5595
vn -0.0868 -0.5760 0.8128
vn -0.2127 0.6378 0.7402
vn 0.2985 -0.1492 0.9427
vn -0.5597 0.8277 -0.0394
vn 0.4879 -0.7869 0.3778
vn 0.0549 0.2826 0.9577
vn -0.6057 -0.1967 0.7710
vn 0.6761 0.5660 0.4717
vn -0.3388 -0.4333 -0.8351
vn 0.7734 0.5998 0.2052
vn -0.2915 0.4805 0.8271
vn 0.2366 0.7253 -0.6465
vn -0.7943 0.6056 -0.0472
vn 0.3867 0.9156 -0.1105
vn -0.4341 0.8209 0.3710
vn 0.8172 0.2671 -0.5107
vn -0.8787 0.0785 0.4708
vn -0.0237 0.9884 0.1502
vn -0.4014 0.7318 -0.5508
vn 0.3700 0.5511 0.7479
vn -0.1495 -0.8890 -0.4327
vn 0.3706 0.5598 -0.7411
vn 0.9885 -0.0706 0.1334
vn -0.1886 0.9820 -0.0079
vn 0.4080 0.3766 0.8317
vn 0.3375 0.9027 -0.2669
vn 0.8112 0.4174 0.4096
vn -0.4113 0.6484 -0.6406
vn 0.5684 -0.3553 0.7421
vn 0.6559 0.7507 0.0791
vn -0.0000 0.8084 0.5886
vn 0.8573 0.1652 -0.4876
vn -0.8109 -0.5590 0.1732
vn -0.6383 0.5674 -0.5202
vn 0.2675 -0.1495 -0.9519
vn 0.0237 0.9927 0.1182
vn 0.9060 0.2993 -0.2993
vn -0.1572 0.8880 -0.4322
vn 0.5488 0.3293 -0.7683
vn -0.6546 0.7098 0.2602
vn 0.7950 -0.4329 -0.4250
vn 0.2207 0.6937 -0.6857
vn 0.6319 0.7741 0.0395
vn -0.3469 0.1183 -0.9304
vn 0.0078 -0.5029 0.8643
vn -0.5420 0.6285 0.5579
vn -0.6982 0.3296 -0.6355
vn 0.4338 0.8281 0.3549
vn 0.2824 0.5412 -0.7921
vn -0.1415 0.9510 0.2751
vn -0.2586 0.7212 -0.6427
vn 0.1417 0.4013 0.9049
vn -0.1102 -0.0630 -0.9919
vn -0.2281 0.9519 -0.2046
vn 0.5843 0.7659 -0.2684
vn -0.8848 0.4661 -0.0000
vn 0.5442 -0.8281 0.1341
vn 0.5921 0.6631 -0.4579
vn 0.5116 0.4093 0.7555
vn -0.4173 0.7715 -0.4803
vn -0.4949 0.5264 0.6913
vn 0.1102 0.9526 -0.2834
vn 0.0472 0.7556 0.6533
vn 0.0236 0.3699 -0.9288
vn -0.1025 -0.0316 0.9942
vn 0.0941 0.9728 0.2118
vn -0.6915 0.7151 0.1021
vn 0.8171 0.5500 0.1729
vn -0.4245 -0.8802 -0.2122
vn -0.6908 0.6751 0.2590
vn -0.1728 0.4870 -0.8562
vn 0.2355 0.7141 0.6592
vn 0.7394 0.5348 -0.4090
vn -0.1657 0.9394 0.3000
vn 0.2286 0.7964 -0.5599
vn -0.3539 0.3145 0.8808
vn 0.4660 0.0158 -0.8846
vn 0.0316 0.9881 -0.1503
vn 0.7091 0.6697 0.2206
vn -0.6695 0.6144 -0.4175
vn 0.2842 -0.9157 0.2842
vn 0.5189 0.6606 0.5426
vn -0.6124 0.2120 0.7616
vn 0.2203 0.8891 -0.4012
vn -0.8705 0.4548 -0.1882
vn 0.1732 0.9681 0.1810
vn -0.7014 0.6227 0.3468
vn 0.8360 0.5205 -0.1736
vn -0.9653 -0.1962 0.1726
vn -0.2987 0.9038 0.3065
vn -0.4002 0.7613 -0.5102
vn 0.0157 0.4090 0.9124
vn 0.1891 -0.7722 -0.6066
vn -0.2442 0.7013 -0.6697
vn 0.8615 0.1818 -0.4741
vn -0.3065 0.8957 0.3221
vn 0.7637 0.3936 0.5117
vn -0.0396 0.9795 -0.1975
vn 0.8176 0.5738 -0.0472
vn -0.8094 0.5736 -0.1257
vn 0.9508 -0.2515 0.1807
vn 0.4427 0.8853 -0.1423
vn 0.2291 0.7266 0.6477
vn 0.3469 0.4258 -0.8357
vn -0.4407 -0.7634 0.4722
vn -0.4722 0.7005 0.5351
vn -0.9596 -0.1259 -0.2517
vn 0.1819 0.9648 -0.1898
vn -0.2834 0.1653 -0.9446
vn -0.3700 0.9290 -0.0000
vn -0.7471 0.2909 -0.5977
vn 0.3154 0.7883 0.5283
vn -0.4567 -0.5274 -0.7164
vn -0.6373 0.6923 -0.3384
vn 0.0869 0.6555 -0.7502
vn -0.9196 0.2358 0.3143
vn 0.8258 -0.5584 0.0787
vn 0.6948 0.7186 0.0316
vn 0.1104 0.1737 0.9786
vn -0.2120 0.8950 -0.3925
vn -0.7707 0.3696 0.5190
vn 0.1731 0.9838 0.0473
vn -0.2749 0.5655 0.7776
vn 0.4013 0.5903 -0.7004
vn -0.5187 -0.2751 0.8095
vn -0.0550 0.8802 0.4715
vn -0.7069 0.7069 -0.0236
vn 0.6375 0.4328 0.6375
vn -0.2526 -0.7654 -0.5919
vn -0.6537 0.7561 -0.0315
vn -0.2683 0.0316 -0.9628
vn 0.3236 0.9236 0.2053
vn 0.6857 0.2206 -0.6936
vn -0.1261 0.9768 -0.1733
vn 0.1648 0.4158 -0.8944
vn -0.2441 0.7165 0.6535
vn 0.3549 -0.4338 -0.8282
vn 0.0236 0.7913 -0.6110
vn 0.7377 0.6436 -0.2041
vn -0.7147 0.3770 -0.5891
vn 0.3069 -0.6847 0.6610
vn -0.0627 0.7212 0.6899
vn -0.7557 -0.2991 0.5826
vn -0.2437 0.9277 -0.2829
vn -0.9182 -0.0549 -0.3924
vn -0.4403 0.8571 0.2673
vn -0.9810 0.0706 0.1805
vn 0.4108 0.9083 0.0790
vn -0.7000 -0.7079 -0.0944
vn -0.8096 0.5266 0.2594
vn -0.6530 0.5114 -0.5586
vn -0.3955 0.1741 0.9018
vn 0.7023 -0.4183 -0.5760
vn 0.5141 0.7908 -0.3322
vn 0.6064 0.2205 0.7640
vn -0.4881 0.8503 -0.1968
vn -0.4014 0.2991 0.8657
vn 0.0551 0.9982 -0.0236
vn 0.1261 0.5593 0.8193
vn -0.1103 0.6064 -0.7875
vn 0.0394 -0.2994 0.9533
vn 0.1100 0.8874 0.4477
vn -0.6854 0.6223 0.3781
vn 0.8253 0.5265 0.2044
vn -0.4407 -0.8106 -0.3856
vn -0.3224 0.8574 0.4011
vn -0.2127 0.5672 -0.7957
vn 0.6313 0.5523 0.5445
vn 0.7398 0.2755 -0.6139
vn 0.2449 0.9244 0.2924
vn 0.3382 0.6999 -0.6291
vn 0.0158 0.3700 0.9289
vn 0.1967 -0.0945 -0.9759
vn 0.3312 0.9227 -0.1972
vn 0.9263 0.3769 -0.0000
vn -0.5047 0.8280 -0.2444
vn 0.0158 -0.9714 0.2369
vn 0.5356 0.8035 0.2599
vn -0.1026 0.0395 0.9939
vn -0.2920 0.9000 -0.3237
vn -0.9073 0.1657 0.3866
vn -0.0235 0.9803 0.1960
vn -0.5133 0.3870 0.7660
vn 0.4166 0.7466 -0.5187
vn -0.5990 -0.4729 0.6462
vn -0.2991 0.7791 0.5509
vn -0.8064 0.5850 -0.0870
vn 0.4174 0.4251 0.8032
vn 0.0079 -0.6952 -0.7188
vn -0.3386 0.8270 -0.4489
vn 0.6119 0.1020 -0.7844
vn 0.0552 0.8751 0.4808
vn 0.9720 0.1739 0.1580
vn 0.0944 0.9911 -0.0944
vn 0.8282 0.4338 -0.3549
vn -0.6450 0.7159 0.2674
vn 0.8639 -0.4319 -0.2592
vn 0.5266 0.8096 -0.2594
vn 0.6236 0.5683 0.5368
vn 0.0630 0.4807 -0.8746
vn -0.3706 -0.7412 0.5598
vn 0.0158 0.8974 0.4409
vn -0.9682 0.2283 0.1024
vn 0.3920 0.7761 -0.4939
vn -0.5593 0.1261 -0.8193
vn -0.0236 0.9907 -0.1337
vn -0.7881 0.4728 -0.3941
vn 0.7234 0.6684 0.1730
vn -0.8391 -0.4000 -0.3686
vn -0.4641 0.8338 -0.2989
vn -0.0079 0.4566 -0.8896
vn -0.5987 0.6224 0.5041
vn 0.5743 -0.8181 -0.0315
vn 0.2611 0.8940 -0.3640
vn 0.9057 0.1575 0.3937
vn -0.5357 0.8034 0.2599
vn 0.0866 0.0945 0.9918
vn 0.0236 0.9872 0.1580
vn 0.5129 0.4182 0.7497
vn -0.5025 0.7145 -0.4868
vn 0.5187 -0.4560 0.7232
vn 0.3069 0.8027 0.5115
vn -0.4021 0.4653 0.7886
vn 0.8094 0.5737 -0.1257
vn -0.5655 -0.7776 -0.2749
vn -0.4502 0.8609 -0.2370
vn -0.3766 -0.1726 -0.9101
vn 0.5514 0.8270 -0.1102
vn 0.6268 -0.1723 -0.7599
vn 0.0866 0.8814 -0.4644
vn 0.1421 0.0789 -0.9867
vn 0.0157 0.9124 0.4091
vn 0.1337 -0.7315 -0.6686
vn 0.1258 0.5503 -0.8254
vn 0.8329 0.3457 -0.4322
vn -0.6764 0.3697 -0.6371
vn 0.2202 -0.5191 0.8259
vn 0.3070 0.9444 0.1181
vn -0.5925 0.3475 0.7268
vn -0.1180 0.6449 -0.7551
vn -0.9837 0.0709 -0.1652
vn -0.1498 0.9539 -0.2601
vn -0.8421 0.4958 0.2125
vn 0.5975 0.5975 -0.5347
vn -0.8282 -0.3549 0.4338
vn -0.5655 0.8246 -0.0157
vn -0.6674 0.3141 -0.6752
vn -0.0629 0.7550 0.6527
vn 0.3938 -0.8744 -0.2835
vn -0.0000 0.9327 -0.3606
vn 0.9448 0.1338 -0.2992
vn -0.1808 0.7626 0.6211
vn 0.7302 -0.0158 0.6831
vn 0.1813 0.9618 0.2049
vn 0.9040 0.3459 0.2515
vn -0.6533 0.7556 0.0472
vn 0.8425 -0.5197 0.1418
vn 0.6141 0.7480 0.2520
vn 0.2519 0.3622 0.8974
vn 0.5507 0.6058 -0.5742
vn -0.6466 -0.7570 0.0947
vn -0.2441 0.9605 0.1338
vn -0.1500 0.3316 -0.9314
vn 0.6758 0.6286 0.3849
vn 0.7706 0.0235 -0.6369
vn 0.3302 0.9434 0.0314
vn 0.4036 0.4590 -0.7915
vn 0.0394 0.6146 0.7879
vn 0.1967 -0.3777 -0.9048
vn 0.4094 0.8030 -0.4330
vn 0.9582 0.2749 -0.0786
vn -0.4246 0.7628 -0.4876
vn -0.0789 -0.8597 0.5047
vn 0.0235 0.9656 -0.2591
vn 0.9708 0.1737 -0.1658
vn -0.2677 0.6852 0.6773
vn 0.6479 -0.0712 0.7584
vn 0.1264 0.9403 0.3161
vn 0.8605 0.3316 0.3869
vn -0.6782 0.7334 0.0473
vn 0.8336 -0.5191 0.1887
vn 0.5666 0.7240 0.3934
vn 0.1340 0.2681 0.9540
vn 0.5983 0.6691 -0.4408
vn -0.6358 -0.7693 -0.0627
vn 0.0078 0.9737 0.2277
vn -0.9605 0.1968 0.1969
vn 0.2516 0.6604 -0.7075
vn -0.6764 -0.0865 -0.7314
vn -0.1260 0.9295 -0.3466
vn -0.8702 0.3322 -0.3639
vn 0.6841 0.7233 -0.0943
vn -0.8491 -0.5111 -0.1336
vn -0.5680 0.7179 -0.4024
vn -0.1657 0.2447 -0.9553
vn -0.5681 0.6943 0.4418
vn 0.6225 -0.7801 0.0630
vn 0.8834 0.4654 0.0552
vn 0.0866 0.4329 -0.8973
vn 0.8277 -0.5518 0.1025
vn 0.0633 -0.5771 -0.8142
vn 0.9783 -0.0631 -0.1972
vn 0.3618 -0.0866 -0.9282
vn 0.7559 -0.0393 0.6535
vn -0.5044 -0.0867 -0.8591
vn 0.7652 -0.0789 -0.6390
vn 0.4634 -0.8091 -0.3614
vn 0.5286 0.7099 -0.4654
vn -0.7342 -0.2684 0.6236
vn 0.1263 0.4656 -0.8760
vn -0.9075 0.3709 -0.1973
vn 0.2278 -0.5419 -0.8089
vn -0.7628 -0.6291 -0.1494
vn -0.0790 -0.0711 -0.9943
vn -0.8709 -0.1413 -0.4707
vn 0.7342 0.0001 -0.6789
vn -0.9050 -0.1416 0.4013
vn -0.5417 -0.1178 -0.8322
vn -0.2529 -0.8296 -0.4977
vn -0.4489 0.6773 -0.5828
vn 0.5509 -0.2282 0.8028
vn -0.8190 0.4173 -0.3937
vn -0.7253 -0.2760 0.6307
vn -0.3150 -0.3072 -0.8980
vn -0.2210 -0.9707 0.0947
vn -0.7890 -0.1341 -0.5996
vn -0.7166 -0.6692 0.1968
vn -0.1889 0.4329 -0.8814
vn -0.0473 -0.6617 0.7483
vn -0.8594 -0.4573 -0.2287
vn -0.1809 -0.8255 -0.5346
vn -0.9401 0.2371 0.2450
vn 0.9813 0.1884 0.0392
vn -0.5366 0.4024 0.7418
vn 0.3535 -0.4556 0.8170
vn -0.9872 -0.1579 0.0237
vn -0.1341 -0.9864 0.0947
vn -0.8058 -0.0948 0.5846
vn -0.1264 -0.7581 0.6397
vn -0.8183 0.5743 0.0236
vn 0.5902 -0.7948 0.1416
vn -0.5275 -0.4802 0.7008
vn -0.6925 -0.7162 -0.0866
vn 0.0079 0.0948 0.9955
vn 0.3375 0.2669 -0.9027
vn 0.6439 0.4477 -0.6204
vn -0.1971 -0.4258 -0.8831
vn 0.9820 -0.1335 0.1336
vn 0.1734 -0.9777 -0.1182
vn 0.8965 -0.0472 -0.4404
vn 0.2440 -0.7239 -0.6453
vn 0.7948 0.5901 0.1417
vn -0.5435 -0.7955 -0.2679
vn 0.6463 -0.4414 -0.6225
vn 0.6854 -0.7091 0.1655
vn 0.1577 0.1419 -0.9772
vn -0.4890 0.2208 0.8439
vn -0.7073 0.5266 0.4716
vn 0.4099 0.1970 0.8906
vn -0.8725 -0.4402 0.2123
vn 0.2057 -0.7595 0.6171
vn -0.7772 -0.0393 0.6280
vn 0.0866 -0.2913 0.9527
vn -0.9633 0.1816 -0.1974
vn 0.8107 -0.3463 0.4722
vn -0.3922 -0.1804 0.9020
vn -0.3936 -0.8345 0.3857
vn -0.1180 0.6058 0.7868
vn 0.3079 -0.1500 -0.9395
vn 0.7219 0.5806 0.3766
vn 0.3147 0.5192 -0.7946
vn 0.8235 -0.4313 0.3686
vn 0.4311 -0.4860 -0.7603
vn 0.9823 0.1021 0.1571
vn 0.6697 0.0552 -0.7406
vn 0.4876 0.0079 0.8730
vn -0.1650 -0.0864 -0.9825
vn 0.9387 0.0947 -0.3314
vn 0.6880 -0.6959 -0.2057
vn 0.5273 0.8184 -0.2282
vn -0.8490 -0.4246 0.3144
vn -0.4880 0.5510 -0.6770
vn -0.9223 0.0789 0.3784
vn -0.1337 -0.3694 -0.9196
vn -0.5518 -0.8276 0.1025
vn -0.5924 -0.0158 -0.8055
vn -0.9251 -0.3796 0.0078
vn 0.2209 0.2919 -0.9306
vn -0.4700 -0.4621 0.7520
vn -0.8661 -0.2204 -0.4487
vn -0.2903 -0.8240 -0.4865
vn -0.8343 0.5431 -0.0945
vn 0.9356 -0.1023 0.3380
vn -0.3778 0.5668 0.7321
vn 0.6475 -0.1343 0.7501
vn -0.8914 -0.2366 0.3866
vn 0.0943 -0.9114 0.4007
vn -0.5743 0.0236 0.8183
vn 0.2127 -0.5200 0.8273
vn -0.8760 0.4655 0.1263
vn 0.7485 -0.6460 0.1497
vn -0.2047 -0.2834 0.9369
vn -0.5348 -0.7709 0.3461
vn 0.2673 0.4087 0.8726
vn 0.0157 -0.0001 -0.9999
vn 0.8408 0.5344 -0.0865
vn 0.4812 -0.4417 -0.7572
vn 0.6540 -0.0079 0.7564
vn 0.3075 -0.9460 0.1024
vn 0.9629 0.0710 0.2605
vn 0.6866 -0.6788 -0.2604
vn 0.4315 0.6904 0.5806
vn -0.1338 -0.8580 -0.4959
vn 0.9404 -0.3399 -0.0079
vn 0.4731 -0.6150 0.6308
vn 0.7456 0.1727 -0.6436
vn -0.9459 0.1419 0.2916
vn -0.7626 0.6211 0.1808
vn -0.1733 -0.1260 0.9768
vn -0.8809 -0.1730 -0.4405
vn -0.3150 -0.8896 0.3307
vn -0.9924 0.0945 0.0787
vn -0.5361 -0.4809 0.6938
vn -0.6228 0.5124 -0.5912
vn 0.3157 -0.6710 0.6709
vn -0.8710 -0.2198 0.4394
vn -0.6621 -0.7252 -0.1892
vn -0.4722 0.4407 0.7634
vn 0.7766 -0.0550 -0.6276
vn 0.2442 0.7013 0.6697
vn 0.8610 0.3713 -0.3476
vn 0.2040 -0.2669 0.9419
vn 0.8012 -0.5970 -0.0393
vn 0.5200 0.2127 0.8273
vn 0.9981 -0.0471 0.0393
vn -0.3541 0.2361 0.9049
vn 0.6382 -0.2995 -0.7092
vn 0.8633 0.1021 0.4943
vn 0.5212 -0.6633 0.5370
vn 0.5981 0.7949 0.1023
vn -0.8290 -0.4185 -0.3710
vn 0.4485 0.6847 -0.5745
vn -0.7173 0.2601 -0.6464
vn 0.7709 -0.2754 -0.5743
vn -0.3541 -0.6845 -0.6373
vn 0.4969 0.1657 -0.8518
vn -0.4004 -0.1570 -0.9028
vn 0.9526 0.2834 -0.1103
vn -0.8962 -0.3852 -0.2201
vn 0.0551 0.0078 -0.9985
vn 0.2922 -0.7108 -0.6398
vn -0.2205 0.7242 -0.6534
vn 0.0628 -0.3297 0.9420
vn -0.3399 0.7034 0.6243
vn 0.7557 0.1102 0.6455
vn -0.8010 -0.1963 0.5655
vn 0.2525 -0.7654 0.5919
vn -0.4642 0.1887 0.8654
vn 0.3786 -0.2761 0.8834
vn -0.8976 0.4173 0.1418
vn 0.8314 -0.5256 0.1804
vn -0.0472 -0.0472 0.9978
vn -0.3951 -0.6953 0.6004
vn 0.3313 0.6389 0.6942
vn -0.1178 -0.2593 -0.9586
vn 0.6702 0.7411 0.0395
vn -0.1498 0.4889 -0.8594
vn 0.9737 -0.2277 -0.0000
vn 0.1888 -0.4641 -0.8654
vn 0.9186 0.2983 -0.2591
vn 0.2834 0.1102 -0.9527
vn 0.7790 0.1888 0.5980
vn -0.5199 -0.2128 -0.8273
vn 0.6833 0.2356 -0.6911
vn 0.6786 -0.5682 -0.4655
vn 0.2040 0.8787 -0.4315
vn -0.5362 -0.5520 0.6386
vn -0.5765 0.7502 -0.3238
vn -0.3709 0.3867 0.8443
vn -0.8034 -0.2047 -0.5592
vn -0.6058 -0.5586 0.5665
vn -0.9228 0.2839 -0.2603
vn -0.7636 -0.0000 0.6456
vn -0.3305 0.2676 -0.9051
vn -0.0079 -0.3138 0.9495
vn -0.9612 0.1655 0.2206
vn -0.7944 -0.6056 -0.0472
vn -0.4489 0.8269 0.3386
vn 0.8271 -0.4806 -0.2915
vn 0.2986 0.8013 0.5185
vn 0.9128 0.1889 -0.3620
vn 0.1256 -0.0785 0.9890
vn 0.7232 -0.6760 0.1414
vn 0.5050 0.3314 0.7970
vn 0.9829 -0.1415 0.1179
vn -0.3614 0.4635 0.8091
vn 0.6231 -0.5206 -0.5836
vn 0.8481 0.1099 0.5183
vn 0.4163 -0.5813 0.6991
vn 0.6868 0.7262 -0.0316
vn -0.8574 -0.4012 -0.3225
vn 0.2443 0.7564 -0.6067
vn -0.2993 -0.3229 -0.8979
vn 0.9648 0.2353 -0.1177
vn 0.4407 -0.8029 -0.4014
vn 0.6915 0.3693 -0.6208
vn 0.2672 -0.4560 -0.8489
vn 0.5598 0.8201 0.1183
vn -0.3061 -0.8871 -0.3454
vn 0.5450 -0.0473 -0.8371
vn 0.8961 -0.4087 -0.1729
vn -0.1975 0.3477 -0.9166
vn -0.2683 -0.1263 0.9550
vn -0.6477 -0.2291 0.7266
vn -0.5672 0.1418 -0.8113
vn -0.5756 -0.8122 -0.0946
vn -0.8723 0.3457 -0.3458
vn -0.8754 -0.4259 0.2288
vn -0.1575 0.7476 -0.6453
vn -0.1656 -0.8278 0.5361
vn -0.9973 -0.0392 -0.0628
vn -0.5916 -0.4812 -0.6469
vn -0.7031 0.4266 0.5688
vn 0.9629 -0.1658 -0.2131
vn 0.4641 0.8731 -0.1495
vn -0.2523 0.2366 -0.9383
vn 0.9997 0.0237 0.0078
vn 0.3081 -0.5847 -0.7505
vn 0.8170 0.4556 -0.3535
vn 0.2609 -0.0396 -0.9646
vn 0.7011 0.4962 0.5121
vn -0.4418 -0.5049 -0.7415
vn 0.6117 0.2431 -0.7528
vn 0.8084 -0.4709 -0.3532
vn -0.0157 0.7846 -0.6198
vn -0.3936 -0.5117 0.7637
vn -0.3384 0.8185 -0.4643
vn -0.9895 -0.1413 -0.0314
vn 0.2672 0.1571 -0.9507
vn -0.3635 -0.7665 -0.5295
vn -0.2681 0.4022 -0.8754
vn -0.7729 -0.3392 -0.5363
vn 0.4506 0.7354 -0.5061
vn -0.5841 -0.7893 0.1894
vn -0.5920 0.0394 -0.8050
vn 0.0784 -0.4553 -0.8869
vn -0.8506 0.5041 -0.1496
vn 0.7655 -0.2525 0.5919
vn -0.2435 0.8563 0.4555
vn 0.6366 0.0393 0.7702
vn -0.9077 0.0868 0.4105
vn -0.0553 -0.6941 0.7178
vn -0.5431 0.4251 0.7241
vn 0.1417 -0.2047 0.9685
vn -0.7712 0.6295 -0.0945
vn 0.6293 -0.6608 0.4091
vn -0.2274 0.1334 0.9646
vn -0.6544 -0.4810 0.5835
vn 0.3611 0.6515 0.6672
vn -0.0157 -0.3768 -0.9262
vn -0.2912 0.9208 -0.2597
vn -0.6477 0.2527 0.7188
vn -0.5057 0.1264 -0.8534
vn -0.8501 -0.5195 0.0866
vn -0.6838 0.5501 -0.4794
vn -0.9608 0.0315 0.2755
vn 0.1181 0.5508 -0.8263
vn -0.4497 -0.5206 0.7258
vn -0.9364 0.3305 -0.1180
vn -0.7611 -0.3688 -0.5335
vn -0.4498 0.8051 0.3867
vn 0.8116 -0.5751 -0.1024
vn 0.3298 0.9266 0.1806
vn 0.5181 0.2277 -0.8244
vn 0.6376 0.1495 0.7557
vn 0.8213 -0.5291 -0.2133
vn 0.7544 0.5580 0.3457
vn 0.9020 0.0157 -0.4315
vn 0.0236 0.5744 0.8182
vn 0.3237 -0.5447 -0.7736
vn 0.9424 0.3299 -0.0550
vn 0.8366 -0.3630 0.4104
vn 0.3858 0.7876 -0.4804
vn -0.7870 -0.5667 0.2440
vn 0.7378 0.3689 0.5652
vn 0.1099 -0.6909 0.7145
vn -0.1493 0.8561 0.4948
vn -0.7538 -0.1649 0.6360
vn 0.2362 0.5354 0.8109
vn -0.2511 -0.2824 0.9258
vn 0.4500 0.8922 0.0395
vn -0.5445 -0.7892 0.2841
vn -0.0078 0.1414 0.9899
vn -0.6613 0.4724 0.5827
vn 0.6525 -0.2909 0.6997
vn 0.5812 0.3063 -0.7539
vn 0.4094 -0.8504 -0.3306
vn 0.7758 0.6016 0.1900
vn 0.6121 -0.5101 0.6043
vn 0.9210 0.2755 -0.2756
vn 0.7877 -0.6143 0.0473
vn 0.3071 0.8980 -0.3151
vn 0.0394 -0.9310 0.3629
vn 0.9726 -0.1898 -0.1344
vn 0.7762 0.1177 0.6194
vn 0.4817 -0.3632 -0.7975
vn -0.8513 0.2838 0.4414
vn -0.3869 0.5134 -0.7660
vn 0.5054 -0.3475 -0.7898
vn 0.1182 0.9925 -0.0315
vn 0.9847 0.1655 -0.0552
vn 0.0866 0.8026 -0.5902
vn 0.7814 0.1420 -0.6077
vn -0.6003 0.7979 -0.0553
vn 0.8185 -0.5667 -0.0945
vn 0.4955 0.5349 -0.6844
vn 0.6910 0.7145 0.1099
vn -0.0550 -0.0235 -0.9982
vn -0.2998 -0.3393 0.8916
vn -0.7864 0.3225 0.5269
vn -0.3945 -0.8442 0.3629
vn -0.7546 0.4480 -0.4795
vn -0.3764 -0.6744 -0.6352
vn -0.9835 0.1809 -0.0078
vn -0.6767 -0.7240 -0.1338
vn -0.4713 0.8797 0.0628
vn 0.1574 -0.9678 -0.1967
vn -0.9481 -0.3081 -0.0789
vn -0.5902 -0.0866 -0.8026
vn -0.6352 -0.3137 0.7057
vn 0.8988 0.3468 -0.2680
vn 0.8192 0.5514 -0.1576
vn 0.6390 -0.3313 0.6942
vn -0.0471 0.9889 0.1412
vn -0.2200 0.1335 0.9663
vn 0.5060 0.8222 0.2608
vn 0.3690 0.1413 0.9186
vn 0.1805 0.8159 -0.5493
vn -0.1026 -0.5841 0.8052
vn 0.5047 0.5441 0.6703
vn -0.3226 0.6925 0.6453
vn 0.9753 0.0158 0.2203
vn -0.7633 -0.3620 -0.5351
vn -0.9129 0.3856 0.1338
vn -0.5768 -0.8058 0.1343
vn -0.4346 0.4977 -0.7506
vn -0.1103 -0.6539 -0.7485
vn -0.8656 0.2519 -0.4328
vn -0.6054 -0.6683 -0.4324
vn -0.3860 0.9138 -0.1261
vn 0.1503 -0.9805 -0.1266
vn -0.8409 -0.2358 -0.4872
vn -0.1883 -0.0549 -0.9806
vn -0.9039 -0.2515 0.3459
vn 0.9495 0.2668 0.1649
vn 0.4188 0.4187 0.8058
vn 0.0316 -0.7488 0.6621
vn -0.4887 0.7331 0.4730
vn -0.8579 -0.3935 0.3305
vn -0.1654 0.4567 0.8741
vn -0.4644 -0.4487 0.7636
vn 0.1974 0.9472 0.2527
vn -0.4089 -0.9123 0.0236
vn -0.3538 -0.0000 0.9353
vn -0.9000 0.2527 0.3552
vn 0.4421 -0.2527 0.8606
vn 0.0315 0.1104 -0.9934
vn 0.0471 0.5968 -0.8010
vn 0.7792 -0.3620 -0.5117
vn 0.2051 0.9706 0.1263
vn 0.9115 0.0472 0.4086
vn 0.4161 0.8165 -0.4004
vn 0.9818 0.0786 -0.1728
vn -0.4409 0.8660 -0.2361
vn 0.7230 -0.6522 0.2279
vn 0.7937 0.5109 -0.3301
vn 0.6206 0.6206 0.4792
vn 0.4087 0.0393 -0.9118
vn -0.7015 -0.3468 0.6226
vn -0.7078 0.5034 0.4955
vn -0.7003 -0.6925 0.1732
vn -0.4877 0.7395 -0.4641
vn -0.4789 -0.4082 -0.7772
vn -0.8567 0.5109 -0.0707
vn -0.8498 -0.4170 -0.3225
vn -0.1568 0.9724 0.1725
vn -0.1416 -0.9275 -0.3459
vn -0.9740 0.0550 -0.2199
vn -0.4635 0.2278 -0.8563
vn -0.8020 -0.1651 0.5740
vn 0.9922 0.0394 -0.1181
vn 0.7789 0.5980 0.1889
vn 0.4405 -0.4326 0.7866
vn -0.1650 0.9425 0.2906
vn -0.4964 -0.0473 0.8668
vn 0.3461 0.7708 0.5348
vn 0.0785 -0.0235 0.9966
vn 0.2609 0.9093 -0.3242
vn -0.2759 -0.7253 0.6307
vn 0.2436 0.4243 0.8721
vn -0.5444 0.5524 0.6313
vn 0.8678 -0.0000 0.4970
vn -0.5512 -0.2756 -0.7875
vn -0.8532 0.5215 0.0079
vn -0.7026 -0.7105 0.0395
vn -0.2446 0.5524 -0.7969
vn -0.0945 -0.6381 -0.7641
vn -0.7457 0.3768 -0.5495
vn -0.6282 -0.5732 -0.5262
vn -0.2203 0.9600 -0.1731
vn 0.0158 -0.9929 -0.1182
vn -0.7875 -0.1102 -0.6064
vn -0.0472 -0.0315 -0.9984
vn -0.9708 -0.1105 0.2131
vn 0.9457 0.1260 0.2995
vn -0.2118 0.7142 0.6671
vn -0.9338 -0.2197 0.2824
vn -0.0394 0.9533 -0.2994
vn -0.7367 0.0548 -0.6740
vn -0.4169 0.8966 0.1494
vn -0.9736 0.1728 -0.1492
vn 0.4484 0.8576 0.2518
vn -0.6955 -0.6243 -0.3557
vn -0.7952 0.6062 0.0079
vn -0.3787 0.5839 -0.7181
vn -0.6556 0.2054 0.7267
vn 0.8088 -0.4869 -0.3299
vn 0.6616 0.7167 -0.2205
vn 0.7900 -0.2291 0.5688
vn -0.2207 0.9462 0.2366
vn -0.0948 0.0315 0.9950
vn 0.3707 0.8915 0.2604
vn 0.4723 0.1653 0.8658
vn -0.0708 0.8656 -0.4958
vn 0.1341 -0.6391 0.7574
vn 0.4814 0.5997 0.6392
vn -0.3468 0.5753 0.7408
vn 0.9751 0.2044 0.0865
vn -0.7485 -0.4806 -0.4569
vn -0.5893 0.6128 0.5265
vn -0.6619 -0.6224 0.4176
vn -0.5510 0.6769 -0.4880
vn -0.6228 -0.5124 -0.5913
vn -0.8498 0.5271 0.0079
vn -0.9024 -0.4237 -0.0785
vn -0.1104 0.9934 0.0315
vn -0.2211 -0.9636 -0.1501
vn -0.9972 0.0629 -0.0393
vn -0.6156 0.1026 -0.7813
vn -0.6788 -0.0236 0.7340
vn 0.9513 -0.0315 -0.3067
vn 0.6995 0.6209 0.3538
vn 0.5997 -0.6075 0.5208
vn -0.2675 0.7158 0.6450
vn -0.3614 -0.4635 0.8091
vn 0.2911 0.5665 0.7710
vn 0.2133 -0.3791 0.9004
vn 0.0784 0.9961 0.0392
vn -0.0791 -0.9480 0.3082
vn 0.2906 0.1099 0.9505
vn -0.5333 0.1569 0.8313
vn 0.9153 -0.0157 0.4024
vn -0.6001 -0.0631 -0.7974
vn -0.2834 0.7163 -0.6376
vn 0.2910 -0.3539 -0.8888
vn 0.4178 0.9064 0.0630
vn 0.9768 -0.1260 -0.1734
vn 0.2755 0.8187 -0.5038
vn 0.7227 -0.0000 -0.6912
vn -0.3305 0.9364 0.1181
vn 0.5917 -0.7574 -0.2761
vn 0.5651 0.4631 -0.6829
vn 0.8846 0.4581 0.0868
vn -0.1576 0.1419 -0.9773
vn -0.2986 -0.3693 0.8800
vn -0.0237 0.7264 0.6869
vn -0.3383 -0.4643 0.8185
vn -0.6226 0.7723 -0.1261
vn -0.9263 -0.3768 -0.0000
vn -0.5587 0.6925 0.4565
vn -0.8042 -0.2207 0.5519
vn 0.0947 0.9944 -0.0473
vn -0.4098 -0.8985 0.1576
vn -0.7726 0.2681 0.5756
vn -0.9445 0.2282 -0.2361
vn -0.0551 0.1258 0.9905
vn 0.5272 -0.2282 -0.8185
vn 0.4314 0.7217 -0.5412
vn 0.7173 -0.4888 -0.4966
vn 0.4739 0.7423 0.4738
vn 0.7497 -0.4182 0.5129
vn 0.7444 0.6661 -0.0471
vn 0.9632 -0.2684 -0.0158
vn -0.0628 0.9979 0.0157
vn 0.3946 -0.9154 0.0789
vn 0.9730 0.2276 -0.0392
vn 0.6548 0.1814 0.7337
vn 0.6058 0.1180 -0.7868
vn -0.9048 -0.1967 0.3777
vn -0.7626 0.6211 -0.1808
vn -0.7856 -0.6127 -0.0864
vn -0.0000 0.5364 -0.8439
vn -0.0236 -0.6539 -0.7562
vn -0.5669 0.4330 -0.7008
vn -0.5808 -0.5180 -0.6280
vn -0.0473 0.9704 -0.2367
vn -0.0866 -0.9925 -0.0866
vn -0.6533 -0.0472 -0.7557
vn 0.1498 -0.0789 -0.9856
vn -0.9996 0.0236 0.0158
vn 0.8761 0.0237 0.4815
vn 0.4892 0.7654 0.4181
vn 0.2515 -0.3459 0.9039
vn -0.4956 0.8495 0.1810
vn -0.7230 -0.2279 0.6522
vn -0.0709 0.8036 0.5909
vn -0.2513 -0.0550 0.9663
vn 0.1103 0.9614 -0.2522
vn -0.2750 -0.8095 0.5188
vn -0.1806 0.4241 0.8874
vn -0.8488 0.3536 0.3930
vn 0.6193 0.1960 0.7603
vn -0.1583 -0.3639 -0.9179
vn 0.0237 0.7562 -0.6539
vn 0.3538 -0.4245 -0.8334
vn 0.6134 0.7706 0.1730
vn 0.9290 -0.3700 -0.0000
vn 0.5609 0.7188 -0.4108
vn 0.8121 -0.1893 -0.5519
vn -0.1022 0.9903 0.0942
vn 0.4235 -0.8862 -0.1881
vn 0.7791 0.2991 -0.5509
vn 0.9378 0.2206 0.2680
vn 0.0709 0.1653 -0.9837
vn -0.5379 -0.2690 0.7989
vn -0.5742 0.6999 0.4247
vn -0.6284 -0.5341 0.5656
vn -0.5904 0.5588 -0.5824
vn -0.6431 -0.6273 -0.4392
vn -0.8576 0.5114 -0.0551
vn -0.8962 -0.4402 0.0550
vn -0.1262 0.9781 -0.1656
vn -0.2124 -0.9752 0.0629
vn -0.9989 0.0472 -0.0001
vn -0.6527 -0.0629 -0.7550
vn -0.6365 0.1179 0.7622
vn 0.9351 -0.0786 -0.3457
vn -0.1812 0.7484 -0.6381
vn -0.2978 -0.4702 -0.8308
vn 0.7575 0.5839 -0.2919
vn 0.6468 -0.5917 -0.4812
vn 0.3711 0.5685 -0.7343
vn 0.2769 -0.3718 -0.8861
vn 0.2053 0.9786 0.0158
vn 0.0158 -0.9562 -0.2924
vn 0.3637 0.1107 -0.9249
vn 0.9397 -0.0395 -0.3396
vn -0.4710 0.1806 -0.8635
vn -0.0237 -0.1579 0.9872
vn -0.0473 0.8213 0.5686
vn -0.4483 -0.3225 0.8337
vn -0.5530 0.7741 -0.3081
vn -0.9449 -0.3228 -0.0551
vn -0.5589 0.7793 0.2834
vn -0.8673 -0.0946 0.4888
vn 0.1578 0.9706 -0.1815
vn -0.4812 -0.8441 0.2367
vn -0.8081 0.3923 0.4394
vn -0.8973 0.2283 -0.3778
vn -0.1492 0.2748 0.9499
vn 0.5924 -0.3791 -0.7108
vn 0.6452 0.7476 0.1574
vn -0.4899 0.8061 -0.3319
vn 0.8678 0.0079 -0.4969
vn -0.2290 0.0632 -0.9714
vn 0.7240 0.5666 -0.3935
vn -0.1577 0.6149 -0.7727
vn 0.9694 0.0236 0.2443
vn -0.8350 0.1260 -0.5357
vn 0.3228 0.6771 -0.6613
vn 0.3864 -0.1183 -0.9147
vn 0.0315 0.9980 0.0551
vn -0.2203 -0.8891 0.4013
vn 0.1335 0.6520 -0.7463
vn -0.8109 0.5826 0.0551
vn 0.0157 -0.3303 -0.9437
vn -0.8990 -0.4022 -0.1734
vn -0.1973 0.2210 -0.9551
vn -0.9267 0.1649 -0.3377
vn 0.6366 0.0393 -0.7702
vn -0.8656 -0.0708 0.4957
vn -0.6368 0.2202 -0.7389
vn -0.4934 -0.5952 -0.6343
vn -0.3368 0.8851 -0.3211
vn 0.5659 -0.5424 0.6209
vn -0.7469 0.6054 -0.2751
vn -0.3938 0.2836 0.8744
vn -0.7685 -0.3764 -0.5175
vn -0.4255 -0.6854 0.5909
vn -0.9778 0.0710 -0.1972
vn -0.7082 -0.1731 0.6845
vn -0.4423 0.1895 -0.8766
vn 0.1177 -0.3140 0.9421
vn -0.9577 -0.0549 0.2826
vn -0.6370 -0.7707 -0.0157
vn -0.6058 0.7002 0.3777
vn 0.8944 -0.2746 -0.3531
vn -0.4082 0.8085 0.4239
vn 0.5682 0.7497 -0.3393
vn 0.0315 0.0948 0.9950
vn 0.9651 0.0392 0.2589
vn 0.0314 0.6367 0.7705
vn 0.7867 0.5902 0.1810
vn -0.6693 0.1260 0.7323
vn 0.8726 0.0314 -0.4875
vn 0.4635 0.7070 0.5342
vn 0.6131 -0.0786 0.7861
vn -0.0158 0.9954 -0.0948
vn -0.2987 -0.9038 -0.3065
vn 0.4255 0.7565 -0.4966
vn -0.7389 0.6682 -0.0865
vn 0.3150 -0.1496 -0.9372
vn -0.8109 -0.2361 -0.5354
vn 0.1571 0.4163 -0.8955
vn -0.7408 0.3467 -0.5753
vn 0.8673 0.0946 -0.4888
vn -0.9854 -0.0394 0.1655
vn -0.3306 0.4408 -0.8345
vn -0.2836 -0.3939 -0.8743
vn -0.1417 0.9685 -0.2047
vn 0.2761 -0.7179 0.6390
vn -0.6392 0.5997 0.4814
vn 0.4337 0.1340 0.8910
vn -0.9198 -0.3301 0.2122
vn 0.1102 -0.7875 0.6064
vn -0.7735 0.0552 0.6314
vn 0.0553 -0.3157 0.9472
vn -0.9355 0.2987 -0.1886
vn 0.7664 -0.4502 0.4582
vn -0.4079 -0.1412 0.9020
vn -0.4894 -0.7892 0.3710
vn -0.0393 0.6058 0.7946
vn 0.2830 -0.1730 -0.9434
vn 0.5404 0.7676 0.3447
vn 0.0157 0.6370 -0.7707
vn 0.9619 -0.1498 0.2286
vn 0.4580 -0.2763 -0.8449
vn 0.9068 0.4179 0.0551
vn 0.5044 0.3152 -0.8039
vn 0.5736 0.1258 0.8094
vn -0.2601 -0.0868 -0.9617
vn 0.8031 0.4174 -0.4252
vn 0.8408 -0.4165 -0.3458
vn 0.1965 0.9590 -0.2043
vn -0.6076 -0.7023 0.3709
vn -0.4251 0.7241 -0.5431
vn -0.6075 0.4497 0.6548
vn -0.5895 -0.2436 -0.7702
vn -0.7693 -0.5102 0.3846
vn -0.7858 0.2672 -0.5578
vn -0.9303 0.0552 0.3626
vn -0.0238 0.1976 -0.9800
vn -0.3167 -0.2374 0.9183
vn -0.9758 0.1889 -0.1102
vn -0.7534 -0.6044 -0.2590
vn -0.5120 0.8508 0.1182
vn 0.8642 -0.5028 0.0156
vn -0.1894 0.8602 0.4735
vn 0.0237 0.0236 0.9994
vn 0.9315 -0.2368 0.2762
vn 0.1808 0.5582 0.8097
vn 0.9091 0.3478 0.2293
vn -0.6381 0.2599 0.7248
vn 0.8647 -0.1729 -0.4717
vn 0.6154 0.5207 0.5917
vn 0.5433 -0.2913 0.7874
vn 0.2517 0.9675 -0.0236
vn -0.5191 -0.7707 -0.3695
vn 0.4661 0.8768 -0.1184
vn -0.7450 0.6666 0.0236
vn 0.4803 0.1811 -0.8582
vn -0.6912 -0.0158 -0.7225
vn 0.2909 0.6997 -0.6525
vn -0.6433 0.5413 -0.5413
vn 0.9299 0.2521 -0.2679
vn -0.9954 -0.0869 -0.0395
vn -0.2044 0.7078 -0.6762
vn -0.1025 -0.0551 -0.9932
vn -0.1569 0.9806 0.1177
vn 0.1975 -0.9006 0.3871
vn -0.4827 0.8309 0.2769
vn 0.6873 0.5056 0.5215
vn -0.7861 -0.0786 0.6131
vn 0.3468 -0.3941 0.8511
vn -0.5350 0.4484 0.7160
vn 0.3709 0.1973 0.9075
vn -0.9610 0.2756 -0.0236
vn 0.8966 -0.2437 0.3697
vn -0.0948 0.3711 0.9238
vn -0.2992 -0.4330 0.8503
vn 0.1809 0.9205 0.3462
vn -0.0236 -0.6538 -0.7563
vn 0.2665 0.8621 0.4310
vn 0.4247 0.5112 -0.7472
vn 0.6871 -0.0079 0.7266
vn 0.8436 -0.3468 -0.4099
vn 0.7324 0.5119 0.4489
vn 0.8578 0.2362 -0.4565
vn 0.0471 0.3064 0.9507
vn 0.2989 -0.2518 -0.9205
vn 0.9021 0.4315 -0.0079
vn 0.8983 -0.3704 0.2363
vn 0.2684 0.9317 -0.2448
vn -0.7068 -0.6988 0.1099
vn 0.2821 0.9170 -0.2822
vn -0.5042 0.5988 0.6223
vn -0.2444 0.3232 -0.9143
vn -0.9991 0.0157 -0.0394
vn -0.2212 0.7979 -0.5608
vn -0.8221 0.5533 0.1344
vn -0.7475 -0.1574 0.6453
vn -0.5906 0.7716 -0.2363
vn -0.7660 0.0632 -0.6397
vn -0.0000 0.9439 0.3303
vn 0.3863 -0.9223 0.0079
vn -0.1492 0.9427 0.2986
vn 0.5041 0.5356 -0.6775
vn 0.3625 0.2994 0.8826
vn 0.9940 -0.0947 -0.0553
vn 0.3613 0.7697 0.5262
vn 0.8609 0.4581 -0.2212
vn -0.3778 0.4014 0.8343
vn 0.6592 -0.2354 -0.7142
vn 0.6925 0.7003 0.1732
vn 0.8245 -0.0235 0.5654
vn 0.0707 0.9356 -0.3460
vn -0.4812 -0.8757 0.0395
vn 0.3302 0.9436 0.0236
vn -0.8205 0.5365 -0.1972
vn 0.6707 0.2998 -0.6785
vn -0.4420 -0.0947 -0.8920
vn 0.3460 0.7708 -0.5349
vn -0.5417 0.4553 -0.7065
vn 0.9123 0.4089 0.0236
vn -0.9119 -0.2437 -0.3302
vn -0.1106 0.7027 -0.7028
vn 0.1976 -0.0238 -0.9800
vn -0.3459 0.9356 0.0707
vn 0.2287 -0.8754 0.4259
vn -0.6133 0.7785 -0.1337
vn -0.4182 0.1262 0.8995
vn -0.7712 -0.0944 -0.6295
vn -0.5823 -0.7239 0.3699
vn -0.9333 0.2901 -0.2118
vn -0.7789 -0.2124 0.5901
vn -0.3311 0.4808 -0.8119
vn -0.0158 -0.5510 0.8343
vn -0.9760 0.0473 0.2125
vn -0.7494 -0.6153 -0.2445
vn -0.5121 0.6775 0.5279
vn 0.8628 -0.3373 -0.3765
vn 0.2049 0.9536 0.2206
vn 0.0001 0.4504 -0.8928
vn 0.8875 0.2278 0.4005
vn 0.6922 -0.2517 -0.6764
vn 0.7123 0.6965 0.0871
vn 0.5584 0.3067 -0.7708
vn 0.3143 0.4558 0.8328
vn -0.0079 -0.3399 -0.9404
vn 0.7191 0.5770 -0.3872
vn 0.9810 -0.1649 -0.1020
vn -0.0552 0.9140 -0.4019
vn -0.4405 -0.7866 0.4326
vn 0.0157 0.9736 -0.2277
vn -0.3937 0.4330 0.8109
vn -0.5590 0.3227 -0.7638
vn -0.9531 -0.1891 0.2363
vn -0.5118 0.7715 -0.3779
vn -0.8334 0.3538 0.4246
vn 0.1657 0.4969 -0.8519
vn -0.4800 -0.3541 0.8026
vn -0.7633 0.6453 0.0315
vn -0.9165 -0.0632 -0.3951
vn -0.0709 0.8984 0.4334
vn 0.5291 -0.8213 -0.2132
vn -0.1257 0.9819 0.1413
vn 0.8650 0.2910 0.4089
vn -0.7035 0.3083 0.6403
vn 0.2519 -0.3622 0.8974
vn -0.2747 0.7143 0.6437
vn 0.4956 0.1809 0.8495
vn -0.7981 0.6006 -0.0474
vn 0.7809 -0.4969 0.3785
vn 0.1260 0.5116 0.8500
vn -0.3609 -0.1648 0.9179
vn 0.5289 0.8290 0.1816
vn -0.3225 -0.7001 -0.6371
vn 0.3300 0.8720 -0.3614
vn -0.3861 0.0315 -0.9219
vn 0.9830 0.1258 -0.1337
vn 0.2911 -0.6843 -0.6686
vn 0.7095 0.4573 -0.5361
vn 0.1576 -0.1890 -0.9692
vn 0.6865 0.6550 0.3156
vn -0.4573 -0.6780 -0.5755
vn 0.4888 0.1498 -0.8594
vn 0.8126 -0.4496 -0.3708
vn -0.1814 0.6465 -0.7411
vn -0.2359 -0.3932 0.8887
vn -0.4635 0.8721 -0.1572
vn -0.6909 0.0315 0.7222
vn -0.5111 0.1336 -0.8491
vn -0.7342 -0.6790 -0.0000
vn -0.7753 0.4620 -0.4307
vn -0.9513 -0.1887 0.2437
vn 0.0157 0.6584 -0.7525
vn -0.3454 -0.6830 0.6436
vn -0.9823 0.1571 -0.1022
vn -0.6691 -0.4408 -0.5983
vn -0.6062 0.6455 0.4645
vn 0.9078 -0.3947 -0.1421
vn 0.0787 0.9908 0.1101
vn 0.8439 0.2208 -0.4890
vn 0.1343 0.3789 0.9157
vn 0.8679 -0.3629 0.3393
vn 0.3958 0.7440 0.5383
vn 0.9856 0.1498 0.0788
vn -0.4746 0.6643 0.5774
vn 0.7390 -0.5581 -0.3774
vn 0.7866 0.5113 0.3461
vn 0.5362 -0.1183 0.8357
vn 0.4804 0.7875 -0.3860
vn -0.7258 -0.6863 -0.0473
vn -0.2055 0.9724 0.1106
vn -0.0393 0.1181 0.9922
vn -0.8745 0.3545 -0.3309
vn -0.7142 -0.4708 0.5180
vn -0.7163 0.6848 0.1339
vn -0.5884 0.0236 0.8082
vn -0.2920 0.7183 -0.6315
vn -0.0237 -0.6454 0.7634
vn -0.7393 0.4090 0.5349
vn -0.9821 -0.1885 0.0001
vn 0.0237 0.7186 0.6950
vn 0.4724 -0.5826 -0.6614
vn 0.0315 0.9915 -0.1259
vn -0.4646 0.1418 -0.8741
vn 0.8874 0.4476 -0.1099
vn 0.4080 -0.3767 -0.8317
vn 0.4968 0.7649 -0.4101
vn 0.1106 0.1107 -0.9877
vn 0.4965 0.7330 0.4650
vn -0.2919 -0.6231 -0.7256
vn 0.3383 0.5037 -0.7949
vn 0.8656 -0.0708 -0.4958
vn -0.0315 -0.6537 0.7561
vn 0.9607 0.2284 -0.1575
vn 0.2837 -0.6540 -0.7013
vn 0.6521 -0.1336 0.7463
vn -0.0000 -0.9771 0.2128
vn 0.9478 -0.2133 0.2369
vn 0.4235 -0.8861 -0.1882
vn 0.6549 0.5761 0.4892
vn -0.4251 -0.8188 -0.3857
vn 0.7814 -0.6236 0.0237
vn 0.2823 -0.6585 0.6977
vn 0.7299 -0.1492 -0.6671
vn -0.8346 0.4724 0.2834
vn 0.0236 0.1885 -0.9818
vn -0.5206 -0.7572 -0.3944
vn 0.8780 -0.0235 -0.4781
vn 0.3547 -0.9302 0.0946
vn 0.4649 -0.1812 -0.8666
vn 0.0471 -0.9115 -0.4086
vn 0.5258 0.6358 -0.5651
vn -0.3384 -0.8653 0.3698
vn 0.2830 -0.6209 -0.7310
vn 0.8337 -0.5426 -0.1022
vn -0.4661 -0.2608 -0.8454
vn 0.0236 0.5213 0.8531
vn -0.9507 0.3065 -0.0472
vn -0.4503 -0.5294 0.7190
vn -0.5338 -0.1884 -0.8243
vn -0.0553 -0.9947 -0.0868
vn -0.9102 -0.1726 -0.3765
vn -0.5292 -0.8213 0.2132
vn -0.5132 0.5448 -0.6632
vn 0.2828 -0.7858 0.5500
vn -0.8191 -0.5671 -0.0866
vn -0.2204 -0.7243 -0.6534
vn -0.8404 -0.0078 0.5420
vn 0.9102 0.3688 -0.1883
vn -0.2358 0.2908 0.9273
vn 0.5667 -0.5904 0.5747
vn -0.9335 -0.1412 0.3295
vn -0.1657 -0.9861 -0.0079
vn -0.5740 -0.1652 0.8020
vn 0.0393 -0.8491 0.5267
vn -0.7218 0.5806 0.3766
vn 0.5492 -0.8160 -0.1804
vn -0.3005 -0.5773 0.7592
vn -0.7295 -0.6824 0.0470
vn 0.3391 -0.0631 0.9386
vn 0.0473 0.4020 -0.9144
vn 0.4710 0.2433 -0.8479
vn -0.2434 -0.7458 -0.6201
vn 0.3071 -0.9294 0.2048
vn 0.8262 -0.1181 -0.5509
vn 0.2761 -0.8834 -0.3786
vn 0.7014 0.6777 -0.2207
vn -0.4336 -0.8910 0.1341
vn 0.6208 -0.5736 -0.5344
vn 0.8050 -0.5209 0.2841
vn -0.0000 -0.2203 -0.9754
vn -0.4007 0.4713 0.7857
vn -0.8672 0.1970 0.4573
vn -0.2898 -0.8929 0.3446
vn -0.7736 0.3236 -0.5448
vn -0.2129 -0.7255 -0.6545
vn -0.9959 0.0237 -0.0870
vn -0.5500 -0.8171 -0.1728
vn -0.6062 0.7952 0.0158
vn 0.3143 -0.9349 -0.1650
vn -0.8822 -0.4491 -0.1417
vn -0.5049 -0.1814 -0.8439
vn -0.6340 -0.4070 0.6575
vn 0.8589 0.4728 -0.1970
vn 0.6989 0.2120 0.6831
vn 0.2681 -0.8988 0.3469
vn -0.2515 0.5186 0.8172
vn -0.6770 -0.5510 0.4880
vn 0.1888 0.1653 0.9680
vn -0.1416 -0.6921 0.7078
vn 0.2992 0.8503 0.4330
vn -0.3870 -0.9163 -0.1027
vn 0.0316 -0.2995 0.9536
vn -0.6902 0.0549 0.7215
vn 0.7350 -0.4426 0.5137
vn -0.3467 0.3941 -0.8512
vn -0.5743 0.2517 -0.7789
vn -0.4736 -0.8526 -0.2210
vn 0.4424 0.2764 -0.8532
vn 0.5338 -0.7851 -0.3141
vn -0.0707 0.0236 -0.9972
vn -0.0000 -0.8247 -0.5655
vn -0.0314 0.8015 -0.5972
vn 0.1254 -0.9487 0.2901
vn -0.0471 -0.4561 -0.8887
vn 0.7247 -0.2600 -0.6381
vn -0.7876 -0.3308 -0.5198
vn 0.3856 0.4407 0.8106
vn -0.1499 0.3550 0.9228
vn 0.4576 -0.6707 0.5838
vn -0.9339 0.0550 0.3532
vn -0.3466 -0.9375 0.0315
vn -0.5742 -0.0314 0.8181
vn -0.1102 -0.8270 0.5513
vn -0.5908 0.7169 0.3702
vn 0.3771 -0.9114 -0.1650
vn -0.3869 -0.4895 0.7815
vn -0.8443 -0.5287 0.0868
vn 0.3476 -0.1027 0.9320
vn 0.0943 0.3616 -0.9276
vn 0.9037 0.3143 -0.2908
vn 0.3544 -0.7719 -0.5277
vn 0.6993 0.1807 0.6916
vn 0.1736 -0.8679 0.4655
vn 0.9787 0.0079 0.2052
vn 0.5600 -0.8283 0.0157
vn 0.5679 0.7808 0.2603
vn -0.2998 -0.9466 -0.1184
vn 0.8768 -0.4660 0.1185
vn 0.4173 -0.3937 0.8190
vn 0.7179 -0.2130 -0.6627
vn -0.8891 0.4012 0.2203
vn -0.7145 0.5025 0.4868
vn -0.0550 -0.4715 0.8801
vn -0.9352 -0.0156 -0.3537
vn -0.2996 -0.9538 0.0237
vn -0.9725 0.0396 0.2293
vn -0.4635 -0.7070 0.5342
vn -0.6701 0.6859 -0.2838
vn 0.3765 -0.8628 0.3373
vn -0.8157 -0.3765 0.4392
vn -0.6995 -0.6209 -0.3537
vn -0.3531 0.1335 0.9260
vn 0.6905 0.1883 -0.6984
vn 0.7238 -0.6293 0.2831
vn -0.5747 0.1102 0.8109
vn -0.2518 -0.9205 0.2989
vn -0.0158 0.0550 0.9984
vn 0.2436 -0.7702 0.5894
vn -0.2987 0.7625 0.5738
vn 0.2356 -0.9345 -0.2670
vn 0.1339 -0.4018 0.9059
vn -0.6373 -0.4957 0.5901
vn 0.8117 -0.0315 0.5832
vn -0.4487 0.2755 -0.8502
vn 0.5493 0.3924 -0.7377
vn 0.0471 -0.7370 -0.6743
vn 0.9527 0.2441 0.1811
vn 0.4710 -0.8479 0.2434
vn 0.9170 0.0949 -0.3874
vn 0.5275 -0.7793 -0.3384
vn 0.5587 0.8263 -0.0708
vn -0.2368 -0.9713 0.0237
vn 0.8215 -0.3871 -0.4187
vn 0.8408 -0.3458 0.4165
vn 0.2212 -0.1500 -0.9636
vn -0.6289 0.3224 0.7075
vn -0.2057 0.4906 0.8468
vn 0.3859 -0.5906 0.7087
vn -0.9550 0.1263 0.2683
vn -0.3857 -0.9129 0.1338
vn -0.6376 0.1023 0.7635
vn -0.1805 -0.7299 0.6593
vn -0.5901 0.7789 0.2124
vn 0.3537 -0.9354 -0.0001
vn -0.4647 -0.3545 0.8114
vn -0.8672 -0.4888 0.0946
vn 0.2684 0.0237 0.9630
vn 0.1807 0.2200 -0.9586
vn 0.8265 0.5274 -0.1968
vn 0.4174 -0.5041 -0.7561
vn 0.7174 0.0630 0.6938
vn 0.3241 -0.9327 0.1581
vn 0.9818 0.0943 0.1649
vn 0.6671 -0.6985 -0.2590
vn 0.4721 0.7395 0.4799
vn -0.1735 -0.8990 -0.4022
vn 0.9390 -0.3393 -0.0553
vn 0.5282 -0.5597 0.6385
vn 0.6861 0.1183 -0.7178
vn -0.9179 0.1647 0.3610
vn -0.8331 0.5109 -0.2121
vn -0.7235 -0.5504 0.4167
vn -0.2765 0.1026 -0.9555
vn -0.1729 -0.9193 -0.3535
vn -0.7667 0.1107 -0.6324
vn -0.6833 -0.7147 -0.1492
vn -0.1969 0.7640 -0.6144
vn -0.0237 -0.9221 0.3862
vn -0.8276 -0.3468 -0.4414
vn -0.1182 -0.5120 -0.8508
vn -0.9567 0.0706 0.2823
vn 0.9692 0.1891 0.1575
vn 0.5611 0.5611 0.6086
vn 0.8444 -0.5287 0.0869
vn -0.3079 0.1501 0.9395
vn -0.0315 -0.8971 0.4406
vn 0.2834 0.1653 0.9447
vn 0.5020 -0.6746 0.5412
vn -0.1967 0.7947 0.5743
vn 0.2533 -0.9337 -0.2532
vn 0.4507 -0.2846 0.8461
vn -0.3610 -0.4786 0.8004
vn 0.9513 0.1022 0.2909
vn -0.7194 0.1424 -0.6799
vn 0.5437 0.8272 -0.1418
vn 0.7491 -0.1025 0.6544
vn -0.4085 0.8878 0.2121
vn -0.2052 -0.0079 0.9787
vn 0.1730 0.9359 0.3068
vn 0.3320 0.2213 0.9169
vn -0.1656 0.8518 -0.4969
vn 0.1656 -0.6227 0.7647
vn 0.2925 0.6561 0.6957
vn -0.5275 0.4803 0.7007
vn 0.9075 0.3709 0.1973
vn -0.5978 -0.5899 -0.5428
vt 0.000490 7.445312
vt 0.250000 7.445312
vt 0.000490 7.546875
vt 0.000490 4.695312
vt 0.499268 7.445312
vt 0.250000 7.546875
vt 0.250000 4.695312
vt 0.000490 2.792969
vt 0.499268 4.695312
vt 0.749023 7.445312
vt 0.499268 7.546875
vt 0.998535 7.445312
vt 0.749023 7.546875
vt 0.998535 4.695312
vt 0.749023 4.695312
vt 0.998535 2.792969
vt 0.499268 2.792969
vt 0.749023 2.792969
vt 0.873535 1.547363
vt 0.998535 1.547363
vt 0.998535 0.617920
vt 0.936035 0.000000
vt 0.998535 0.000000
vt 0.873535 0.617920
vt 0.873535 0.000000
vt 0.811035 0.000000
vt 0.749023 0.617920
vt 0.749023 0.000000
vt 0.686523 0.000000
vt 0.749023 1.547363
vt 0.624023 0.617920
vt 0.624023 0.000000
vt 0.561523 0.000000
vt 0.624023 1.547363
vt 0.499268 0.617920
vt 0.499268 0.000000
vt 0.437012 0.000000
vt 0.499268 1.547363
vt 0.374756 0.617920
vt 0.374756 0.000000
vt 0.312256 0.000000
vt 0.374756 1.547363
vt 0.250000 0.617920
vt 0.250000 0.000000
vt 0.187500 0.000000
vt 0.250000 2.792969
vt 0.250000 1.547363
vt 0.125122 1.547363
vt 0.000490 1.547363
vt 0.000490 0.617920
vt 0.125122 0.617920
vt 0.125122 0.000000
vt 0.062866 0.000000
vt 0.000490 0.000000
vt 0.000490 4.390625
vt 0.333008 4.390625
vt 0.000490 4.490234
vt 0.000490 2.796875
vt 0.665527 4.390625
vt 0.333008 4.490234
vt 0.333008 2.796875
vt 0.000490 1.522949
vt 0.665527 2.796875
vt 0.998535 4.390625
vt 0.665527 4.490234
vt 0.998535 2.796875
vt 0.665527 1.522949
vt 0.998535 1.522949
vt 0.333008 1.522949
vt 0.333008 0.000000
vt 0.665527 0.000000
vt 0.000490 4.470703
vt 0.333008 4.470703
vt 0.000490 4.570312
vt 0.000490 3.275391
vt 0.665527 4.470703
vt 0.333008 4.570312
vt 0.333008 3.275391
vt 0.000490 2.116211
vt 0.665527 3.275391
vt 0.998535 4.470703
vt 0.665527 4.570312
vt 0.998535 3.275391
vt 0.665527 2.116211
vt 0.998535 2.116211
vt 0.333008 2.116211
vt 0.000490 1.095398
vt 0.665527 1.095398
vt 0.998535 1.095398
vt 0.333008 1.095398
vt 0.000490 4.712891
vt 0.333008 4.712891
vt 0.000490 4.814453
vt 0.000490 3.013672
vt 0.665527 4.712891
vt 0.333008 4.814453
vt 0.333008 3.013672
vt 0.000490 1.439941
vt 0.665527 3.013672
vt 0.998535 4.712891
vt 0.665527 4.814453
vt 0.998535 3.013672
vt 0.665527 1.439941
vt 0.998535 1.439941
vt 0.333008 1.439941
vt 0.000490 4.882812
vt 0.333008 4.882812
vt 0.000490 4.984375
vt 0.000490 3.119141
vt 0.665527 4.882812
vt 0.333008 4.984375
vt 0.333008 3.119141
vt 0.000490 1.489258
vt 0.665527 3.119141
vt 0.998535 4.882812
vt 0.665527 4.984375
vt 0.998535 3.119141
vt 0.665527 1.489258
vt 0.998535 1.489258
vt 0.333008 1.489258
vt 0.000490 4.832031
vt 0.333008 4.832031
vt 0.000490 4.933594
vt 0.000490 3.113281
vt 0.665527 4.832031
vt 0.333008 4.933594
vt 0.333008 3.113281
vt 0.000490 1.707520
vt 0.665527 3.113281
vt 0.998535 4.832031
vt 0.665527 4.933594
vt 0.998535 3.113281
vt 0.665527 1.707520
vt 0.998535 1.707520
vt 0.333008 1.707520
vt 0.000490 5.011719
vt 0.333008 5.011719
vt 0.000490 5.109375
vt 0.000490 3.224609
vt 0.665527 5.011719
vt 0.333008 5.109375
vt 0.333008 3.224609
vt 0.000490 1.767090
vt 0.665527 3.224609
vt 0.998535 5.011719
vt 0.665527 5.109375
vt 0.998535 3.224609
vt 0.665527 1.767090
vt 0.998535 1.767090
vt 0.333008 1.767090
vt 0.000490 5.187500
vt 0.333008 5.187500
vt 0.000490 5.285156
vt 0.000490 3.333984
vt 0.665527 5.187500
vt 0.333008 5.285156
vt 0.333008 3.333984
vt 0.000490 1.824219
vt 0.665527 3.333984
vt 0.998535 5.187500
vt 0.665527 5.285156
vt 0.998535 3.333984
vt 0.665527 1.824219
vt 0.998535 1.824219
vt 0.333008 1.824219
vt 0.000490 5.199219
vt 0.333008 5.199219
vt 0.000490 5.300781
vt 0.000490 3.375000
vt 0.665527 5.199219
vt 0.333008 5.300781
vt 0.333008 3.375000
vt 0.000490 1.858887
vt 0.665527 3.375000
vt 0.998535 5.199219
vt 0.665527 5.300781
vt 0.998535 3.375000
vt 0.665527 1.858887
vt 0.998535 1.858887
vt 0.333008 1.858887
vt 0.000490 5.601562
vt 0.333008 5.601562
vt 0.000490 5.703125
vt 0.000490 2.443359
vt 0.665527 5.601562
vt 0.333008 5.703125
vt 0.333008 2.443359
vt 0.665527 2.443359
vt 0.998535 2.443359
vt 0.998535 5.601562
vt 0.665527 5.703125
vt 0.000490 5.492188
vt 0.333008 5.492188
vt 0.000490 5.589844
vt 0.000490 3.572266
vt 0.665527 5.492188
vt 0.333008 5.589844
vt 0.333008 3.572266
vt 0.000490 1.969238
vt 0.665527 3.572266
vt 0.998535 5.492188
vt 0.665527 5.589844
vt 0.998535 3.572266
vt 0.665527 1.969238
vt 0.998535 1.969238
vt 0.333008 1.969238
vt 0.000490 5.828125
vt 0.333008 5.828125
vt 0.000490 5.925781
vt 0.000490 2.575195
vt 0.665527 5.828125
vt 0.333008 5.925781
vt 0.333008 2.575195
vt 0.665527 2.575195
vt 0.998535 2.575195
vt 0.998535 5.828125
vt 0.665527 5.925781
vt 0.000490 6.000000
vt 0.250000 6.000000
vt 0.000490 6.101562
vt 0.000490 2.653320
vt 0.499268 6.000000
vt 0.250000 6.101562
vt 0.250000 2.653320
vt 0.499268 2.653320
vt 0.749023 2.653320
vt 0.998535 2.653320
vt 0.749023 6.000000
vt 0.499268 6.101562
vt 0.998535 6.000000
vt 0.749023 6.101562
vt 0.000490 5.984375
vt 0.333008 5.984375
vt 0.000490 6.082031
vt 0.000490 2.649414
vt 0.665527 5.984375
vt 0.333008 6.082031
vt 0.333008 2.649414
vt 0.665527 2.649414
vt 0.998535 2.649414
vt 0.998535 5.984375
vt 0.665527 6.082031
vt 0.000490 5.605469
vt 0.333008 5.605469
vt 0.000490 5.707031
vt 0.000490 2.524414
vt 0.665527 5.605469
vt 0.333008 5.707031
vt 0.333008 2.524414
vt 0.665527 2.524414
vt 0.998535 2.524414
vt 0.998535 5.605469
vt 0.665527 5.707031
vt 0.000490 5.472656
vt 0.333008 5.472656
vt 0.000490 5.574219
vt 0.000490 2.455078
vt 0.665527 5.472656
vt 0.333008 5.574219
vt 0.333008 2.455078
vt 0.665527 2.455078
vt 0.998535 2.455078
vt 0.998535 5.472656
vt 0.665527 5.574219
vt 0.000490 5.386719
vt 0.000490 2.371094
vt 0.333008 5.386719
vt 0.333008 2.371094
vt 0.665527 2.371094
vt 0.998535 2.371094
vt 0.998535 5.285156
vt 0.665527 5.386719
vt 0.000490 5.101562
vt 0.333008 5.101562
vt 0.665527 5.101562
vt 0.998535 5.101562
vt 0.000490 4.822266
vt 0.333008 4.822266
vt 0.000490 4.921875
vt 0.665527 4.822266
vt 0.333008 4.921875
vt 0.998535 4.822266
vt 0.665527 4.921875
vt 0.000490 4.384766
vt 0.333008 4.384766
vt 0.000490 4.484375
vt 0.665527 4.384766
vt 0.333008 4.484375
vt 0.998535 4.384766
vt 0.665527 4.484375
vt 0.000490 4.121094
vt 0.333008 4.121094
vt 0.000490 4.220703
vt 0.665527 4.121094
vt 0.333008 4.220703
vt 0.998535 4.121094
vt 0.665527 4.220703
vt 0.000490 3.955078
vt 0.333008 3.955078
vt 0.000490 4.054688
vt 0.665527 3.955078
vt 0.333008 4.054688
vt 0.998535 3.955078
vt 0.665527 4.054688
vt 0.000490 3.421875
vt 0.333008 3.421875
vt 0.000490 3.523438
vt 0.665527 3.421875
vt 0.333008 3.523438
vt 0.998535 3.421875
vt 0.665527 3.523438
vt 0.000490 3.207031
vt 0.333008 3.207031
vt 0.000490 3.306641
vt 0.665527 3.207031
vt 0.333008 3.306641
vt 0.998535 3.207031
vt 0.665527 3.306641
vt 0.000000 0.000000
vt 0.000000 -1.000000
vt 1.000000 0.000000
vt 1.000000 -1.000000
s 1
usemtl bark
f 1/1/1 2/2/2 3/3/3
f 1/1/1 4/4/4 2/2/2
f 2/2/2 5/5/5 3/6/6
f 4/4/4 6/7/7 2/2/2
f 4/4/4 7/8/8 6/7/7
f 2/2/2 8/9/9 5/5/5
f 6/7/7 8/9/9 2/2/2
f 5/5/5 9/10/10 3/11/11
f 5/5/5 8/9/9 9/10/10
f 9/10/10 1/12/1 3/13/12
f 9/10/10 4/14/4 1/12/1
f 10/15/13 4/14/4 9/10/10
f 8/9/9 10/15/13 9/10/10
f 10/15/13 7/16/8 4/14/4
f 8/9/9 11/17/14 10/15/13
f 6/7/7 11/17/14 8/9/9
f 12/18/15 7/16/8 10/15/13
f 11/17/14 12/18/15 10/15/13
f 13/19/16 7/16/8 12/18/15
f 13/19/16 14/20/17 7/16/8
f 13/19/16 15/21/18 14/20/17
f 16/22/19 17/23/20 15/21/18
f 18/24/21 16/22/19 15/21/18
f 18/24/21 15/21/18 13/19/16
f 19/25/22 16/22/19 18/24/21
f 20/26/23 19/25/22 18/24/21
f 21/27/24 20/26/23 18/24/21
f 21/27/24 18/24/21 13/19/16
f 22/28/25 20/26/23 21/27/24
f 23/29/26 22/28/25 21/27/24
f 24/30/27 21/27/24 13/19/16
f 24/30/27 13/19/16 12/18/15
f 25/31/28 23/29/26 21/27/24
f 26/32/29 23/29/26 25/31/28
f 27/33/30 26/32/29 25/31/28
f 28/34/31 21/27/24 24/30/27
f 28/34/31 24/30/27 12/18/15
f 25/31/28 21/27/24 28/34/31
f 28/34/31 12/18/15 11/17/14
f 29/35/32 27/33/30 25/31/28
f 29/35/32 25/31/28 28/34/31
f 30/36/33 27/33/30 29/35/32
f 31/37/34 30/36/33 29/35/32
f 32/38/35 28/34/31 11/17/14
f 32/38/35 29/35/32 28/34/31
f 33/39/36 31/37/34 29/35/32
f 34/40/37 31/37/34 33/39/36
f 35/41/38 34/40/37 33/39/36
f 36/42/36 29/35/32 32/38/35
f 33/39/36 29/35/32 36/42/36
f 36/42/36 32/38/35 11/17/14
f 37/43/39 35/41/38 33/39/36
f 37/43/39 33/39/36 36/42/36
f 38/44/40 35/41/38 37/43/39
f 39/45/41 38/44/40 37/43/39
f 36/42/36 11/17/14 40/46/42
f 40/46/42 11/17/14 6/7/7
f 7/8/8 40/46/42 6/7/7
f 41/47/43 36/42/36 40/46/42
f 41/47/43 37/43/39 36/42/36
f 42/48/44 40/46/42 7/8/8
f 42/48/44 41/47/43 40/46/42
f 42/48/44 37/43/39 41/47/43
f 14/49/17 42/48/44 7/8/8
f 14/49/17 15/50/18 42/48/44
f 43/51/45 37/43/39 42/48/44
f 15/50/18 43/51/45 42/48/44
f 43/51/45 39/45/41 37/43/39
f 44/52/46 39/45/41 43/51/45
f 45/53/47 44/52/46 43/51/45
f 15/50/18 45/53/47 43/51/45
f 17/54/20 45/53/47 15/50/18
f 46/55/48 47/56/49 48/57/50
f 46/55/48 49/58/51 47/56/49
f 47/56/49 50/59/52 48/60/53
f 49/58/51 51/61/54 47/56/49
f 49/58/51 52/62/55 51/61/54
f 47/56/49 53/63/56 50/59/52
f 51/61/54 53/63/56 47/56/49
f 50/59/52 46/64/48 48/65/57
f 50/59/52 53/63/56 46/64/48
f 53/63/56 49/66/51 46/64/48
f 53/63/56 54/67/58 49/66/51
f 51/61/54 54/67/58 53/63/56
f 54/67/58 52/68/59 49/66/51
f 52/62/55 55/69/60 51/61/54
f 55/69/60 54/67/58 51/61/54
f 52/62/55 56/54/61 55/69/62
f 56/54/61 57/70/63 55/69/62
f 57/70/63 58/71/64 55/69/62
f 55/69/62 58/71/64 54/67/65
f 54/67/65 58/71/64 52/68/59
f 58/71/64 56/23/66 52/68/59
f 59/72/67 60/73/68 61/74/69
f 59/72/67 62/75/70 60/73/68
f 60/73/68 63/76/71 61/77/72
f 62/75/70 64/78/73 60/73/68
f 62/75/70 65/79/74 64/78/73
f 60/73/68 66/80/75 63/76/71
f 64/78/73 66/80/75 60/73/68
f 63/76/71 59/81/67 61/82/76
f 63/76/71 66/80/75 59/81/67
f 66/80/75 67/83/77 59/81/67
f 66/80/75 68/84/78 67/83/77
f 64/78/73 68/84/78 66/80/75
f 68/84/78 65/85/74 67/83/77
f 65/79/74 69/86/79 64/78/73
f 69/86/79 68/84/78 64/78/73
f 65/79/74 70/87/80 69/86/79
f 68/84/78 71/88/81 65/85/74
f 69/86/79 71/88/81 68/84/78
f 71/88/81 70/89/82 65/85/74
f 70/87/80 72/90/83 69/86/79
f 72/90/83 71/88/81 69/86/79
f 70/87/84 73/54/85 72/90/83
f 73/54/85 74/70/86 72/90/83
f 74/70/86 75/71/87 72/90/83
f 72/90/83 75/71/87 71/88/81
f 71/88/81 75/71/87 70/89/88
f 75/71/87 73/23/89 70/89/88
f 76/91/90 77/92/91 78/93/92
f 76/91/90 79/94/93 77/92/91
f 77/92/91 80/95/94 78/96/95
f 79/94/93 81/97/96 77/92/91
f 79/94/93 82/98/97 81/97/96
f 77/92/91 83/99/98 80/95/94
f 81/97/96 83/99/98 77/92/91
f 80/95/94 76/100/90 78/101/99
f 80/95/94 83/99/98 76/100/90
f 83/99/98 79/102/93 76/100/90
f 83/99/98 84/103/100 79/102/93
f 81/97/96 84/103/100 83/99/98
f 84/103/100 82/104/97 79/102/93
f 82/98/97 85/105/101 81/97/96
f 85/105/101 84/103/100 81/97/96
f 82/98/97 86/54/102 85/105/101
f 86/54/102 87/70/103 85/105/101
f 87/70/103 88/71/104 85/105/101
f 85/105/101 88/71/104 84/103/100
f 84/103/100 88/71/104 82/104/97
f 88/71/104 86/23/102 82/104/97
f 89/106/105 90/107/106 91/108/107
f 89/106/105 92/109/108 90/107/106
f 90/107/106 93/110/109 91/111/110
f 92/109/108 94/112/111 90/107/106
f 92/109/108 95/113/112 94/112/111
f 90/107/106 96/114/113 93/110/109
f 94/112/111 96/114/113 90/107/106
f 93/110/109 89/115/105 91/116/114
f 93/110/109 96/114/113 89/115/105
f 96/114/113 92/117/108 89/115/105
f 96/114/113 97/118/115 92/117/108
f 94/112/111 97/118/115 96/114/113
f 97/118/115 95/119/112 92/117/108
f 95/113/112 98/120/116 94/112/111
f 98/120/116 97/118/115 94/112/111
f 95/113/112 99/54/117 98/120/116
f 99/54/117 100/70/118 98/120/116
f 100/70/118 101/71/119 98/120/116
f 98/120/116 101/71/119 97/118/115
f 97/118/115 101/71/119 95/119/112
f 101/71/119 99/23/117 95/119/112
f 102/121/120 103/122/121 104/123/122
f 102/121/120 105/124/123 103/122/121
f 103/122/121 106/125/124 104/126/125
f 105/124/123 107/127/126 103/122/121
f 105/124/123 108/128/127 107/127/126
f 103/122/121 109/129/128 106/125/124
f 107/127/126 109/129/128 103/122/121
f 106/125/124 102/130/120 104/131/129
f 106/125/124 109/129/128 102/130/120
f 109/129/128 105/132/123 102/130/120
f 109/129/128 110/133/130 105/132/123
f 107/127/126 110/133/130 109/129/128
f 110/133/130 108/134/131 105/132/123
f 108/128/127 111/135/132 107/127/126
f 111/135/132 110/133/130 107/127/126
f 108/128/127 112/54/133 111/135/134
f 112/54/133 113/70/135 111/135/134
f 113/70/135 114/71/136 111/135/134
f 111/135/134 114/71/136 110/133/137
f 110/133/137 114/71/136 108/134/138
f 114/71/136 112/23/139 108/134/138
f 115/136/140 116/137/141 117/138/142
f 115/136/140 118/139/143 116/137/141
f 116/137/141 119/140/144 117/141/145
f 118/139/143 120/142/146 116/137/141
f 118/139/143 121/143/147 120/142/146
f 116/137/141 122/144/148 119/140/144
f 120/142/146 122/144/148 116/137/141
f 119/140/144 115/145/140 117/146/149
f 119/140/144 122/144/148 115/145/140
f 122/144/148 118/147/143 115/145/140
f 122/144/148 123/148/150 118/147/143
f 120/142/146 123/148/150 122/144/148
f 123/148/150 121/149/151 118/147/143
f 121/143/147 124/150/152 120/142/146
f 124/150/152 123/148/150 120/142/146
f 121/143/147 125/54/153 124/150/154
f 125/54/153 126/70/155 124/150/154
f 126/70/155 127/71/156 124/150/154
f 124/150/154 127/71/156 123/148/157
f 123/148/157 127/71/156 121/149/158
f 127/71/156 125/23/159 121/149/158
f 128/151/160 129/152/161 130/153/162
f 128/151/160 131/154/163 129/152/161
f 129/152/161 132/155/164 130/156/165
f 131/154/163 133/157/166 129/152/161
f 131/154/163 134/158/167 133/157/166
f 129/152/161 135/159/168 132/155/164
f 133/157/166 135/159/168 129/152/161
f 132/155/164 128/160/160 130/161/169
f 132/155/164 135/159/168 128/160/160
f 135/159/168 131/162/163 128/160/160
f 135/159/168 136/163/170 131/162/163
f 133/157/166 136/163/170 135/159/168
f 136/163/170 134/164/171 131/162/163
f 134/158/167 137/165/172 133/157/166
f 137/165/172 136/163/170 133/157/166
f 134/158/173 138/54/174 137/165/172
f 138/54/174 139/70/175 137/165/172
f 139/70/175 140/71/176 137/165/172
f 137/165/172 140/71/176 136/163/177
f 136/163/177 140/71/176 134/164/171
f 140/71/176 138/23/178 134/164/171
f 141/166/179 142/167/180 143/168/181
f 141/166/179 144/169/182 142/167/180
f 142/167/180 145/170/183 143/171/184
f 144/169/182 146/172/185 142/167/180
f 144/169/182 147/173/186 146/172/185
f 142/167/180 148/174/187 145/170/183
f 146/172/185 148/174/187 142/167/180
f 145/170/183 141/175/179 143/176/188
f 145/170/183 148/174/187 141/175/179
f 148/174/187 144/177/182 141/175/179
f 148/174/187 149/178/189 144/177/182
f 146/172/185 149/178/189 148/174/187
f 149/178/189 147/179/190 144/177/182
f 147/173/186 150/180/191 146/172/185
f 150/180/191 149/178/189 146/172/185
f 147/173/186 151/54/192 150/180/193
f 151/54/192 152/70/194 150/180/193
f 152/70/194 153/71/195 150/180/193
f 150/180/193 153/71/195 149/178/189
f 149/178/189 153/71/195 147/179/190
f 153/71/195 151/23/196 147/179/190
f 154/181/197 155/182/198 156/183/199
f 154/181/197 157/184/200 155/182/198
f 155/182/198 158/185/201 156/186/202
f 157/184/200 159/187/203 155/182/198
f 157/184/200 160/54/204 159/187/203
f 160/54/204 161/70/205 159/187/203
f 161/70/205 162/71/206 159/187/203
f 159/187/203 163/188/207 155/182/198
f 159/187/203 162/71/206 163/188/207
f 155/182/198 163/188/207 158/185/201
f 162/71/206 160/23/204 157/189/200
f 163/188/207 162/71/206 157/189/200
f 163/188/207 157/189/200 154/190/197
f 158/185/201 163/188/207 154/190/197
f 158/185/201 154/190/197 156/191/208
f 164/192/209 165/193/210 166/194/211
f 164/192/209 167/195/212 165/193/210
f 165/193/210 168/196/213 166/197/214
f 167/195/212 169/198/215 165/193/210
f 167/195/212 170/199/216 169/198/215
f 165/193/210 171/200/217 168/196/213
f 169/198/215 171/200/217 165/193/210
f 168/196/213 164/201/209 166/202/218
f 168/196/213 171/200/217 164/201/209
f 171/200/217 167/203/212 164/201/209
f 171/200/217 172/204/219 167/203/212
f 169/198/215 172/204/219 171/200/217
f 172/204/219 170/205/216 167/203/212
f 170/199/216 173/206/220 169/198/215
f 173/206/220 172/204/219 169/198/215
f 170/199/216 174/54/221 173/206/220
f 174/54/221 175/70/222 173/206/220
f 175/70/222 176/71/223 173/206/220
f 173/206/220 176/71/223 172/204/219
f 172/204/219 176/71/223 170/205/216
f 176/71/223 174/23/221 170/205/216
f 177/207/224 178/208/225 179/209/226
f 177/207/224 180/210/227 178/208/225
f 178/208/225 181/211/228 179/212/229
f 180/210/227 182/213/230 178/208/225
f 180/210/227 183/54/231 182/213/230
f 183/54/231 184/70/232 182/213/230
f 184/70/232 185/71/233 182/213/230
f 182/213/230 186/214/234 178/208/225
f 182/213/230 185/71/233 186/214/234
f 178/208/225 186/214/234 181/211/228
f 185/71/233 183/23/231 180/215/227
f 186/214/234 185/71/233 180/215/227
f 186/214/234 180/215/227 177/216/224
f 181/211/228 186/214/234 177/216/224
f 181/211/228 177/216/224 179/217/235
f 187/218/236 188/219/237 189/220/238
f 187/218/236 190/221/239 188/219/237
f 188/219/237 191/222/240 189/223/241
f 190/221/239 192/224/242 188/219/237
f 190/221/239 193/54/243 192/224/242
f 193/54/243 194/44/244 192/224/242
f 194/44/244 195/36/245 192/224/242
f 192/224/242 196/225/246 188/219/237
f 192/224/242 195/36/245 196/225/246
f 188/219/237 196/225/246 191/222/240
f 196/225/246 195/36/245 197/226/247
f 195/36/245 198/28/248 197/226/247
f 198/28/248 193/23/243 197/226/247
f 197/226/247 193/23/243 190/227/239
f 191/222/240 196/225/246 199/228/249
f 196/225/246 197/226/247 199/228/249
f 197/226/247 190/227/239 199/228/249
f 191/222/240 199/228/249 189/229/250
f 199/228/249 190/227/239 187/230/236
f 199/228/249 187/230/236 189/231/251
f 200/232/252 201/233/253 202/234/254
f 200/232/252 203/235/255 201/233/253
f 201/233/253 204/236/256 202/237/257
f 203/235/255 205/238/258 201/233/253
f 203/235/255 206/54/259 205/238/258
f 206/54/259 207/70/260 205/238/258
f 207/70/260 208/71/261 205/238/258
f 205/238/258 209/239/262 201/233/253
f 205/238/258 208/71/261 209/239/262
f 201/233/253 209/239/262 204/236/256
f 208/71/261 206/23/259 203/240/255
f 209/239/262 208/71/261 203/240/255
f 209/239/262 203/240/255 200/241/252
f 204/236/256 209/239/262 200/241/252
f 204/236/256 200/241/252 202/242/263
f 210/243/264 211/244/265 212/245/266
f 210/243/264 213/246/267 211/244/265
f 211/244/265 214/247/268 212/248/269
f 213/246/267 215/249/270 211/244/265
f 213/246/267 216/54/271 215/249/270
f 216/54/271 217/70/272 215/249/270
f 217/70/272 218/71/273 215/249/270
f 215/249/270 219/250/274 211/244/265
f 215/249/270 218/71/273 219/250/274
f 211/244/265 219/250/274 214/247/268
f 218/71/273 216/23/271 213/251/267
f 219/250/274 218/71/273 213/251/267
f 219/250/274 213/251/267 210/252/264
f 214/247/268 219/250/274 210/252/264
f 214/247/268 210/252/264 212/253/275
f 220/254/276 221/255/277 222/256/278
f 220/254/276 223/257/279 221/255/277
f 221/255/277 224/258/280 222/259/281
f 223/257/279 225/260/282 221/255/277
f 223/257/279 226/54/283 225/260/282
f 226/54/283 227/70/284 225/260/282
f 227/70/284 228/71/284 225/260/282
f 225/260/282 229/261/285 221/255/277
f 225/260/282 228/71/284 229/261/285
f 221/255/277 229/261/285 224/258/280
f 228/71/284 226/23/283 223/262/279
f 229/261/285 228/71/284 223/262/279
f 229/261/285 223/262/279 220/263/276
f 224/258/280 229/261/285 220/263/276
f 224/258/280 220/263/276 222/264/286
f 230/153/287 231/156/288 232/265/289
f 230/153/287 233/266/290 231/156/288
f 231/156/288 234/161/291 232/267/292
f 233/266/290 235/268/293 231/156/288
f 233/266/290 236/54/294 235/268/293
f 236/54/294 237/70/295 235/268/293
f 237/70/295 238/71/296 235/268/293
f 235/268/293 239/269/297 231/156/288
f 235/268/293 238/71/296 239/269/297
f 231/156/288 239/269/297 234/161/291
f 238/71/296 236/23/294 233/270/290
f 239/269/297 238/71/296 233/270/290
f 239/269/297 233/270/290 230/271/287
f 234/161/291 239/269/297 230/271/287
f 234/161/291 230/271/287 232/272/298
f 240/153/299 241/156/300 242/265/301
f 240/153/299 243/54/302 241/156/300
f 243/54/302 244/70/303 241/156/300
f 244/70/303 245/71/304 241/156/300
f 241/156/300 246/161/305 242/267/306
f 241/156/300 245/71/304 246/161/305
f 246/161/305 245/71/304 240/271/299
f 246/161/305 240/271/299 242/272/307
f 245/71/304 243/23/302 240/271/299
f 247/273/308 248/274/309 249/166/310
f 247/273/308 250/54/311 248/274/309
f 250/54/311 251/70/312 248/274/309
f 251/70/312 252/71/313 248/274/309
f 248/274/309 253/275/314 249/167/315
f 248/274/309 252/71/313 253/275/314
f 253/275/314 252/71/313 247/276/308
f 253/275/314 247/276/308 249/170/316
f 252/71/313 250/23/311 247/276/308
f 254/277/317 255/278/318 256/279/319
f 254/277/317 257/54/320 255/278/318
f 257/54/320 258/70/321 255/278/318
f 258/70/321 259/71/322 255/278/318
f 255/278/318 260/280/323 256/281/324
f 255/278/318 259/71/322 260/280/323
f 260/280/323 259/71/322 254/282/317
f 260/280/323 254/282/317 256/283/325
f 259/71/322 257/23/320 254/282/317
f 261/284/326 262/285/327 263/286/328
f 261/284/326 264/54/329 262/285/327
f 264/54/329 265/70/330 262/285/327
f 265/70/330 266/71/331 262/285/327
f 262/285/327 267/287/332 263/288/333
f 262/285/327 266/71/331 267/287/332
f 267/287/332 266/71/331 261/289/326
f 267/287/332 261/289/326 263/290/334
f 266/71/331 264/23/329 261/289/326
f 268/291/335 269/292/336 270/293/337
f 268/291/335 271/54/338 269/292/336
f 271/54/338 272/70/339 269/292/336
f 272/70/339 273/71/340 269/292/336
f 269/292/336 274/294/341 270/295/342
f 269/292/336 273/71/340 274/294/341
f 274/294/341 273/71/340 268/296/335
f 274/294/341 268/296/335 270/297/343
f 273/71/340 271/23/338 268/296/335
f 275/298/344 276/299/345 277/300/346
f 275/298/344 278/54/347 276/299/345
f 278/54/347 279/70/348 276/299/345
f 279/70/348 280/71/349 276/299/345
f 276/299/345 281/301/350 277/302/351
f 276/299/345 280/71/349 281/301/350
f 281/301/350 280/71/349 275/303/344
f 281/301/350 275/303/344 277/304/352
f 280/71/349 278/23/347 275/303/344
f 282/305/353 283/306/354 284/307/355
f 282/305/353 285/54/356 283/306/354
f 285/54/356 286/70/357 283/306/354
f 286/70/357 287/71/358 283/306/354
f 283/306/354 288/308/359 284/309/360
f 283/306/354 287/71/358 288/308/359
f 288/308/359 287/71/358 282/310/353
f 288/308/359 282/310/353 284/311/361
f 287/71/358 285/23/356 282/310/353
f 289/312/362 290/313/363 291/314/364
f 289/312/362 292/54/365 290/313/363
f 292/54/365 293/70/366 290/313/363
f 293/70/366 294/71/367 290/313/363
f 290/313/363 295/315/368 291/316/369
f 290/313/363 294/71/367 295/315/368
f 295/315/368 294/71/367 289/317/362
f 295/315/368 289/317/362 291/318/370
f 294/71/367 292/23/365 289/317/362
f 296/55/371 297/56/372 298/57/373
f 296/55/371 299/58/374 297/56/372
f 52/62/375 55/69/376 299/58/374
f 299/58/374 55/69/376 300/61/377
f 299/58/374 300/61/377 297/56/372
f 55/69/376 54/67/58 300/61/377
f 297/56/372 301/59/378 298/60/379
f 300/61/377 54/67/58 302/63/380
f 300/61/377 302/63/380 297/56/372
f 297/56/372 302/63/380 301/59/378
f 54/67/58 52/68/59 302/63/380
f 302/63/380 52/68/381 299/66/374
f 302/63/380 299/66/374 296/64/371
f 301/59/378 302/63/380 296/64/371
f 301/59/378 296/64/371 298/65/382
f 303/72/383 304/73/384 305/74/385
f 303/72/383 306/75/386 304/73/384
f 304/73/384 307/76/387 305/77/388
f 306/75/386 308/78/389 304/73/384
f 306/75/386 309/79/390 308/78/389
f 304/73/384 310/80/391 307/76/387
f 308/78/389 310/80/391 304/73/384
f 307/76/387 303/81/383 305/82/392
f 307/76/387 310/80/391 303/81/383
f 310/80/391 306/83/386 303/81/383
f 310/80/391 311/84/393 306/83/386
f 308/78/389 311/84/393 310/80/391
f 311/84/393 309/85/390 306/83/386
f 311/84/393 70/89/88 309/85/390
f 71/88/81 70/89/88 311/84/393
f 312/86/394 311/84/393 308/78/389
f 312/86/394 71/88/81 311/84/393
f 309/79/390 312/86/394 308/78/389
f 72/90/395 71/88/81 312/86/394
f 309/79/390 72/90/395 312/86/394
f 70/87/84 72/90/395 309/79/390
f 313/91/396 314/92/397 315/93/398
f 313/91/396 316/94/399 314/92/397
f 314/92/397 317/95/400 315/96/401
f 316/94/399 318/97/402 314/92/397
f 316/94/399 319/98/403 318/97/402
f 314/92/397 320/99/404 317/95/400
f 318/97/402 320/99/404 314/92/397
f 317/95/400 313/100/396 315/101/405
f 317/95/400 320/99/404 313/100/396
f 320/99/404 316/102/399 313/100/396
f 320/99/404 321/103/406 316/102/399
f 318/97/402 321/103/406 320/99/404
f 321/103/406 319/104/403 316/102/399
f 321/103/406 86/23/407 319/104/403
f 88/71/408 86/23/407 321/103/406
f 322/105/409 321/103/406 318/97/402
f 322/105/409 88/71/408 321/103/406
f 319/98/403 322/105/409 318/97/402
f 87/70/410 88/71/408 322/105/409
f 319/98/403 87/70/410 322/105/409
f 86/54/407 87/70/410 319/98/403
f 323/106/411 324/107/412 325/108/413
f 323/106/411 326/109/414 324/107/412
f 324/107/412 327/110/415 325/111/416
f 326/109/414 328/112/417 324/107/412
f 326/109/414 329/113/418 328/112/417
f 324/107/412 330/114/419 327/110/415
f 328/112/417 330/114/419 324/107/412
f 327/110/415 323/115/420 325/116/421
f 327/110/415 330/114/419 323/115/420
f 330/114/419 331/117/414 323/115/420
f 330/114/419 332/118/422 331/117/414
f 328/112/417 332/118/422 330/114/419
f 332/118/422 329/119/418 331/117/414
f 332/118/422 99/23/423 329/119/418
f 101/71/424 99/23/423 332/118/422
f 333/120/425 332/118/422 328/112/417
f 333/120/425 101/71/424 332/118/422
f 329/113/418 333/120/425 328/112/417
f 100/70/426 101/71/424 333/120/425
f 329/113/418 100/70/426 333/120/425
f 99/54/423 100/70/426 329/113/418
f 334/121/427 335/122/428 336/123/429
f 334/121/427 337/124/430 335/122/428
f 108/128/431 111/135/132 337/124/430
f 337/124/430 111/135/132 338/127/432
f 337/124/430 338/127/432 335/122/428
f 111/135/132 110/133/130 338/127/432
f 335/122/428 339/125/433 336/126/434
f 338/127/432 110/133/130 340/129/435
f 338/127/432 340/129/435 335/122/428
f 335/122/428 340/129/435 339/125/433
f 110/133/130 108/134/436 340/129/435
f 340/129/435 108/134/436 337/132/430
f 340/129/435 337/132/430 334/130/427
f 339/125/433 340/129/435 334/130/427
f 339/125/433 334/130/427 336/131/437
f 341/136/438 342/137/439 343/138/440
f 341/136/438 344/139/441 342/137/439
f 121/143/442 124/150/152 344/139/441
f 344/139/441 124/150/152 345/142/443
f 344/139/441 345/142/443 342/137/439
f 124/150/152 123/148/157 345/142/443
f 342/137/439 346/140/444 343/141/445
f 345/142/443 123/148/157 347/144/446
f 345/142/443 347/144/446 342/137/439
f 342/137/439 347/144/446 346/140/444
f 123/148/157 121/149/158 347/144/446
f 347/144/446 121/149/447 344/147/441
f 347/144/446 344/147/441 341/145/438
f 346/140/444 347/144/446 341/145/438
f 346/140/444 341/145/438 343/146/448
f 348/151/449 349/152/450 350/153/451
f 348/151/449 351/154/452 349/152/450
f 134/158/173 137/165/172 351/154/452
f 351/154/452 137/165/172 352/157/453
f 351/154/452 352/157/453 349/152/450
f 137/165/172 136/163/177 352/157/453
f 349/152/450 353/155/454 350/156/455
f 352/157/453 136/163/177 354/159/456
f 352/157/453 354/159/456 349/152/450
f 349/152/450 354/159/456 353/155/454
f 136/163/177 134/164/457 354/159/456
f 354/159/456 134/164/171 351/162/452
f 354/159/456 351/162/452 348/160/449
f 353/155/454 354/159/456 348/160/449
f 353/155/454 348/160/449 350/161/458
f 355/166/459 356/167/460 357/168/461
f 355/166/459 358/169/462 356/167/460
f 147/173/463 150/180/191 358/169/462
f 358/169/462 150/180/191 359/172/464
f 358/169/462 359/172/464 356/167/460
f 150/180/191 149/178/189 359/172/464
f 356/167/460 360/170/465 357/171/466
f 359/172/464 149/178/189 361/174/467
f 359/172/464 361/174/467 356/167/460
f 356/167/460 361/174/467 360/170/465
f 149/178/189 147/179/190 361/174/467
f 361/174/467 147/179/190 358/177/462
f 361/174/467 358/177/462 355/175/459
f 360/170/465 361/174/467 355/175/459
f 360/170/465 355/175/459 357/176/468
f 362/181/469 363/182/470 364/183/471
f 362/181/469 365/184/472 363/182/470
f 160/54/204 161/70/205 365/184/472
f 365/184/472 161/70/205 366/187/473
f 365/184/472 366/187/473 363/182/470
f 161/70/205 162/71/206 366/187/473
f 363/182/470 367/185/474 364/186/475
f 366/187/473 162/71/206 368/188/476
f 366/187/473 368/188/476 363/182/470
f 363/182/470 368/188/476 367/185/474
f 162/71/206 160/23/204 368/188/476
f 368/188/476 160/23/204 365/189/472
f 368/188/476 365/189/472 362/190/469
f 367/185/474 368/188/476 362/190/469
f 367/185/474 362/190/469 364/191/477
usemtl leaves
f 369/319/478 370/320/479 371/321/480
f 370/320/479 372/322/481 371/321/480
f 373/319/482 374/320/483 375/321/484
f 374/320/483 376/322/485 375/321/484
f 377/319/486 378/321/487 379/320/488
f 380/322/489 379/320/488 378/321/487
f 381/319/490 382/320/491 383/321/492
f 382/320/491 384/322/493 383/321/492
f 385/319/494 386/320/495 387/321/496
f 386/320/495 388/322/497 387/321/496
f 389/319/498 390/321/499 391/320/500
f 392/322/501 391/320/500 390/321/499
f 393/319/502 394/320/503 395/321/504
f 394/320/503 396/322/505 395/321/504
f 397/319/506 398/320/507 399/321/508
f 398/320/507 400/322/509 399/321/508
f 401/319/510 402/321/511 403/320/512
f 404/322/513 403/320/512 402/321/511
f 405/319/514 406/320/515 407/321/516
f 406/320/515 408/322/517 407/321/516
f 409/319/518 410/320/519 411/321/520
f 410/320/519 412/322/521 411/321/520
f 413/319/522 414/321/523 415/320/524
f 416/322/525 415/320/524 414/321/523
f 417/319/526 418/320/527 419/321/528
f 418/320/527 420/322/529 419/321/528
f 421/319/530 422/320/531 423/321/532
f 422/320/531 424/322/533 423/321/532
f 425/319/534 426/321/535 427/320/536
f 428/322/537 427/320/536 426/321/535
f 429/319/538 430/320/539 431/321/540
f 430/320/539 432/322/541 431/321/540
f 433/319/542 434/320/543 435/321/544
f 434/320/543 436/322/545 435/321/544
f 437/319/546 438/321/547 439/320/548
f 440/322/549 439/320/548 438/321/547
f 441/319/550 442/320/551 443/321/552
f 442/320/551 444/322/553 443/321/552
f 445/319/554 446/320/555 447/321/556
f 446/320/555 448/322/557 447/321/556
f 449/319/558 450/321/559 451/320/560
f 452/322/561 451/320/560 450/321/559
f 453/319/562 454/320/563 455/321/564
f 454/320/563 456/322/565 455/321/564
f 457/319/566 458/320/567 459/321/568
f 458/320/567 460/322/569 459/321/568
f 461/319/570 462/321/571 463/320/572
f 464/322/573 463/320/572 462/321/571
f 465/319/574 466/320/575 467/321/576
f 466/320/575 468/322/577 467/321/576
f 469/319/578 470/320/579 471/321/580
f 470/320/579 472/322/581 471/321/580
f 473/319/582 474/321/583 475/320/584
f 476/322/585 475/320/584 474/321/583
f 477/319/586 478/320/587 479/321/588
f 478/320/587 480/322/589 479/321/588
f 481/319/590 482/320/591 483/321/592
f 482/320/591 484/322/593 483/321/592
f 485/319/594 486/321/595 487/320/596
f 488/322/597 487/320/596 486/321/595
f 489/319/598 490/320/599 491/321/600
f 490/320/599 492/322/601 491/321/600
f 493/319/602 494/320/603 495/321/604
f 494/320/603 496/322/605 495/321/604
f 497/319/606 498/321/607 499/320/608
f 500/322/609 499/320/608 498/321/607
f 501/319/610 502/320/611 503/321/612
f 502/320/611 504/322/613 503/321/612
f 505/319/614 506/320/615 507/321/616
f 506/320/615 508/322/617 507/321/616
f 509/319/618 510/321/619 511/320/620
f 512/322/621 511/320/620 510/321/619
f 513/319/622 514/320/623 515/321/624
f 514/320/623 516/322/625 515/321/624
f 517/319/626 518/320/627 519/321/628
f 518/320/627 520/322/629 519/321/628
f 521/319/630 522/321/631 523/320/632
f 524/322/633 523/320/632 522/321/631
f 525/319/634 526/320/635 527/321/636
f 526/320/635 528/322/637 527/321/636
f 529/319/638 530/320/639 531/321/640
f 530/320/639 532/322/641 531/321/640
f 533/319/642 534/321/643 535/320/644
f 536/322/645 535/320/644 534/321/643
f 537/319/646 538/320/647 539/321/648
f 538/320/647 540/322/649 539/321/648
f 541/319/650 542/320/651 543/321/652
f 542/320/651 544/322/653 543/321/652
f 545/319/654 546/321/655 547/320/656
f 548/322/657 547/320/656 546/321/655
f 549/319/658 550/320/659 551/321/660
f 550/320/659 552/322/661 551/321/660
f 553/319/662 554/320/663 555/321/664
f 554/320/663 556/322/665 555/321/664
f 557/319/666 558/321/667 559/320/668
f 560/322/669 559/320/668 558/321/667
f 561/319/670 562/320/671 563/321/672
f 562/320/671 564/322/673 563/321/672
f 565/319/674 566/320/675 567/321/676
f 566/320/675 568/322/677 567/321/676
f 569/319/678 570/321/679 571/320/680
f 572/322/681 571/320/680 570/321/679
f 573/319/682 574/320/683 575/321/684
f 574/320/683 576/322/685 575/321/684
f 577/319/686 578/320/687 579/321/688
f 578/320/687 580/322/689 579/321/688
f 581/319/690 582/321/691 583/320/692
f 584/322/693 583/320/692 582/321/691
f 585/319/694 586/320/695 587/321/696
f 586/320/695 588/322/697 587/321/696
f 589/319/698 590/320/699 591/321/700
f 590/320/699 592/322/701 591/321/700
f 593/319/702 594/321/703 595/320/704
f 596/322/705 595/320/704 594/321/703
f 597/319/706 598/320/707 599/321/708
f 598/320/707 600/322/709 599/321/708
f 601/319/710 602/320/711 603/321/712
f 602/320/711 604/322/713 603/321/712
f 605/319/714 606/321/715 607/320/716
f 608/322/717 607/320/716 606/321/715
f 609/319/718 610/320/719 611/321/720
f 610/320/719 612/322/721 611/321/720
f 613/319/722 614/320/723 615/321/724
f 614/320/723 616/322/725 615/321/724
f 617/319/726 618/321/727 619/320/728
f 620/322/729 619/320/728 618/321/727
f 621/319/730 622/320/731 623/321/732
f 622/320/731 624/322/733 623/321/732
f 625/319/734 626/320/735 627/321/736
f 626/320/735 628/322/737 627/321/736
f 629/319/738 630/321/739 631/320/740
f 632/322/741 631/320/740 630/321/739
f 633/319/742 634/320/743 635/321/744
f 634/320/743 636/322/745 635/321/744
f 637/319/746 638/320/747 639/321/748
f 638/320/747 640/322/749 639/321/748
f 641/319/750 642/321/751 643/320/752
f 644/322/753 643/320/752 642/321/751
f 645/319/754 646/320/755 647/321/756
f 646/320/755 648/322/757 647/321/756
f 649/319/758 650/320/759 651/321/760
f 650/320/759 652/322/761 651/321/760
f 653/319/762 654/321/763 655/320/764
f 656/322/765 655/320/764 654/321/763
f 657/319/766 658/320/767 659/321/768
f 658/320/767 660/322/769 659/321/768
f 661/319/770 662/320/771 663/321/772
f 662/320/771 664/322/773 663/321/772
f 665/319/774 666/321/775 667/320/776
f 668/322/777 667/320/776 666/321/775
f 669/319/778 670/320/779 671/321/780
f 670/320/779 672/322/781 671/321/780
f 673/319/782 674/320/783 675/321/784
f 674/320/783 676/322/785 675/321/784
f 677/319/786 678/321/787 679/320/788
f 680/322/789 679/320/788 678/321/787
f 681/319/790 682/320/791 683/321/792
f 682/320/791 684/322/793 683/321/792
f 685/319/794 686/320/795 687/321/796
f 686/320/795 688/322/797 687/321/796
f 689/319/798 690/321/799 691/320/800
f 692/322/801 691/320/800 690/321/799
f 693/319/802 694/320/803 695/321/804
f 694/320/803 696/322/805 695/321/804
f 697/319/806 698/320/807 699/321/808
f 698/320/807 700/322/809 699/321/808
f 701/319/810 702/321/811 703/320/812
f 704/322/813 703/320/812 702/321/811
f 705/319/814 706/320/815 707/321/816
f 706/320/815 708/322/817 707/321/816
f 709/319/818 710/320/819 711/321/820
f 710/320/819 712/322/821 711/321/820
f 713/319/822 714/321/823 715/320/824
f 716/322/825 715/320/824 714/321/823
f 717/319/826 718/320/827 719/321/828
f 718/320/827 720/322/829 719/321/828
f 721/319/830 722/320/831 723/321/832
f 722/320/831 724/322/833 723/321/832
f 725/319/834 726/321/835 727/320/836
f 728/322/837 727/320/836 726/321/835
f 729/319/838 730/320/839 731/321/840
f 730/320/839 732/322/841 731/321/840
f 733/319/842 734/320/843 735/321/844
f 734/320/843 736/322/845 735/321/844
f 737/319/846 738/321/847 739/320/848
f 740/322/849 739/320/848 738/321/847
f 741/319/850 742/320/851 743/321/852
f 742/320/851 744/322/853 743/321/852
f 745/319/854 746/320/360 747/321/855
f 746/320/360 748/322/856 747/321/855
f 749/319/857 750/321/858 751/320/859
f 752/322/860 751/320/859 750/321/858
f 753/319/861 754/320/862 755/321/863
f 754/320/862 756/322/864 755/321/863
f 757/319/865 758/320/866 759/321/867
f 758/320/866 760/322/868 759/321/867
f 761/319/869 762/321/870 763/320/871
f 764/322/872 763/320/871 762/321/870
f 765/319/873 766/320/874 767/321/875
f 766/320/874 768/322/876 767/321/875
f 769/319/877 770/320/878 771/321/879
f 770/320/878 772/322/880 771/321/879
f 773/319/881 774/321/882 775/320/883
f 776/322/884 775/320/883 774/321/882
f 777/319/885 778/320/886 779/321/887
f 778/320/886 780/322/888 779/321/887
f 781/319/889 782/320/890 783/321/891
f 782/320/890 784/322/892 783/321/891
f 785/319/893 786/321/894 787/320/895
f 788/322/896 787/320/895 786/321/894
f 789/319/897 790/320/898 791/321/899
f 790/320/898 792/322/900 791/321/899
f 793/319/901 794/320/902 795/321/903
f 794/320/902 796/322/904 795/321/903
f 797/319/905 798/321/906 799/320/907
f 800/322/908 799/320/907 798/321/906
f 801/319/909 802/320/910 803/321/911
f 802/320/910 804/322/912 803/321/911
f 805/319/913 806/320/914 807/321/915
f 806/320/914 808/322/916 807/321/915
f 809/319/917 810/321/918 811/320/919
f 812/322/920 811/320/919 810/321/918
f 813/319/921 814/320/922 815/321/923
f 814/320/922 816/322/924 815/321/923
f 817/319/925 818/320/926 819/321/927
f 818/320/926 820/322/928 819/321/927
f 821/319/929 822/321/930 823/320/931
f 824/322/932 823/320/931 822/321/930
f 825/319/933 826/320/934 827/321/935
f 826/320/934 828/322/936 827/321/935
f 829/319/937 830/320/938 831/321/939
f 830/320/938 832/322/940 831/321/939
f 833/319/941 834/321/942 835/320/943
f 836/322/944 835/320/943 834/321/942
f 837/319/945 838/320/946 839/321/947
f 838/320/946 840/322/948 839/321/947
f 841/319/949 842/320/950 843/321/951
f 842/320/950 844/322/952 843/321/951
f 845/319/953 846/321/954 847/320/955
f 848/322/956 847/320/955 846/321/954
f 849/319/957 850/320/958 851/321/959
f 850/320/958 852/322/960 851/321/959
f 853/319/961 854/320/962 855/321/963
f 854/320/962 856/322/964 855/321/963
f 857/319/965 858/321/966 859/320/967
f 860/322/968 859/320/967 858/321/966
f 861/319/969 862/320/970 863/321/971
f 862/320/970 864/322/972 863/321/971
f 865/319/973 866/320/974 867/321/975
f 866/320/974 868/322/976 867/321/975
f 869/319/977 870/321/978 871/320/979
f 872/322/980 871/320/979 870/321/978
f 873/319/981 874/320/982 875/321/983
f 874/320/982 876/322/984 875/321/983
f 877/319/985 878/320/986 879/321/987
f 878/320/986 880/322/988 879/321/987
f 881/319/989 882/321/990 883/320/991
f 884/322/992 883/320/991 882/321/990
f 885/319/993 886/320/994 887/321/995
f 886/320/994 888/322/996 887/321/995
f 889/319/997 890/320/998 891/321/999
f 890/320/998 892/322/1000 891/321/999
f 893/319/1001 894/321/1002 895/320/1003
f 896/322/1004 895/320/1003 894/321/1002
f 897/319/1005 898/320/1006 899/321/1007
f 898/320/1006 900/322/1008 899/321/1007
f 901/319/1009 902/320/1010 903/321/1011
f 902/320/1010 904/322/1012 903/321/1011
f 905/319/1013 906/321/1014 907/320/1015
f 908/322/1016 907/320/1015 906/321/1014
f 909/319/1017 910/320/1018 911/321/1019
f 910/320/1018 912/322/1020 911/321/1019
f 913/319/1021 914/320/1022 915/321/1023
f 914/320/1022 916/322/1024 915/321/1023
f 917/319/1025 918/321/1026 919/320/1027
f 920/322/1028 919/320/1027 918/321/1026
f 921/319/1029 922/320/1030 923/321/1031
f 922/320/1030 924/322/1032 923/321/1031
f 925/319/1033 926/320/1034 927/321/1035
f 926/320/1034 928/322/1036 927/321/1035
f 929/319/1037 930/321/1038 931/320/1039
f 932/322/1040 931/320/1039 930/321/1038
f 933/319/1041 934/320/1042 935/321/1043
f 934/320/1042 936/322/1044 935/321/1043
f 937/319/1045 938/320/1046 939/321/1047
f 938/320/1046 940/322/1048 939/321/1047
f 941/319/1049 942/321/1050 943/320/1051
f 944/322/1052 943/320/1051 942/321/1050
f 945/319/1053 946/320/1054 947/321/1055
f 946/320/1054 948/322/557 947/321/1055
f 949/319/1056 950/320/1057 951/321/1058
f 950/320/1057 952/322/1059 951/321/1058
f 953/319/1060 954/321/1061 955/320/1062
f 956/322/1063 955/320/1062 954/321/1061
f 957/319/1064 958/320/1065 959/321/1066
f 958/320/1065 960/322/1067 959/321/1066
f 961/319/1068 962/320/1069 963/321/1070
f 962/320/1069 964/322/1071 963/321/1070
f 965/319/1072 966/321/1073 967/320/1074
f 968/322/1075 967/320/1074 966/321/1073
f 969/319/1076 970/320/1077 971/321/1078
f 970/320/1077 972/322/1079 971/321/1078
f 973/319/1080 974/320/1081 975/321/1082
f 974/320/1081 976/322/1083 975/321/1082
f 977/319/1084 978/321/1085 979/320/1086
f 980/322/1087 979/320/1086 978/321/1085
f 981/319/1088 982/320/1089 983/321/1090
f 982/320/1089 984/322/1091 983/321/1090
f 985/319/1092 986/320/1093 987/321/1094
f 986/320/1093 988/322/1095 987/321/1094
f 989/319/1096 990/321/1097 991/320/1098
f 992/322/1099 991/320/1098 990/321/1097
f 993/319/1100 994/320/1101 995/321/1102
f 994/320/1101 996/322/1103 995/321/1102
f 997/319/1104 998/320/1105 999/321/1106
f 998/320/1105 1000/322/1107 999/321/1106
f 1001/319/1108 1002/321/1109 1003/320/1110
f 1004/322/1111 1003/320/1110 1002/321/1109
f 1005/319/1112 1006/320/1113 1007/321/1114
f 1006/320/1113 1008/322/1115 1007/321/1114
f 1009/319/1116 1010/320/1117 1011/321/1118
f 1010/320/1117 1012/322/1119 1011/321/1118
f 1013/319/1120 1014/321/1121 1015/320/1122
f 1016/322/1123 1015/320/1122 1014/321/1121
f 1017/319/1124 1018/320/1125 1019/321/1126
f 1018/320/1125 1020/322/1127 1019/321/1126
f 1021/319/1128 1022/320/1129 1023/321/1130
f 1022/320/1129 1024/322/1131 1023/321/1130
f 1025/319/1132 1026/321/1133 1027/320/1134
f 1028/322/1135 1027/320/1134 1026/321/1133
f 1029/319/1136 1030/320/1137 1031/321/1138
f 1030/320/1137 1032/322/1139 1031/321/1138
f 1033/319/1140 1034/320/1141 1035/321/1142
f 1034/320/1141 1036/322/1143 1035/321/1142
f 1037/319/1144 1038/321/1145 1039/320/1146
f 1040/322/1147 1039/320/1146 1038/321/1145
f 1041/319/1148 1042/320/1149 1043/321/1150
f 1042/320/1149 1044/322/1151 1043/321/1150
f 1045/319/1152 1046/320/1153 1047/321/1154
f 1046/320/1153 1048/322/1155 1047/321/1154
f 1049/319/1156 1050/321/1157 1051/320/1158
f 1052/322/1159 1051/320/1158 1050/321/1157
f 1053/319/1160 1054/320/1161 1055/321/1162
f 1054/320/1161 1056/322/1163 1055/321/1162
f 1057/319/1164 1058/320/1165 1059/321/1166
f 1058/320/1165 1060/322/1167 1059/321/1166
f 1061/319/1168 1062/321/1169 1063/320/1170
f 1064/322/1171 1063/320/1170 1062/321/1169
f 1065/319/1172 1066/320/1173 1067/321/1174
f 1066/320/1173 1068/322/1175 1067/321/1174
f 1069/319/1176 1070/320/1177 1071/321/1178
f 1070/320/1177 1072/322/1179 1071/321/1178
f 1073/319/1180 1074/321/1181 1075/320/1182
f 1076/322/1183 1075/320/1182 1074/321/1181
f 1077/319/1184 1078/320/1185 1079/321/1186
f 1078/320/1185 1080/322/1187 1079/321/1186
f 1081/319/1188 1082/320/1189 1083/321/1190
f 1082/320/1189 1084/322/1191 1083/321/1190
f 1085/319/1192 1086/321/1193 1087/320/1194
f 1088/322/1195 1087/320/1194 1086/321/1193
f 1089/319/1196 1090/320/1197 1091/321/1198
f 1090/320/1197 1092/322/1199 1091/321/1198
f 1093/319/1200 1094/320/1201 1095/321/1202
f 1094/320/1201 1096/322/1203 1095/321/1202
f 1097/319/1204 1098/321/1205 1099/320/1206
f 1100/322/1207 1099/320/1206 1098/321/1205
f 1101/319/1208 1102/320/1209 1103/321/1210
f 1102/320/1209 1104/322/1211 1103/321/1210
f 1105/319/1212 1106/320/1213 1107/321/1214
f 1106/320/1213 1108/322/1215 1107/321/1214
f 1109/319/1216 1110/321/1217 1111/320/1218
f 1112/322/1219 1111/320/1218 1110/321/1217
f 1113/319/1220 1114/320/1221 1115/321/1222
f 1114/320/1221 1116/322/1223 1115/321/1222
f 1117/319/1224 1118/320/1225 1119/321/1226
f 1118/320/1225 1120/322/1227 1119/321/1226
f 1121/319/1228 1122/321/1229 1123/320/1230
f 1124/322/1231 1123/320/1230 1122/321/1229
f 1125/319/1232 1126/320/1233 1127/321/1234
f 1126/320/1233 1128/322/1235 1127/321/1234
f 1129/319/1236 1130/320/1237 1131/321/1238
f 1130/320/1237 1132/322/1239 1131/321/1238
f 1133/319/1240 1134/321/1241 1135/320/1242
f 1136/322/1243 1135/320/1242 1134/321/1241
f 1137/319/1244 1138/320/1245 1139/321/1246
f 1138/320/1245 1140/322/1247 1139/321/1246
f 1141/319/1248 1142/320/1249 1143/321/1250
f 1142/320/1249 1144/322/1251 1143/321/1250
f 1145/319/1252 1146/321/1253 1147/320/1254
f 1148/322/1255 1147/320/1254 1146/321/1253
f 1149/319/1256 1150/320/1257 1151/321/1258
f 1150/320/1257 1152/322/1259 1151/321/1258
f 1153/319/1260 1154/320/1261 1155/321/1262
f 1154/320/1261 1156/322/1263 1155/321/1262
f 1157/319/1264 1158/321/1265 1159/320/1266
f 1160/322/1267 1159/320/1266 1158/321/1265
f 1161/319/1268 1162/320/1269 1163/321/1270
f 1162/320/1269 1164/322/853 1163/321/1270
f 1165/319/1271 1166/320/1272 1167/321/1273
f 1166/320/1272 1168/322/1274 1167/321/1273
f 1169/319/1275 1170/321/1276 1171/320/1277
f 1172/322/1278 1171/320/1277 1170/321/1276
f 1173/319/1279 1174/320/1280 1175/321/1281
f 1174/320/1280 1176/322/1282 1175/321/1281
f 1177/319/1283 1178/320/1284 1179/321/1285
f 1178/320/1284 1180/322/1286 1179/321/1285
f 1181/319/1287 1182/321/1288 1183/320/1289
f 1184/322/1290 1183/320/1289 1182/321/1288
f 1185/319/1291 1186/320/1292 1187/321/1293
f 1186/320/1292 1188/322/1294 1187/321/1293
f 1189/319/1295 1190/320/1296 1191/321/1297
f 1190/320/1296 1192/322/1298 1191/321/1297
f 1193/319/1299 1194/321/1300 1195/320/1301
f 1196/322/1302 1195/320/1301 1194/321/1300
f 1197/319/1303 1198/320/1304 1199/321/1305
f 1198/320/1304 1200/322/1306 1199/321/1305
f 1201/319/1307 1202/320/1308 1203/321/1309
f 1202/320/1308 1204/322/1310 1203/321/1309
f 1205/319/1311 1206/321/1312 1207/320/1313
f 1208/322/1314 1207/320/1313 1206/321/1312
f 1209/319/1315 1210/320/1316 1211/321/1317
f 1210/320/1316 1212/322/1318 1211/321/1317
f 1213/319/1319 1214/320/1320 1215/321/1321
f 1214/320/1320 1216/322/1322 1215/321/1321
f 1217/319/1323 1218/321/1324 1219/320/1325
f 1220/322/1326 1219/320/1325 1218/321/1324
f 1221/319/1327 1222/320/1328 1223/321/1329
f 1222/320/1328 1224/322/1330 1223/321/1329
f 1225/319/1331 1226/320/1332 1227/321/1333
f 1226/320/1332 1228/322/1334 1227/321/1333
f 1229/319/1335 1230/321/1336 1231/320/1337
f 1232/322/1338 1231/320/1337 1230/321/1336
f 1233/319/1339 1234/320/1340 1235/321/1341
f 1234/320/1340 1236/322/1342 1235/321/1341
f 1237/319/1343 1238/320/1344 1239/321/1345
f 1238/320/1344 1240/322/1346 1239/321/1345
f 1241/319/1347 1242/321/1348 1243/320/1349
f 1244/322/1350 1243/320/1349 1242/321/1348
f 1245/319/1351 1246/320/1352 1247/321/1353
f 1246/320/1352 1248/322/1354 1247/321/1353
f 1249/319/1355 1250/320/1356 1251/321/1357
f 1250/320/1356 1252/322/1358 1251/321/1357
f 1253/319/1359 1254/321/1360 1255/320/1361
f 1256/322/1362 1255/320/1361 1254/321/1360
f 1257/319/1363 1258/320/1364 1259/321/1365
f 1258/320/1364 1260/322/1366 1259/321/1365
f 1261/319/1367 1262/320/1368 1263/321/1369
f 1262/320/1368 1264/322/1370 1263/321/1369
f 1265/319/1371 1266/321/1372 1267/320/1373
f 1268/322/1374 1267/320/1373 1266/321/1372
f 1269/319/1375 1270/320/1376 1271/321/1377
f 1270/320/1376 1272/322/1378 1271/321/1377
f 1273/319/1379 1274/320/1380 1275/321/1381
f 1274/320/1380 1276/322/1382 1275/321/1381
f 1277/319/1383 1278/321/1384 1279/320/1385
f 1280/322/1386 1279/320/1385 1278/321/1384
f 1281/319/1387 1282/320/1388 1283/321/1389
f 1282/320/1388 1284/322/1390 1283/321/1389
f 1285/319/1391 1286/320/1392 1287/321/1393
f 1286/320/1392 1288/322/1394 1287/321/1393
f 1289/319/1395 1290/321/1396 1291/320/1397
f 1292/322/1398 1291/320/1397 1290/321/1396
f 1293/319/1399 1294/320/1400 1295/321/1401
f 1294/320/1400 1296/322/1402 1295/321/1401
f 1297/319/1403 1298/320/1404 1299/321/1405
f 1298/320/1404 1300/322/1406 1299/321/1405
f 1301/319/1407 1302/321/1408 1303/320/1409
f 1304/322/1410 1303/320/1409 1302/321/1408
f 1305/319/1411 1306/320/1412 1307/321/1413
f 1306/320/1412 1308/322/1414 1307/321/1413
f 1309/319/1415 1310/320/1416 1311/321/1417
f 1310/320/1416 1312/322/1418 1311/321/1417
f 1313/319/1419 1314/321/1420 1315/320/1421
f 1316/322/1422 1315/320/1421 1314/321/1420
f 1317/319/1423 1318/320/1424 1319/321/1425
f 1318/320/1424 1320/322/1426 1319/321/1425
f 1321/319/1427 1322/320/1428 1323/321/1429
f 1322/320/1428 1324/322/1430 1323/321/1429
f 1325/319/1431 1326/321/1432 1327/320/1433
f 1328/322/1434 1327/320/1433 1326/321/1432
f 1329/319/1435 1330/320/1436 1331/321/1437
f 1330/320/1436 1332/322/1438 1331/321/1437
f 1333/319/294 1334/320/1439 1335/321/1440
f 1334/320/1439 1336/322/1441 1335/321/1440
f 1337/319/1442 1338/321/1443 1339/320/1444
f 1340/322/1445 1339/320/1444 1338/321/1443
f 1341/319/1446 1342/320/1447 1343/321/1448
f 1342/320/1447 1344/322/1449 1343/321/1448
f 1345/319/1450 1346/320/1451 1347/321/1452
f 1346/320/1451 1348/322/1453 1347/321/1452
f 1349/319/1454 1350/321/1455 1351/320/1456
f 1352/322/1457 1351/320/1456 1350/321/1455
f 1353/319/1458 1354/320/1459 1355/321/1460
f 1354/320/1459 1356/322/1461 1355/321/1460
f 1357/319/1462 1358/320/1463 1359/321/1464
f 1358/320/1463 1360/322/1465 1359/321/1464
f 1361/319/1466 1362/321/1467 1363/320/1468
f 1364/322/1469 1363/320/1468 1362/321/1467
f 1365/319/1470 1366/320/1471 1367/321/1472
f 1366/320/1471 1368/322/1473 1367/321/1472
f 1369/319/1474 1370/320/1475 1371/321/1476
f 1370/320/1475 1372/322/1477 1371/321/1476
f 1373/319/1478 1374/321/1479 1375/320/1480
f 1376/322/1481 1375/320/1480 1374/321/1479
f 1377/319/1482 1378/320/1483 1379/321/1484
f 1378/320/1483 1380/322/1485 1379/321/1484
f 1381/319/1486 1382/320/1487 1383/321/1488
f 1382/320/1487 1384/322/1489 1383/321/1488
f 1385/319/1490 1386/321/1491 1387/320/1492
f 1388/322/1493 1387/320/1492 1386/321/1491
f 1389/319/1494 1390/320/1495 1391/321/1496
f 1390/320/1495 1392/322/1497 1391/321/1496
f 1393/319/1498 1394/320/1499 1395/321/1500
f 1394/320/1499 1396/322/1501 1395/321/1500
f 1397/319/1502 1398/321/1503 1399/320/1504
f 1400/322/1505 1399/320/1504 1398/321/1503
f 1401/319/1506 1402/320/1507 1403/321/1508
f 1402/320/1507 1404/322/1509 1403/321/1508
f 1405/319/1510 1406/320/1511 1407/321/1512
f 1406/320/1511 1408/322/1513 1407/321/1512
f 1409/319/1514 1410/321/1515 1411/320/1516
f 1412/322/1517 1411/320/1516 1410/321/1515
f 1413/319/1518 1414/320/1519 1415/321/1520
f 1414/320/1519 1416/322/1521 1415/321/1520
f 1417/319/1522 1418/320/1523 1419/321/1524
f 1418/320/1523 1420/322/1525 1419/321/1524
f 1421/319/1526 1422/321/1527 1423/320/1528
f 1424/322/1529 1423/320/1528 1422/321/1527
f 1425/319/1530 1426/320/1531 1427/321/1532
f 1426/320/1531 1428/322/1533 1427/321/1532
f 1429/319/1534 1430/320/1535 1431/321/1536
f 1430/320/1535 1432/322/1537 1431/321/1536
f 1433/319/1538 1434/321/1539 1435/320/1540
f 1436/322/1541 1435/320/1540 1434/321/1539
f 1437/319/1542 1438/320/1543 1439/321/1544
f 1438/320/1543 1440/322/1545 1439/321/1544
f 1441/319/1546 1442/320/1547 1443/321/1548
f 1442/320/1547 1444/322/1549 1443/321/1548
f 1445/319/1550 1446/321/1551 1447/320/1552
f 1448/322/1553 1447/320/1552 1446/321/1551
f 1449/319/1554 1450/320/1555 1451/321/1556
f 1450/320/1555 1452/322/1557 1451/321/1556
f 1453/319/1558 1454/320/1559 1455/321/1560
f 1454/320/1559 1456/322/1561 1455/321/1560
f 1457/319/1562 1458/321/1563 1459/320/1564
f 1460/322/1565 1459/320/1564 1458/321/1563
f 1461/319/1566 1462/320/1567 1463/321/1568
f 1462/320/1567 1464/322/1569 1463/321/1568
f 1465/319/1570 1466/320/1571 1467/321/1572
f 1466/320/1571 1468/322/1573 1467/321/1572
f 1469/319/1574 1470/321/1575 1471/320/1576
f 1472/322/1577 1471/320/1576 1470/321/1575
f 1473/319/1578 1474/320/1579 1475/321/1580
f 1474/320/1579 1476/322/1581 1475/321/1580
f 1477/319/1582 1478/320/1583 1479/321/1584
f 1478/320/1583 1480/322/1585 1479/321/1584
f 1481/319/1586 1482/321/1587 1483/320/1588
f 1484/322/1589 1483/320/1588 1482/321/1587
f 1485/319/1590 1486/320/1591 1487/321/1592
f 1486/320/1591 1488/322/1593 1487/321/1592
f 1489/319/1594 1490/320/1595 1491/321/1596
f 1490/320/1595 1492/322/1597 1491/321/1596
f 1493/319/1598 1494/321/1599 1495/320/1600
f 1496/322/1601 1495/320/1600 1494/321/1599
f 1497/319/1602 1498/320/1603 1499/321/1604
f 1498/320/1603 1500/322/1605 1499/321/1604
f 1501/319/1606 1502/320/1607 1503/321/1608
f 1502/320/1607 1504/322/1609 1503/321/1608
f 1505/319/1610 1506/321/1611 1507/320/1612
f 1508/322/1613 1507/320/1612 1506/321/1611
f 1509/319/1614 1510/320/1615 1511/321/1616
f 1510/320/1615 1512/322/1617 1511/321/1616
f 1513/319/1618 1514/320/1619 1515/321/1620
f 1514/320/1619 1516/322/1621 1515/321/1620
f 1517/319/1622 1518/321/1623 1519/320/1624
f 1520/322/1625 1519/320/1624 1518/321/1623
f 1521/319/1626 1522/320/1627 1523/321/1628
f 1522/320/1627 1524/322/1629 1523/321/1628
f 1525/319/1630 1526/320/1631 1527/321/1632
f 1526/320/1631 1528/322/1633 1527/321/1632
f 1529/319/1634 1530/321/1635 1531/320/1636
f 1532/322/1637 1531/320/1636 1530/321/1635
f 1533/319/1638 1534/320/1639 1535/321/1640
f 1534/320/1639 1536/322/1641 1535/321/1640
f 1537/319/1642 1538/320/1643 1539/321/1644
f 1538/320/1643 1540/322/1645 1539/321/1644
f 1541/319/1646 1542/321/1647 1543/320/1648
f 1544/322/1649 1543/320/1648 1542/321/1647
f 1545/319/1650 1546/320/1651 1547/321/1652
f 1546/320/1651 1548/322/1653 1547/321/1652
f 1549/319/1654 1550/320/1655 1551/321/1656
f 1550/320/1655 1552/322/1657 1551/321/1656
f 1553/319/1658 1554/321/1659 1555/320/1660
f 1556/322/1661 1555/320/1660 1554/321/1659
f 1557/319/1662 1558/320/1663 1559/321/1664
f 1558/320/1663 1560/322/1665 1559/321/1664
f 1561/319/1666 1562/320/1667 1563/321/1668
f 1562/320/1667 1564/322/1669 1563/321/1668
f 1565/319/1670 1566/321/1671 1567/320/1672
f 1568/322/1673 1567/320/1672 1566/321/1671
f 1569/319/1674 1570/320/1675 1571/321/1676
f 1570/320/1675 1572/322/1677 1571/321/1676
f 1573/319/1678 1574/320/1679 1575/321/1680
f 1574/320/1679 1576/322/1681 1575/321/1680
f 1577/319/1682 1578/321/1683 1579/320/1684
f 1580/322/1685 1579/320/1684 1578/321/1683
f 1581/319/1686 1582/320/1687 1583/321/1688
f 1582/320/1687 1584/322/1689 1583/321/1688
f 1585/319/1690 1586/320/1691 1587/321/1692
f 1586/320/1691 1588/322/1693 1587/321/1692
f 1589/319/1694 1590/321/1695 1591/320/1696
f 1592/322/1697 1591/320/1696 1590/321/1695
f 1593/319/1698 1594/320/1699 1595/321/1700
f 1594/320/1699 1596/322/1701 1595/321/1700
f 1597/319/1702 1598/320/1703 1599/321/1704
f 1598/320/1703 1600/322/1705 1599/321/1704
f 1601/319/1706 1602/321/1707 1603/320/1708
f 1604/322/1709 1603/320/1708 1602/321/1707
f 1605/319/1710 1606/320/1711 1607/321/1712
f 1606/320/1711 1608/322/1713 1607/321/1712
f 1609/319/1714 1610/320/1715 1611/321/1716
f 1610/320/1715 1612/322/1717 1611/321/1716
f 1613/319/1718 1614/321/1719 1615/320/1720
f 1616/322/1721 1615/320/1720 1614/321/1719
f 1617/319/1722 1618/320/1723 1619/321/1724
f 1618/320/1723 1620/322/1725 1619/321/1724
f 1621/319/1726 1622/320/1727 1623/321/1728
f 1622/320/1727 1624/322/1729 1623/321/1728
f 1625/319/1730 1626/321/1731 1627/320/1732
f 1628/322/1733 1627/320/1732 1626/321/1731
f 1629/319/1734 1630/320/1735 1631/321/1736
f 1630/320/1735 1632/322/1737 1631/321/1736
f 1633/319/1738 1634/320/1739 1635/321/1740
f 1634/320/1739 1636/322/1741 1635/321/1740
f 1637/319/1742 1638/321/1743 1639/320/1744
f 1640/322/1745 1639/320/1744 1638/321/1743
f 1641/319/1746 1642/320/1747 1643/321/1748
f 1642/320/1747 1644/322/1749 1643/321/1748
f 1645/319/1750 1646/320/1751 1647/321/1752
f 1646/320/1751 1648/322/1753 1647/321/1752
f 1649/319/1754 1650/321/1755 1651/320/1756
f 1652/322/1757 1651/320/1756 1650/321/1755
f 1653/319/1758 1654/320/1759 1655/321/1760
f 1654/320/1759 1656/322/1761 1655/321/1760
f 1657/319/1762 1658/320/1763 1659/321/1764
f 1658/320/1763 1660/322/1765 1659/321/1764
f 1661/319/1766 1662/321/1767 1663/320/1768
f 1664/322/1769 1663/320/1768 1662/321/1767
f 1665/319/1770 1666/320/1771 1667/321/1772
f 1666/320/1771 1668/322/1773 1667/321/1772
f 1669/319/1774 1670/320/1775 1671/321/1776
f 1670/320/1775 1672/322/1777 1671/321/1776
f 1673/319/1778 1674/321/1779 1675/320/1780
f 1676/322/1781 1675/320/1780 1674/321/1779
f 1677/319/1782 1678/320/1783 1679/321/1784
f 1678/320/1783 1680/322/1785 1679/321/1784
f 1681/319/1786 1682/320/1787 1683/321/1788
f 1682/320/1787 1684/322/1789 1683/321/1788
f 1685/319/1790 1686/321/1791 1687/320/1792
f 1688/322/1793 1687/320/1792 1686/321/1791
f 1689/319/1794 1690/320/1795 1691/321/1796
f 1690/320/1795 1692/322/1797 1691/321/1796
f 1693/319/1798 1694/320/1799 1695/321/1800
f 1694/320/1799 1696/322/1801 1695/321/1800
f 1697/319/1802 1698/321/1803 1699/320/1804
f 1700/322/1805 1699/320/1804 1698/321/1803
f 1701/319/1806 1702/320/1807 1703/321/1808
f 1702/320/1807 1704/322/1809 1703/321/1808
f 1705/319/1810 1706/320/1811 1707/321/1812
f 1706/320/1811 1708/322/1813 1707/321/1812
f 1709/319/1814 1710/321/1815 1711/320/1816
f 1712/322/1817 1711/320/1816 1710/321/1815
f 1713/319/1818 1714/320/1819 1715/321/1820
f 1714/320/1819 1716/322/1821 1715/321/1820
f 1717/319/1822 1718/320/1823 1719/321/1824
f 1718/320/1823 1720/322/1825 1719/321/1824
f 1721/319/1826 1722/321/1827 1723/320/1828
f 1724/322/1829 1723/320/1828 1722/321/1827
f 1725/319/1830 1726/320/1831 1727/321/1832
f 1726/320/1831 1728/322/1833 1727/321/1832
f 1729/319/1834 1730/320/1835 1731/321/1836
f 1730/320/1835 1732/322/1837 1731/321/1836
f 1733/319/1838 1734/321/1839 1735/320/1840
f 1736/322/1841 1735/320/1840 1734/321/1839
f 1737/319/1842 1738/320/1843 1739/321/1844
f 1738/320/1843 1740/322/1845 1739/321/1844
f 1741/319/1846 1742/320/1847 1743/321/1848
f 1742/320/1847 1744/322/1849 1743/321/1848
f 1745/319/1850 1746/321/1851 1747/320/1852
f 1748/322/1853 1747/320/1852 1746/321/1851
f 1749/319/1854 1750/320/1855 1751/321/1856
f 1750/320/1855 1752/322/1857 1751/321/1856
f 1753/319/1858 1754/320/1859 1755/321/1860
f 1754/320/1859 1756/322/1861 1755/321/1860
f 1757/319/1862 1758/321/1863 1759/320/1864
f 1760/322/1865 1759/320/1864 1758/321/1863
f 1761/319/1866 1762/320/1867 1763/321/1868
f 1762/320/1867 1764/322/1869 1763/321/1868
f 1765/319/1870 1766/320/1871 1767/321/1872
f 1766/320/1871 1768/322/1873 1767/321/1872
f 1769/319/1874 1770/321/1875 1771/320/1876
f 1772/322/1877 1771/320/1876 1770/321/1875
f 1773/319/1878 1774/320/1879 1775/321/1880
f 1774/320/1879 1776/322/1881 1775/321/1880
f 1777/319/1882 1778/320/1883 1779/321/1884
f 1778/320/1883 1780/322/1885 1779/321/1884
f 1781/319/1886 1782/321/1887 1783/320/1888
f 1784/322/1889 1783/320/1888 1782/321/1887
f 1785/319/1890 1786/320/1891 1787/321/1892
f 1786/320/1891 1788/322/1893 1787/321/1892
f 1789/319/1894 1790/320/1895 1791/321/1896
f 1790/320/1895 1792/322/1897 1791/321/1896
f 1793/319/1898 1794/321/1899 1795/320/1900
f 1796/322/1901 1795/320/1900 1794/321/1899
f 1797/319/1902 1798/320/1903 1799/321/1904
f 1798/320/1903 1800/322/1905 1799/321/1904
f 1801/319/1906 1802/320/1907 1803/321/1908
f 1802/320/1907 1804/322/1909 1803/321/1908
f 1805/319/1910 1806/321/1911 1807/320/1912
f 1808/322/1913 1807/320/1912 1806/321/1911
f 1809/319/1914 1810/320/1915 1811/321/1916
f 1810/320/1915 1812/322/1917 1811/321/1916
f 1813/319/1918 1814/320/1919 1815/321/1920
f 1814/320/1919 1816/322/1921 1815/321/1920
f 1817/319/1922 1818/321/1923 1819/320/1924
f 1820/322/1925 1819/320/1924 1818/321/1923
f 1821/319/1926 1822/320/1927 1823/321/1928
f 1822/320/1927 1824/322/1929 1823/321/1928
f 1825/319/1930 1826/320/1931 1827/321/1932
f 1826/320/1931 1828/322/1933 1827/321/1932
f 1829/319/1934 1830/321/1935 1831/320/1936
f 1832/322/1937 1831/320/1936 1830/321/1935
f 1833/319/1938 1834/320/1939 1835/321/1940
f 1834/320/1939 1836/322/1941 1835/321/1940
f 1837/319/1942 1838/320/1943 1839/321/1944
f 1838/320/1943 1840/322/1945 1839/321/1944
f 1841/319/1946 1842/321/1947 1843/320/1948
f 1844/322/1949 1843/320/1948 1842/321/1947
f 1845/319/1950 1846/320/1951 1847/321/1952
f 1846/320/1951 1848/322/1953 1847/321/1952
f 1849/319/1954 1850/320/1955 1851/321/1956
f 1850/320/1955 1852/322/1957 1851/321/1956
f 1853/319/1958 1854/321/1959 1855/320/1960
f 1856/322/1961 1855/320/1960 1854/321/1959
f 1857/319/1962 1858/320/1963 1859/321/1964
f 1858/320/1963 1860/322/1965 1859/321/1964
f 1861/319/1966 1862/320/1967 1863/321/1968
f 1862/320/1967 1864/322/1969 1863/321/1968
f 1865/319/1970 1866/321/1971 1867/320/1972
f 1868/322/1973 1867/320/1972 1866/321/1971
f 1869/319/1974 1870/320/1975 1871/321/1976
f 1870/320/1975 1872/322/1977 1871/321/1976
f 1873/319/1978 1874/320/1979 1875/321/1980
f 1874/320/1979 1876/322/1981 1875/321/1980
f 1877/319/1982 1878/321/1983 1879/320/1984
f 1880/322/1985 1879/320/1984 1878/321/1983
f 1881/319/1986 1882/320/1987 1883/321/1988
f 1882/320/1987 1884/322/1989 1883/321/1988
f 1885/319/1990 1886/320/1991 1887/321/1992
f 1886/320/1991 1888/322/1993 1887/321/1992
f 1889/319/1994 1890/321/1995 1891/320/1996
f 1892/322/1997 1891/320/1996 1890/321/1995
f 1893/319/1998 1894/320/1999 1895/321/2000
f 1894/320/1999 1896/322/2001 1895/321/2000
f 1897/319/2002 1898/320/2003 1899/321/2004
f 1898/320/2003 1900/322/2005 1899/321/2004
f 1901/319/2006 1902/321/2007 1903/320/2008
f 1904/322/2009 1903/320/2008 1902/321/2007
f 1905/319/2010 1906/320/2011 1907/321/2012
f 1906/320/2011 1908/322/2013 1907/321/2012
f 1909/319/2014 1910/320/2015 1911/321/2016
f 1910/320/2015 1912/322/2017 1911/321/2016
f 1913/319/2018 1914/321/2019 1915/320/2020
f 1916/322/2021 1915/320/2020 1914/321/2019
f 1917/319/2022 1918/320/2023 1919/321/2024
f 1918/320/2023 1920/322/2025 1919/321/2024
f 1921/319/2026 1922/320/2027 1923/321/2028
f 1922/320/2027 1924/322/2029 1923/321/2028
f 1925/319/2030 1926/321/2031 1927/320/2032
f 1928/322/2033 1927/320/2032 1926/321/2031
f 1929/319/2034 1930/320/2035 1931/321/2036
f 1930/320/2035 1932/322/2037 1931/321/2036
f 1933/319/2038 1934/320/2039 1935/321/2040
f 1934/320/2039 1936/322/2041 1935/321/2040
f 1937/319/2042 1938/321/2043 1939/320/2044
f 1940/322/2045 1939/320/2044 1938/321/2043
f 1941/319/2046 1942/320/2047 1943/321/2048
f 1942/320/2047 1944/322/2049 1943/321/2048
f 1945/319/2050 1946/320/2051 1947/321/2052
f 1946/320/2051 1948/322/2053 1947/321/2052
f 1949/319/2054 1950/321/2055 1951/320/2056
f 1952/322/2057 1951/320/2056 1950/321/2055
f 1953/319/2058 1954/320/2059 1955/321/2060
f 1954/320/2059 1956/322/2061 1955/321/2060
f 1957/319/2062 1958/320/2063 1959/321/2064
f 1958/320/2063 1960/322/2065 1959/321/2064
f 1961/319/2066 1962/321/2067 1963/320/2068
f 1964/322/2069 1963/320/2068 1962/321/2067
f 1965/319/2070 1966/320/2071 1967/321/2072
f 1966/320/2071 1968/322/2073 1967/321/2072
f 1969/319/2074 1970/320/2075 1971/321/2076
f 1970/320/2075 1972/322/2077 1971/321/2076
f 1973/319/2078 1974/321/2079 1975/320/2080
f 1976/322/2081 1975/320/2080 1974/321/2079
f 1977/319/2082 1978/320/2083 1979/321/2084
f 1978/320/2083 1980/322/2085 1979/321/2084
f 1981/319/2086 1982/320/2087 1983/321/2088
f 1982/320/2087 1984/322/2089 1983/321/2088
f 1985/319/2090 1986/321/2091 1987/320/2092
f 1988/322/2093 1987/320/2092 1986/321/2091
f 1989/319/2094 1990/320/2095 1991/321/2096
f 1990/320/2095 1992/322/2097 1991/321/2096
f 1993/319/2098 1994/320/2099 1995/321/2100
f 1994/320/2099 1996/322/2101 1995/321/2100
f 1997/319/2102 1998/321/2103 1999/320/2104
f 2000/322/2105 1999/320/2104 1998/321/2103
f 2001/319/2106 2002/320/2107 2003/321/2108
f 2002/320/2107 2004/322/2109 2003/321/2108
f 2005/319/2110 2006/320/2111 2007/321/2112
f 2006/320/2111 2008/322/2113 2007/321/2112
f 2009/319/2114 2010/321/2115 2011/320/2116
f 2012/322/2117 2011/320/2116 2010/321/2115
f 2013/319/2118 2014/320/2119 2015/321/2120
f 2014/320/2119 2016/322/2121 2015/321/2120
f 2017/319/2122 2018/320/2123 2019/321/2124
f 2018/320/2123 2020/322/2125 2019/321/2124
f 2021/319/2126 2022/321/2127 2023/320/2128
f 2024/322/2129 2023/320/2128 2022/321/2127
f 2025/319/885 2026/320/2130 2027/321/2131
f 2026/320/2130 2028/322/2132 2027/321/2131
f 2029/319/2133 2030/320/2134 2031/321/2135
f 2030/320/2134 2032/322/2136 2031/321/2135
f 2033/319/2137 2034/321/2138 2035/320/2139
f 2036/322/2140 2035/320/2139 2034/321/2138
f 2037/319/2141 2038/320/2142 2039/321/2143
f 2038/320/2142 2040/322/2144 2039/321/2143
f 2041/319/2145 2042/320/2146 2043/321/2147
f 2042/320/2146 2044/322/2148 2043/321/2147
f 2045/319/2149 2046/321/2150 2047/320/2151
f 2048/322/2152 2047/320/2151 2046/321/2150
f 2049/319/2153 2050/320/2154 2051/321/2155
f 2050/320/2154 2052/322/2156 2051/321/2155
f 2053/319/2157 2054/320/2158 2055/321/2159
f 2054/320/2158 2056/322/2160 2055/321/2159
f 2057/319/2161 2058/321/2162 2059/320/2163
f 2060/322/2164 2059/320/2163 2058/321/2162
f 2061/319/2165 2062/320/2166 2063/321/2167
f 2062/320/2166 2064/322/2168 2063/321/2167
f 2065/319/2169 2066/320/2170 2067/321/2171
f 2066/320/2170 2068/322/2172 2067/321/2171
f 2069/319/2173 2070/321/2174 2071/320/2175
f 2072/322/2176 2071/320/2175 2070/321/2174
f 2073/319/2177 2074/320/2178 2075/321/2179
f 2074/320/2178 2076/322/2180 2075/321/2179
f 2077/319/2181 2078/320/2182 2079/321/2183
f 2078/320/2182 2080/322/2184 2079/321/2183
f 2081/319/2185 2082/321/2186 2083/320/2187
f 2084/322/2188 2083/320/2187 2082/321/2186
f 2085/319/2189 2086/320/2190 2087/321/2191
f 2086/320/2190 2088/322/2192 2087/321/2191
f 2089/319/2193 2090/320/2194 2091/321/2195
f 2090/320/2194 2092/322/2196 2091/321/2195
f 2093/319/2197 2094/321/2198 2095/320/2199
f 2096/322/2200 2095/320/2199 2094/321/2198
f 2097/319/2201 2098/320/2202 2099/321/2203
f 2098/320/2202 2100/322/2204 2099/321/2203
f 2101/319/2205 2102/320/2206 2103/321/2207
f 2102/320/2206 2104/322/2208 2103/321/2207
f 2105/319/2209 2106/321/2210 2107/320/2211
f 2108/322/195 2107/320/2211 2106/321/2210
f 2109/319/2212 2110/320/2213 2111/321/2214
f 2110/320/2213 2112/322/2215 2111/321/2214
f 2113/319/2216 2114/320/2217 2115/321/2218
f 2114/320/2217 2116/322/2219 2115/321/2218
f 2117/319/2220 2118/321/2221 2119/320/2222
f 2120/322/2223 2119/320/2222 2118/321/2221
f 2121/319/2224 2122/320/2225 2123/321/2226
f 2122/320/2225 2124/322/2227 2123/321/2226
f 2125/319/2228 2126/320/2229 2127/321/2230
f 2126/320/2229 2128/322/2231 2127/321/2230
f 2129/319/2232 2130/321/2233 2131/320/2234
f 2132/322/2235 2131/320/2234 2130/321/2233
f 2133/319/2236 2134/320/2237 2135/321/2238
f 2134/320/2237 2136/322/2239 2135/321/2238
f 2137/319/2240 2138/320/2241 2139/321/2242
f 2138/320/2241 2140/322/2243 2139/321/2242
f 2141/319/2244 2142/321/2245 2143/320/2246
f 2144/322/2247 2143/320/2246 2142/321/2245
f 2145/319/2248 2146/320/2249 2147/321/2250
f 2146/320/2249 2148/322/2251 2147/321/2250
f 2149/319/2252 2150/320/2253 2151/321/2254
f 2150/320/2253 2152/322/2255 2151/321/2254
f 2153/319/2256 2154/321/2257 2155/320/2258
f 2156/322/2259 2155/320/2258 2154/321/2257
f 2157/319/2260 2158/320/2261 2159/321/2262
f 2158/320/2261 2160/322/2263 2159/321/2262
f 2161/319/2264 2162/320/2265 2163/321/2266
f 2162/320/2265 2164/322/2267 2163/321/2266
f 2165/319/2268 2166/321/2269 2167/320/2270
f 2168/322/2271 2167/320/2270 2166/321/2269
f 2169/319/2272 2170/320/2273 2171/321/2274
f 2170/320/2273 2172/322/2275 2171/321/2274
f 2173/319/2276 2174/320/2277 2175/321/2278
f 2174/320/2277 2176/322/2279 2175/321/2278
f 2177/319/2280 2178/321/2281 2179/320/2282
f 2180/322/2283 2179/320/2282 2178/321/2281
f 2181/319/2284 2182/320/2285 2183/321/2286
f 2182/320/2285 2184/322/2287 2183/321/2286
f 2185/319/2288 2186/320/2289 2187/321/2290
f 2186/320/2289 2188/322/2291 2187/321/2290
f 2189/319/2292 2190/321/2293 2191/320/2294
f 2192/322/2295 2191/320/2294 2190/321/2293
f 2193/319/2296 2194/320/2297 2195/321/2298
f 2194/320/2297 2196/322/2299 2195/321/2298
f 2197/319/2300 2198/320/2301 2199/321/2302
f 2198/320/2301 2200/322/2303 2199/321/2302
f 2201/319/2304 2202/321/2305 2203/320/2306
f 2204/322/2307 2203/320/2306 2202/321/2305
f 2205/319/2308 2206/320/2309 2207/321/2310
f 2206/320/2309 2208/322/2311 2207/321/2310
f 2209/319/2312 2210/320/2313 2211/321/2314
f 2210/320/2313 2212/322/2315 2211/321/2314
f 2213/319/2316 2214/321/2317 2215/320/2318
f 2216/322/2319 2215/320/2318 2214/321/2317
f 2217/319/2320 2218/320/2321 2219/321/2322
f 2218/320/2321 2220/322/2323 2219/321/2322
f 2221/319/2324 2222/320/2325 2223/321/2326
f 2222/320/2325 2224/322/2327 2223/321/2326
f 2225/319/2328 2226/321/2329 2227/320/2330
f 2228/322/2331 2227/320/2330 2226/321/2329
f 2229/319/2332 2230/320/2333 2231/321/2334
f 2230/320/2333 2232/322/2335 2231/321/2334
f 2233/319/2336 2234/320/2337 2235/321/2338
f 2234/320/2337 2236/322/2339 2235/321/2338
f 2237/319/2340 2238/321/2341 2239/320/2342
f 2240/322/2343 2239/320/2342 2238/321/2341
f 2241/319/2344 2242/320/2345 2243/321/2346
f 2242/320/2345 2244/322/2347 2243/321/2346
f 2245/319/2348 2246/320/2349 2247/321/2350
f 2246/320/2349 2248/322/2351 2247/321/2350
f 2249/319/2352 2250/321/2353 2251/320/2354
f 2252/322/2355 2251/320/2354 2250/321/2353
f 2253/319/2356 2254/320/2357 2255/321/2358
f 2254/320/2357 2256/322/2359 2255/321/2358
f 2257/319/2360 2258/320/2361 2259/321/2362
f 2258/320/2361 2260/322/2363 2259/321/2362
f 2261/319/2364 2262/321/2365 2263/320/2366
f 2264/322/2367 2263/320/2366 2262/321/2365
f 2265/319/2368 2266/320/2369 2267/321/2370
f 2266/320/2369 2268/322/2371 2267/321/2370
f 2269/319/2372 2270/320/2373 2271/321/2374
f 2270/320/2373 2272/322/2375 2271/321/2374
f 2273/319/2376 2274/321/2377 2275/320/2378
f 2276/322/2379 2275/320/2378 2274/321/2377
f 2277/319/2380 2278/320/2381 2279/321/2382
f 2278/320/2381 2280/322/2383 2279/321/2382
f 2281/319/2384 2282/320/2385 2283/321/2386
f 2282/320/2385 2284/322/2387 2283/321/2386
f 2285/319/2388 2286/321/2389 2287/320/2390
f 2288/322/2391 2287/320/2390 2286/321/2389
f 2289/319/2392 2290/320/2393 2291/321/2394
f 2290/320/2393 2292/322/2395 2291/321/2394
f 2293/319/2396 2294/320/2397 2295/321/2398
f 2294/320/2397 2296/322/2399 2295/321/2398
f 2297/319/2400 2298/321/2401 2299/320/2402
f 2300/322/2403 2299/320/2402 2298/321/2401
f 2301/319/2404 2302/320/2405 2303/321/2406
f 2302/320/2405 2304/322/2407 2303/321/2406
f 2305/319/2408 2306/320/2409 2307/321/2410
f 2306/320/2409 2308/322/2411 2307/321/2410
f 2309/319/2412 2310/321/2413 2311/320/2414
f 2312/322/2415 2311/320/2414 2310/321/2413
f 2313/319/2416 2314/320/2417 2315/321/2418
f 2314/320/2417 2316/322/2419 2315/321/2418
f 2317/319/2420 2318/320/2421 2319/321/2422
f 2318/320/2421 2320/322/2423 2319/321/2422
f 2321/319/2424 2322/321/2425 2323/320/2426
f 2324/322/2427 2323/320/2426 2322/321/2425
f 2325/319/2428 2326/320/2429 2327/321/2430
f 2326/320/2429 2328/322/2431 2327/321/2430
f 2329/319/2432 2330/320/2433 2331/321/2434
f 2330/320/2433 2332/322/2435 2331/321/2434
f 2333/319/2436 2334/321/2437 2335/320/2438
f 2336/322/2439 2335/320/2438 2334/321/2437
f 2337/319/2440 2338/320/2441 2339/321/2442
f 2338/320/2441 2340/322/2443 2339/321/2442
f 2341/319/2444 2342/320/2445 2343/321/2446
f 2342/320/2445 2344/322/2447 2343/321/2446
f 2345/319/2448 2346/321/2449 2347/320/2450
f 2348/322/2451 2347/320/2450 2346/321/2449
f 2349/319/2452 2350/320/2453 2351/321/2454
f 2350/320/2453 2352/322/2455 2351/321/2454
f 2353/319/2456 2354/320/2457 2355/321/2458
f 2354/320/2457 2356/322/2459 2355/321/2458
f 2357/319/2460 2358/321/2461 2359/320/2462
f 2360/322/2463 2359/320/2462 2358/321/2461
f 2361/319/2464 2362/320/2465 2363/321/2466
f 2362/320/2465 2364/322/2467 2363/321/2466
f 2365/319/2468 2366/320/2469 2367/321/2470
f 2366/320/2469 2368/322/2471 2367/321/2470
f 2369/319/2472 2370/321/2473 2371/320/2474
f 2372/322/2475 2371/320/2474 2370/321/2473
f 2373/319/2476 2374/320/2477 2375/321/2478
f 2374/320/2477 2376/322/2479 2375/321/2478
f 2377/319/2480 2378/320/2481 2379/321/2482
f 2378/320/2481 2380/322/2483 2379/321/2482
f 2381/319/2484 2382/321/2485 2383/320/2486
f 2384/322/2487 2383/320/2486 2382/321/2485
f 2385/319/2488 2386/320/2489 2387/321/2490
f 2386/320/2489 2388/322/2491 2387/321/2490
f 2389/319/2492 2390/320/2493 2391/321/2494
f 2390/320/2493 2392/322/2495 2391/321/2494
f 2393/319/2496 2394/321/2497 2395/320/2498
f 2396/322/2499 2395/320/2498 2394/321/2497
f 2397/319/2500 2398/320/2501 2399/321/2502
f 2398/320/2501 2400/322/2503 2399/321/2502
f 2401/319/2504 2402/320/2505 2403/321/2506
f 2402/320/2505 2404/322/2507 2403/321/2506
f 2405/319/2508 2406/321/2509 2407/320/2510
f 2408/322/2511 2407/320/2510 2406/321/2509
f 2409/319/2512 2410/320/2513 2411/321/2514
f 2410/320/2513 2412/322/2515 2411/321/2514
f 2413/319/2516 2414/320/2517 2415/321/2518
f 2414/320/2517 2416/322/2519 2415/321/2518
f 2417/319/2520 2418/321/2521 2419/320/2522
f 2420/322/2523 2419/320/2522 2418/321/2521
f 2421/319/2524 2422/320/2525 2423/321/2526
f 2422/320/2525 2424/322/2527 2423/321/2526
f 2425/319/2528 2426/320/2529 2427/321/2530
f 2426/320/2529 2428/322/2531 2427/321/2530
f 2429/319/2532 2430/321/2533 2431/320/2534
f 2432/322/2535 2431/320/2534 2430/321/2533
f 2433/319/2536 2434/320/2537 2435/321/2538
f 2434/320/2537 2436/322/2539 2435/321/2538
f 2437/319/2540 2438/320/2541 2439/321/2542
f 2438/320/2541 2440/322/2543 2439/321/2542
f 2441/319/2544 2442/321/2545 2443/320/2546
f 2444/322/2547 2443/320/2546 2442/321/2545
f 2445/319/2548 2446/320/2549 2447/321/2550
f 2446/320/2549 2448/322/2551 2447/321/2550
f 2449/319/2552 2450/320/2553 2451/321/2554
f 2450/320/2553 2452/322/2555 2451/321/2554
f 2453/319/2556 2454/321/2557 2455/320/2558
f 2456/322/2559 2455/320/2558 2454/321/2557
f 2457/319/2560 2458/320/2561 2459/321/2562
f 2458/320/2561 2460/322/2563 2459/321/2562
f 2461/319/2564 2462/320/2565 2463/321/2566
f 2462/320/2565 2464/322/2567 2463/321/2566
f 2465/319/2568 2466/321/2569 2467/320/2570
f 2468/322/2571 2467/320/2570 2466/321/2569
f 2469/319/2572 2470/320/2573 2471/321/2574
f 2470/320/2573 2472/322/2575 2471/321/2574
f 2473/319/2576 2474/320/2577 2475/321/2578
f 2474/320/2577 2476/322/2579 2475/321/2578
f 2477/319/2580 2478/321/2581 2479/320/2582
f 2480/322/2583 2479/320/2582 2478/321/2581
f 2481/319/2584 2482/320/1304 2483/321/2585
f 2482/320/1304 2484/322/2586 2483/321/2585
f 2485/319/2587 2486/320/2588 2487/321/2589
f 2486/320/2588 2488/322/2590 2487/321/2589
f 2489/319/2591 2490/321/2592 2491/320/2593
f 2492/322/2594 2491/320/2593 2490/321/2592
f 2493/319/2595 2494/320/2596 2495/321/2597
f 2494/320/2596 2496/322/2598 2495/321/2597
f 2497/319/2599 2498/320/2600 2499/321/2601
f 2498/320/2600 2500/322/2602 2499/321/2601
f 2501/319/2603 2502/321/2604 2503/320/2605
f 2504/322/2606 2503/320/2605 2502/321/2604
f 2505/319/2607 2506/320/2608 2507/321/2609
f 2506/320/2608 2508/322/2610 2507/321/2609
f 2509/319/2611 2510/320/2612 2511/321/2613
f 2510/320/2612 2512/322/2614 2511/321/2613
f 2513/319/2615 2514/321/2616 2515/320/2617
f 2516/322/2618 2515/320/2617 2514/321/2616
f 2517/319/2619 2518/320/2620 2519/321/2621
f 2518/320/2620 2520/322/2622 2519/321/2621
f 2521/319/2623 2522/320/2624 2523/321/2625
f 2522/320/2624 2524/322/2626 2523/321/2625
f 2525/319/2627 2526/321/2628 2527/320/2629
f 2528/322/2630 2527/320/2629 2526/321/2628
f 2529/319/2631 2530/320/2632 2531/321/2633
f 2530/320/2632 2532/322/2634 2531/321/2633
f 2533/319/2635 2534/320/2636 2535/321/95
f 2534/320/2636 2536/322/2637 2535/321/95
f 2537/319/2638 2538/321/2639 2539/320/2640
f 2540/322/2641 2539/320/2640 2538/321/2639
f 2541/319/2642 2542/320/2643 2543/321/2644
f 2542/320/2643 2544/322/2645 2543/321/2644
f 2545/319/2646 2546/320/2647 2547/321/2648
f 2546/320/2647 2548/322/2649 2547/321/2648
f 2549/319/2650 2550/321/2651 2551/320/2652
f 2552/322/2653 2551/320/2652 2550/321/2651
f 2553/319/2654 2554/320/2655 2555/321/2656
f 2554/320/2655 2556/322/2657 2555/321/2656
f 2557/319/2658 2558/320/2659 2559/321/2660
f 2558/320/2659 2560/322/2661 2559/321/2660
f 2561/319/2662 2562/321/2663 2563/320/2664
f 2564/322/2665 2563/320/2664 2562/321/2663
f 2565/319/2666 2566/320/2667 2567/321/2668
f 2566/320/2667 2568/322/2669 2567/321/2668
f 2569/319/2670 2570/320/2671 2571/321/2672
f 2570/320/2671 2572/322/2673 2571/321/2672
f 2573/319/2674 2574/321/2675 2575/320/2676
f 2576/322/2677 2575/320/2676 2574/321/2675
f 2577/319/2678 2578/320/2679 2579/321/2680
f 2578/320/2679 2580/322/2681 2579/321/2680
f 2581/319/2682 2582/320/2683 2583/321/2684
f 2582/320/2683 2584/322/2685 2583/321/2684
f 2585/319/2686 2586/321/2687 2587/320/2688
f 2588/322/2689 2587/320/2688 2586/321/2687
f 2589/319/2690 2590/320/2691 2591/321/2692
f 2590/320/2691 2592/322/2693 2591/321/2692
f 2593/319/2694 2594/320/2695 2595/321/2696
f 2594/320/2695 2596/322/2697 2595/321/2696
f 2597/319/2698 2598/321/2699 2599/320/2700
f 2600/322/2701 2599/320/2700 2598/321/2699
f 2601/319/2702 2602/320/2703 2603/321/2704
f 2602/320/2703 2604/322/2705 2603/321/2704
f 2605/319/2706 2606/320/2707 2607/321/2708
f 2606/320/2707 2608/322/2709 2607/321/2708
f 2609/319/2710 2610/321/2711 2611/320/2712
f 2612/322/2713 2611/320/2712 2610/321/2711
f 2613/319/2714 2614/320/2715 2615/321/2716
f 2614/320/2715 2616/322/2717 2615/321/2716
f 2617/319/2718 2618/320/2719 2619/321/2720
f 2618/320/2719 2620/322/2721 2619/321/2720
f 2621/319/2722 2622/321/2723 2623/320/2724
f 2624/322/2725 2623/320/2724 2622/321/2723
f 2625/319/2726 2626/320/2727 2627/321/2728
f 2626/320/2727 2628/322/2729 2627/321/2728
f 2629/319/2730 2630/320/2731 2631/321/2732
f 2630/320/2731 2632/322/2733 2631/321/2732
f 2633/319/2734 2634/321/2735 2635/320/2736
f 2636/322/2737 2635/320/2736 2634/321/2735
f 2637/319/2738 2638/320/2739 2639/321/2740
f 2638/320/2739 2640/322/2741 2639/321/2740
f 2641/319/2742 2642/320/2743 2643/321/2744
f 2642/320/2743 2644/322/2745 2643/321/2744
f 2645/319/2746 2646/321/2747 2647/320/2748
f 2648/322/2749 2647/320/2748 2646/321/2747
f 2649/319/2750 2650/320/2751 2651/321/2752
f 2650/320/2751 2652/322/2753 2651/321/2752
f 2653/319/2754 2654/320/2755 2655/321/2756
f 2654/320/2755 2656/322/2757 2655/321/2756
f 2657/319/2758 2658/321/2759 2659/320/2760
f 2660/322/2761 2659/320/2760 2658/321/2759
f 2661/319/2762 2662/320/2763 2663/321/2764
f 2662/320/2763 2664/322/2765 2663/321/2764
f 2665/319/2766 2666/320/2767 2667/321/2768
f 2666/320/2767 2668/322/2769 2667/321/2768
f 2669/319/2770 2670/321/2771 2671/320/2572
f 2672/322/2772 2671/320/2572 2670/321/2771
f 2673/319/2773 2674/320/2774 2675/321/2775
f 2674/320/2774 2676/322/2776 2675/321/2775
f 2677/319/2777 2678/320/2778 2679/321/2779
f 2678/320/2778 2680/322/2780 2679/321/2779
f 2681/319/2781 2682/321/2782 2683/320/2783
f 2684/322/2784 2683/320/2783 2682/321/2782
f 2685/319/2785 2686/320/2786 2687/321/2787
f 2686/320/2786 2688/322/2788 2687/321/2787
f 2689/319/2789 2690/320/2790 2691/321/2791
f 2690/320/2790 2692/322/2792 2691/321/2791
f 2693/319/2793 2694/321/2794 2695/320/2795
f 2696/322/2796 2695/320/2795 2694/321/2794
f 2697/319/2797 2698/320/2798 2699/321/2799
f 2698/320/2798 2700/322/2800 2699/321/2799
f 2701/319/2801 2702/320/2802 2703/321/2803
f 2702/320/2802 2704/322/2804 2703/321/2803
f 2705/319/2805 2706/321/2806 2707/320/2807
f 2708/322/2808 2707/320/2807 2706/321/2806
f 2709/319/2809 2710/320/2810 2711/321/2811
f 2710/320/2810 2712/322/2812 2711/321/2811
f 2713/319/2813 2714/320/2814 2715/321/2815
f 2714/320/2814 2716/322/2816 2715/321/2815
f 2717/319/2817 2718/321/2818 2719/320/2819
f 2720/322/2820 2719/320/2819 2718/321/2818
f 2721/319/2821 2722/320/2822 2723/321/223
f 2722/320/2822 2724/322/2823 2723/321/223
f 2725/319/2824 2726/320/2825 2727/321/2826
f 2726/320/2825 2728/322/2827 2727/321/2826
f 2729/319/2828 2730/321/2829 2731/320/2830
f 2732/322/2831 2731/320/2830 2730/321/2829
f 2733/319/2832 2734/320/2833 2735/321/2834
f 2734/320/2833 2736/322/2835 2735/321/2834
f 2737/319/2836 2738/320/2837 2739/321/2838
f 2738/320/2837 2740/322/2839 2739/321/2838
f 2741/319/2840 2742/321/2841 2743/320/2842
f 2744/322/2843 2743/320/2842 2742/321/2841
f 2745/319/2844 2746/320/2845 2747/321/2846
f 2746/320/2845 2748/322/2847 2747/321/2846
f 2749/319/2848 2750/320/2849 2751/321/2850
f 2750/320/2849 2752/322/2851 2751/321/2850
f 2753/319/2852 2754/321/2853 2755/320/2854
f 2756/322/2855 2755/320/2854 2754/321/2853
f 2757/319/2856 2758/320/2857 2759/321/2858
f 2758/320/2857 2760/322/2859 2759/321/2858
f 2761/319/2860 2762/320/2861 2763/321/2862
f 2762/320/2861 2764/322/2863 2763/321/2862
f 2765/319/2864 2766/321/2865 2767/320/2866
f 2768/322/2867 2767/320/2866 2766/321/2865
f 2769/319/2868 2770/320/2869 2771/321/2870
f 2770/320/2869 2772/322/2871 2771/321/2870
f 2773/319/2872 2774/320/2873 2775/321/2874
f 2774/320/2873 2776/322/2875 2775/321/2874
f 2777/319/2876 2778/321/2877 2779/320/2878
f 2780/322/2879 2779/320/2878 2778/321/2877
f 2781/319/2880 2782/320/2881 2783/321/2882
f 2782/320/2881 2784/322/2883 2783/321/2882
f 2785/319/2884 2786/320/2885 2787/321/2886
f 2786/320/2885 2788/322/2887 2787/321/2886
f 2789/319/2888 2790/321/2889 2791/320/2890
f 2792/322/2891 2791/320/2890 2790/321/2889
f 2793/319/2892 2794/320/2893 2795/321/2894
f 2794/320/2893 2796/322/2895 2795/321/2894
f 2797/319/2896 2798/320/2897 2799/321/2898
f 2798/320/2897 2800/322/2899 2799/321/2898
f 2801/319/2900 2802/321/2901 2803/320/2902
f 2804/322/2903 2803/320/2902 2802/321/2901
f 2805/319/2867 2806/320/2904 2807/321/2905
f 2806/320/2904 2808/322/2906 2807/321/2905
f 2809/319/2907 2810/320/2908 2811/321/2909
f 2810/320/2908 2812/322/2910 2811/321/2909
f 2813/319/2911 2814/321/2912 2815/320/2913
f 2816/322/2914 2815/320/2913 2814/321/2912
f 2817/319/2915 2818/320/2916 2819/321/2917
f 2818/320/2916 2820/322/2918 2819/321/2917
f 2821/319/2919 2822/320/2920 2823/321/2921
f 2822/320/2920 2824/322/2922 2823/321/2921
f 2825/319/2923 2826/321/2924 2827/320/2925
f 2828/322/2926 2827/320/2925 2826/321/2924
f 2829/319/2927 2830/320/2928 2831/321/2929
f 2830/320/2928 2832/322/2930 2831/321/2929
f 2833/319/2931 2834/320/2932 2835/321/2933
f 2834/320/2932 2836/322/2934 2835/321/2933
f 2837/319/2935 2838/321/2936 2839/320/2937
f 2840/322/2938 2839/320/2937 2838/321/2936
f 2841/319/2939 2842/320/2940 2843/321/2941
f 2842/320/2940 2844/322/2942 2843/321/2941
f 2845/319/2943 2846/320/2944 2847/321/2945
f 2846/320/2944 2848/322/2946 2847/321/2945
f 2849/319/2947 2850/321/2948 2851/320/2949
f 2852/322/2950 2851/320/2949 2850/321/2948
f 2853/319/2951 2854/320/2952 2855/321/2953
f 2854/320/2952 2856/322/2954 2855/321/2953
f 2857/319/2955 2858/320/2956 2859/321/2957
f 2858/320/2956 2860/322/2958 2859/321/2957
f 2861/319/2959 2862/321/2960 2863/320/2961
f 2864/322/2962 2863/320/2961 2862/321/2960
f 2865/319/2963 2866/320/2964 2867/321/2965
f 2866/320/2964 2868/322/2966 2867/321/2965
f 2869/319/2967 2870/320/2968 2871/321/2969
f 2870/320/2968 2872/322/2970 2871/321/2969
f 2873/319/2971 2874/321/2972 2875/320/2973
f 2876/322/2974 2875/320/2973 2874/321/2972
f 2877/319/2975 2878/320/2976 2879/321/2977
f 2878/320/2976 2880/322/2978 2879/321/2977
f 2881/319/2979 2882/320/2980 2883/321/2981
f 2882/320/2980 2884/322/2982 2883/321/2981
f 2885/319/2983 2886/321/2984 2887/320/2985
f 2888/322/2986 2887/320/2985 2886/321/2984
